datetime,open,high,low,close,vol,amount,float_shares
2024-12-23,0.3970000147819519,0.4000000059604645,0.3930000066757202,0.3930000066757202,107498000.0,107056448.0,654103.375
2024-12-24,0.3930000066757202,0.39800000190734863,0.3930000066757202,0.39800000190734863,18761000.0,18547464.0,654103.375
2024-12-25,0.39800000190734863,0.39800000190734863,0.39100000262260437,0.3919999897480011,9386000.0,9214756.0,654103.375
2024-12-26,0.39399999380111694,0.4000000059604645,0.3919999897480011,0.4000000059604645,18045800.0,17970324.0,654103.375
2024-12-27,0.39500001072883606,0.4020000100135803,0.39500001072883606,0.39899998903274536,14879700.0,14901033.0,654103.375
2024-12-30,0.39899998903274536,0.4009999930858612,0.39500001072883606,0.3959999978542328,3630900.0,3610078.0,654103.375
2024-12-31,0.39399999380111694,0.39800000190734863,0.3869999945163727,0.3869999945163727,6257400.0,6105682.0,654103.375
2025-01-02,0.38600000739097595,0.38600000739097595,0.37400001287460327,0.37700000405311584,5230800.0,4990536.0,654103.375
2025-01-03,0.3799999952316284,0.38100001215934753,0.3709999918937683,0.3720000088214874,7735100.0,7289723.0,654103.375
2025-01-06,0.37299999594688416,0.3779999911785126,0.3720000088214874,0.375,6907800.0,6458219.0,654103.375
2025-01-07,0.375,0.3799999952316284,0.3709999918937683,0.3799999952316284,2946700.0,2776212.0,654103.375
2025-01-08,0.3799999952316284,0.38199999928474426,0.3700000047683716,0.3790000081062317,4523800.0,4251502.0,654103.375
2025-01-09,0.3790000081062317,0.3799999952316284,0.37599998712539673,0.37700000405311584,3110800.0,2936421.0,654103.375
2025-01-10,0.37400001287460327,0.37599998712539673,0.3700000047683716,0.3700000047683716,5368200.0,5006450.0,654103.375
2025-01-13,0.3700000047683716,0.3720000088214874,0.3659999966621399,0.36800000071525574,3041300.0,2806777.0,654103.375
2025-01-14,0.36899998784065247,0.3799999952316284,0.3659999966621399,0.3799999952316284,3960100.0,3714125.0,654103.375
2025-01-15,0.3799999952316284,0.38199999928474426,0.375,0.37599998712539673,2022500.0,1902030.0,654103.375
2025-01-16,0.3799999952316284,0.382999986410141,0.37700000405311584,0.38100001215934753,6238900.0,5930030.0,654103.375
2025-01-17,0.3799999952316284,0.38499999046325684,0.3799999952316284,0.38199999928474426,4599500.0,4403299.0,654103.375
2025-01-20,0.3840000033378601,0.3919999897480011,0.3840000033378601,0.3889999985694885,4531200.0,4412936.0,654103.375
2025-01-21,0.39100000262260437,0.39399999380111694,0.38999998569488525,0.39399999380111694,4941900.0,4847577.0,654103.375
2025-01-22,0.3959999978542328,0.3970000147819519,0.3919999897480011,0.3959999978542328,7464900.0,7375415.0,654103.375
2025-01-23,0.3919999897480011,0.4000000059604645,0.39100000262260437,0.3919999897480011,7015100.0,6915524.0,654103.375
2025-01-24,0.39500001072883606,0.4000000059604645,0.3919999897480011,0.39800000190734863,6377100.0,6354344.0,654103.375
2025-01-27,0.3959999978542328,0.39800000190734863,0.3919999897480011,0.3919999897480011,3991300.0,3929238.0,654103.375
2025-02-05,0.3959999978542328,0.3959999978542328,0.37700000405311584,0.3790000081062317,6668500.0,6329827.0,654103.375
2025-02-06,0.38199999928474426,0.38499999046325684,0.3790000081062317,0.3840000033378601,5278200.0,5050032.0,654103.375
2025-02-07,0.3840000033378601,0.39500001072883606,0.3840000033378601,0.39100000262260437,9431100.0,9224738.0,654103.375
2025-02-10,0.4000000059604645,0.4000000059604645,0.3880000114440918,0.38999998569488525,3516300.0,3426758.0,654103.375
2025-02-11,0.38999998569488525,0.39100000262260437,0.3880000114440918,0.38999998569488525,2013100.0,1962443.0,654103.375
2025-02-12,0.39100000262260437,0.3930000066757202,0.3880000114440918,0.3919999897480011,2225400.0,2170930.0,654103.375
2025-02-13,0.3930000066757202,0.3930000066757202,0.3869999945163727,0.3869999945163727,4203500.0,4091075.0,654103.375
2025-02-14,0.3869999945163727,0.3919999897480011,0.3869999945163727,0.38999998569488525,2489600.0,2425162.0,654103.375
2025-02-17,0.38999998569488525,0.3959999978542328,0.37700000405311584,0.39399999380111694,7769100.0,7637083.0,654103.375
2025-02-18,0.39500001072883606,0.39800000190734863,0.38999998569488525,0.39100000262260437,4603400.0,4539450.0,654103.375
2025-02-19,0.38999998569488525,0.39399999380111694,0.3889999985694885,0.39399999380111694,6792800.0,6666011.0,654103.375
2025-02-20,0.39399999380111694,0.39399999380111694,0.3889999985694885,0.39100000262260437,1730900.0,1691127.0,654103.375
2025-02-21,0.39399999380111694,0.4000000059604645,0.39399999380111694,0.3959999978542328,12149800.0,12098287.0,654103.375
2025-02-24,0.3959999978542328,0.3970000147819519,0.3919999897480011,0.39399999380111694,4166200.0,4107942.0,654103.375
2025-02-25,0.3919999897480011,0.3930000066757202,0.3869999945163727,0.3880000114440918,3873600.0,3771852.0,654103.375
2025-02-26,0.38999998569488525,0.3930000066757202,0.3880000114440918,0.3919999897480011,3059600.0,2993630.0,654103.375
2025-02-27,0.3919999897480011,0.3930000066757202,0.38499999046325684,0.3880000114440918,3873300.0,3762834.0,654103.375
2025-02-28,0.3880000114440918,0.3880000114440918,0.3790000081062317,0.3799999952316284,3648700.0,3487207.0,654103.375
2025-03-03,0.38199999928474426,0.3840000033378601,0.3779999911785126,0.3790000081062317,4352300.0,4139748.0,654103.375
2025-03-04,0.3799999952316284,0.38199999928474426,0.3790000081062317,0.38199999928474426,1672700.0,1592062.0,654103.375
2025-03-05,0.38199999928474426,0.3840000033378601,0.3799999952316284,0.3840000033378601,1087500.0,1037188.0,654103.375
2025-03-06,0.38499999046325684,0.3889999985694885,0.38199999928474426,0.3889999985694885,4847700.0,4706955.0,654103.375
2025-03-07,0.3889999985694885,0.3889999985694885,0.38499999046325684,0.38600000739097595,2927400.0,2822626.0,654103.375
2025-03-10,0.38499999046325684,0.3869999945163727,0.38199999928474426,0.38600000739097595,2265700.0,2173685.0,654103.375
2025-03-11,0.38600000739097595,0.38600000739097595,0.3799999952316284,0.38600000739097595,647300.0,621166.0,654103.375
2025-03-12,0.3869999945163727,0.39100000262260437,0.38600000739097595,0.3889999985694885,2788700.0,2714273.0,654103.375
2025-03-13,0.38999998569488525,0.39100000262260437,0.38600000739097595,0.3880000114440918,3610900.0,3499979.0,654103.375
2025-03-14,0.3869999945163727,0.39399999380111694,0.3869999945163727,0.39399999380111694,4226200.0,4152683.0,654103.375
2025-03-17,0.3930000066757202,0.3970000147819519,0.3930000066757202,0.39399999380111694,1490600.0,1470886.0,654103.375
2025-03-18,0.39500001072883606,0.39899998903274536,0.3930000066757202,0.39899998903274536,6622800.0,6580593.0,654103.375
2025-03-19,0.3959999978542328,0.3970000147819519,0.39399999380111694,0.3959999978542328,2403300.0,2379478.0,654103.375
2025-03-20,0.39399999380111694,0.39800000190734863,0.39399999380111694,0.39500001072883606,3085700.0,3055358.0,654103.375
2025-03-21,0.39500001072883606,0.4000000059604645,0.39100000262260437,0.3919999897480011,2250800.0,2212139.0,654103.375
2025-03-24,0.3919999897480011,0.3959999978542328,0.38999998569488525,0.39500001072883606,4080400.0,4006982.0,654103.375
2025-03-25,0.39399999380111694,0.4000000059604645,0.3930000066757202,0.39399999380111694,9468900.0,9379547.0,654103.375
2025-03-26,0.3919999897480011,0.3970000147819519,0.3919999897480011,0.39399999380111694,5580400.0,5506864.0,654103.375
2025-03-27,0.3930000066757202,0.3930000066757202,0.3869999945163727,0.3889999985694885,5070700.0,4940479.0,654103.375
2025-03-28,0.38999998569488525,0.38999998569488525,0.3869999945163727,0.3889999985694885,952700.0,926859.0,654103.375
2025-03-31,0.3889999985694885,0.3889999985694885,0.382999986410141,0.38499999046325684,1033800.0,993736.0,654103.375
2025-04-01,0.38499999046325684,0.3880000114440918,0.38499999046325684,0.38600000739097595,3028500.0,2926592.0,654103.375
2025-04-02,0.3869999945163727,0.38999998569488525,0.3869999945163727,0.3880000114440918,928300.0,901122.0,654103.375
2025-04-03,0.38999998569488525,0.38999998569488525,0.3779999911785126,0.38199999928474426,2494400.0,2378267.0,654103.375
2025-04-07,0.37599998712539673,0.37599998712539673,0.3440000116825104,0.3449999988079071,7127300.0,6199682.0,654103.375
2025-04-08,0.3479999899864197,0.3499999940395355,0.33799999952316284,0.34299999475479126,8304100.0,7088109.0,654103.375
2025-04-09,0.3440000116825104,0.35100001096725464,0.3319999873638153,0.3490000069141388,4189500.0,3587083.0,654103.375
2025-04-10,0.35199999809265137,0.3630000054836273,0.35199999809265137,0.35600000619888306,5320800.0,4781081.0,654103.375
2025-04-11,0.3529999852180481,0.35899999737739563,0.35199999809265137,0.3569999933242798,2066500.0,1835924.0,654103.375
2025-04-14,0.3580000102519989,0.3619999885559082,0.35499998927116394,0.36000001430511475,3001800.0,2697199.0,654103.375
2025-04-15,0.36000001430511475,0.36000001430511475,0.35600000619888306,0.3580000102519989,2089000.0,1864191.0,654103.375
2025-04-16,0.3580000102519989,0.3580000102519989,0.3490000069141388,0.3540000021457672,4698300.0,4119006.0,654103.375
2025-04-17,0.3499999940395355,0.3540000021457672,0.3499999940395355,0.35199999809265137,369800.0,325864.0,654103.375
2025-04-18,0.35100001096725464,0.35499998927116394,0.35100001096725464,0.35499998927116394,1535800.0,1360538.0,654103.375
2025-04-21,0.3540000021457672,0.3619999885559082,0.3529999852180481,0.3619999885559082,2819700.0,2540327.0,654103.375
2025-04-22,0.3619999885559082,0.3619999885559082,0.36000001430511475,0.36000001430511475,1777600.0,1604552.0,654103.375
2025-04-23,0.3619999885559082,0.367000013589859,0.3619999885559082,0.3659999966621399,2249300.0,2053153.0,654103.375
2025-04-24,0.3659999966621399,0.367000013589859,0.36399999260902405,0.36500000953674316,4080900.0,3718140.0,654103.375
2025-04-25,0.3659999966621399,0.3700000047683716,0.3659999966621399,0.36800000071525574,3017500.0,2774459.0,654103.375
2025-04-28,0.3659999966621399,0.367000013589859,0.36500000953674316,0.36500000953674316,3404600.0,3108241.0,654103.375
2025-04-29,0.367000013589859,0.367000013589859,0.3619999885559082,0.3619999885559082,2657700.0,2409062.0,654103.375
2025-04-30,0.3619999885559082,0.36399999260902405,0.3619999885559082,0.3619999885559082,1378700.0,1250855.0,654103.375
2025-05-06,0.3610000014305115,0.36899998784065247,0.3610000014305115,0.36899998784065247,1620300.0,1490024.0,654103.375
2025-05-07,0.3659999966621399,0.37299999594688416,0.3659999966621399,0.3700000047683716,4899400.0,4516790.0,654103.375
2025-05-08,0.3700000047683716,0.3779999911785126,0.3700000047683716,0.3779999911785126,6454300.0,6078284.0,654103.375
2025-05-09,0.3779999911785126,0.3779999911785126,0.3720000088214874,0.37400001287460327,1134500.0,1060527.0,654103.375
2025-05-12,0.37700000405311584,0.3799999952316284,0.37700000405311584,0.3799999952316284,4622800.0,4370272.0,654103.375
2025-05-13,0.38100001215934753,0.3840000033378601,0.3779999911785126,0.38100001215934753,2796500.0,2676987.0,654103.375
2025-05-14,0.382999986410141,0.3840000033378601,0.38100001215934753,0.38199999928474426,2997500.0,2867593.0,654103.375
2025-05-15,0.38100001215934753,0.38100001215934753,0.37599998712539673,0.37599998712539673,2991500.0,2820296.0,654103.375
2025-05-16,0.3779999911785126,0.3799999952316284,0.37599998712539673,0.37700000405311584,5795700.0,5468703.0,654103.375
2025-05-19,0.3779999911785126,0.3779999911785126,0.37400001287460327,0.37700000405311584,3994200.0,3759543.0,654103.375
2025-05-20,0.37599998712539673,0.3790000081062317,0.37599998712539673,0.3779999911785126,6886900.0,6506246.0,654103.375
2025-05-21,0.3790000081062317,0.3790000081062317,0.37700000405311584,0.3779999911785126,1392800.0,1315594.0,654103.375
2025-05-22,0.3779999911785126,0.3799999952316284,0.37599998712539673,0.37599998712539673,705400.0,668273.0,654103.375
2025-05-23,0.37400001287460327,0.37700000405311584,0.3720000088214874,0.37299999594688416,5817300.0,5447504.0,654103.375
2025-05-26,0.37299999594688416,0.37400001287460327,0.3709999918937683,0.37299999594688416,4613200.0,4294487.0,654103.375
2025-05-27,0.37400001287460327,0.37400001287460327,0.36800000071525574,0.36899998784065247,679700.0,627570.0,654103.375
2025-05-28,0.36899998784065247,0.37299999594688416,0.36899998784065247,0.3709999918937683,1476700.0,1369230.0,654103.375
2025-05-29,0.3720000088214874,0.3779999911785126,0.3720000088214874,0.37599998712539673,4486900.0,4219876.0,654103.375
2025-05-30,0.37599998712539673,0.37599998712539673,0.3720000088214874,0.37299999594688416,3940900.0,3674046.0,654103.375
2025-06-03,0.3720000088214874,0.37299999594688416,0.3700000047683716,0.3709999918937683,6251200.0,5797512.0,654103.375
2025-06-04,0.3720000088214874,0.3779999911785126,0.3720000088214874,0.37599998712539673,5525300.0,5199967.0,654103.375
2025-06-05,0.3799999952316284,0.382999986410141,0.37700000405311584,0.38199999928474426,3161500.0,3016256.0,654103.375
2025-06-06,0.3840000033378601,0.38600000739097595,0.38100001215934753,0.38499999046325684,3191000.0,3070187.0,654103.375
2025-06-09,0.38499999046325684,0.3880000114440918,0.38499999046325684,0.3869999945163727,4807800.0,4650867.0,654103.375
2025-06-10,0.3869999945163727,0.3880000114440918,0.38199999928474426,0.38499999046325684,4246600.0,4101402.0,654103.375
2025-06-11,0.38499999046325684,0.3869999945163727,0.38499999046325684,0.38600000739097595,3591000.0,3468549.0,654103.375
2025-06-12,0.38499999046325684,0.3880000114440918,0.38499999046325684,0.3869999945163727,5152000.0,4990119.0,654103.375
2025-06-13,0.3869999945163727,0.3880000114440918,0.382999986410141,0.382999986410141,6214100.0,5972870.0,654103.375
2025-06-16,0.382999986410141,0.39100000262260437,0.382999986410141,0.39100000262260437,7766933.0,7565542.0,654103.375
2025-06-17,0.3919999897480011,0.3919999897480011,0.3889999985694885,0.39100000262260437,6148200.0,5996125.0,654103.375
2025-06-18,0.38999998569488525,0.39399999380111694,0.38999998569488525,0.39399999380111694,8230200.0,8071619.0,654103.375
2025-06-19,0.39399999380111694,0.39500001072883606,0.3880000114440918,0.3889999985694885,7496300.0,7357704.0,654103.375
2025-06-20,0.39100000262260437,0.39100000262260437,0.38499999046325684,0.38499999046325684,5227100.0,5075154.0,654103.375
2025-06-23,0.38499999046325684,0.3869999945163727,0.38199999928474426,0.38600000739097595,3785473.0,3640601.0,654103.375
2025-06-24,0.3840000033378601,0.39100000262260437,0.3840000033378601,0.39100000262260437,5907000.0,5753835.0,654103.375
2025-06-25,0.38999998569488525,0.3959999978542328,0.38999998569488525,0.39500001072883606,5364831.0,5267132.0,654103.375
2025-06-26,0.39399999380111694,0.4000000059604645,0.39399999380111694,0.3970000147819519,5423900.0,5407082.0,654103.375
2025-06-27,0.39399999380111694,0.4050000011920929,0.39399999380111694,0.40400001406669617,15294665.0,15370706.0,654103.375
2025-06-30,0.40400001406669617,0.4099999964237213,0.40400001406669617,0.4099999964237213,10805900.0,10998359.0,654103.375
2025-07-01,0.4099999964237213,0.4099999964237213,0.4059999883174896,0.4090000092983246,7173300.0,7324011.0,654103.375
2025-07-02,0.41100001335144043,0.41100001335144043,0.4059999883174896,0.40799999237060547,7164600.0,7309375.0,654103.375
2025-07-03,0.40700000524520874,0.41200000047683716,0.40700000524520874,0.41100001335144043,5952200.0,6102452.0,654103.375
2025-07-04,0.40700000524520874,0.41200000047683716,0.4059999883174896,0.40799999237060547,10887000.0,11171357.0,654103.375
2025-07-07,0.4099999964237213,0.41100001335144043,0.4059999883174896,0.41100001335144043,5696700.0,5814440.0,654103.375
2025-07-08,0.41100001335144043,0.4180000126361847,0.4099999964237213,0.4180000126361847,5426700.0,5596060.0,654103.375
2025-07-09,0.4180000126361847,0.41999998688697815,0.414000004529953,0.41499999165534973,7779200.0,8118724.0,654103.375
2025-07-10,0.41499999165534973,0.4189999997615814,0.41200000047683716,0.414000004529953,5008000.0,5198698.0,654103.375
2025-07-11,0.41200000047683716,0.41600000858306885,0.41200000047683716,0.41499999165534973,4375900.0,4536351.0,654103.375
2025-07-14,0.41499999165534973,0.41999998688697815,0.41499999165534973,0.41999998688697815,5937200.0,6222185.0,654103.375
2025-07-15,0.42399999499320984,0.4320000112056732,0.41999998688697815,0.4300000071525574,5371200.0,5778594.0,654103.375
2025-07-16,0.4300000071525574,0.4390000104904175,0.4300000071525574,0.4320000112056732,7962400.0,8666369.0,654103.375
2025-07-17,0.4309999942779541,0.4410000145435333,0.4309999942779541,0.4410000145435333,5236000.0,5725848.0,654103.375
2025-07-18,0.4449999928474426,0.44600000977516174,0.43799999356269836,0.4390000104904175,6578500.0,7282696.0,654103.375
2025-07-21,0.4519999921321869,0.4830000102519989,0.44200000166893005,0.4490000009536743,9322600.0,10410157.0,654103.375
2025-07-22,0.4490000009536743,0.460999995470047,0.4480000138282776,0.460999995470047,9692900.0,11000920.0,654103.375
2025-07-23,0.460999995470047,0.460999995470047,0.44999998807907104,0.45500001311302185,9782400.0,11105181.0,654103.375
2025-07-24,0.45399999618530273,0.45399999618530273,0.4480000138282776,0.45100000500679016,15810800.0,17781700.0,654103.375
2025-07-25,0.45100000500679016,0.45100000500679016,0.44699999690055847,0.44999998807907104,7104000.0,7974933.0,654103.375
2025-07-28,0.44699999690055847,0.45100000500679016,0.4429999887943268,0.45100000500679016,7548300.0,8455136.0,654103.375
2025-07-29,0.45100000500679016,0.4580000042915344,0.44699999690055847,0.4569999873638153,7722898.0,8744525.0,654103.375
2025-07-30,0.4569999873638153,0.4580000042915344,0.4519999921321869,0.4560000002384186,7565211.0,8613720.0,654103.375
2025-07-31,0.4560000002384186,0.46000000834465027,0.44699999690055847,0.4480000138282776,8994900.0,10267608.0,654103.375
2025-08-01,0.4490000009536743,0.44999998807907104,0.4440000057220459,0.44600000977516174,8387755.0,9383986.0,654103.375
2025-08-04,0.44600000977516174,0.44999998807907104,0.4429999887943268,0.4490000009536743,7501259.0,8374523.0,654103.375
2025-08-05,0.4449999928474426,0.4519999921321869,0.4449999928474426,0.4519999921321869,7912404.0,8907963.0,654103.375
2025-08-06,0.45100000500679016,0.4560000002384186,0.45100000500679016,0.4560000002384186,6421455.0,7293781.0,654103.375
2025-08-07,0.4560000002384186,0.4580000042915344,0.4480000138282776,0.45500001311302185,5229000.0,5934751.0,654103.375
2025-08-08,0.453000009059906,0.4580000042915344,0.453000009059906,0.4560000002384186,6968900.0,7928415.0,654103.375
2025-08-11,0.45899999141693115,0.4659999907016754,0.4580000042915344,0.4650000035762787,5080300.0,5897763.0,654103.375
2025-08-12,0.4650000035762787,0.47600001096725464,0.4650000035762787,0.47600001096725464,7465300.0,8766922.0,654103.375
2025-08-13,0.47600001096725464,0.4909999966621399,0.47200000286102295,0.4909999966621399,7757900.0,9385492.0,654103.375
2025-08-14,0.48899999260902405,0.5059999823570251,0.4819999933242798,0.49000000953674316,8288900.0,10105562.0,654103.375
2025-08-15,0.49000000953674316,0.49399998784065247,0.48399999737739563,0.49300000071525574,8513500.0,10403188.0,654103.375
2025-08-18,0.4970000088214874,0.5019999742507935,0.48899999260902405,0.4970000088214874,9466300.0,11751656.0,654103.375
2025-08-19,0.49799999594688416,0.5080000162124634,0.49799999594688416,0.5040000081062317,7439400.0,9382118.0,654103.375
2025-08-20,0.5040000081062317,0.5080000162124634,0.4779999852180481,0.5040000081062317,7083800.0,8823288.0,654103.375
2025-08-21,0.5040000081062317,0.5090000033378601,0.5,0.5049999952316284,8844200.0,11202996.0,654103.375
2025-08-22,0.5059999823570251,0.5139999985694885,0.5009999871253967,0.5120000243186951,8951400.0,11338262.0,654103.375
2025-08-25,0.515999972820282,0.5389999747276306,0.515999972820282,0.5370000004768372,10180700.0,13480812.0,654103.375
2025-08-26,0.5379999876022339,0.5460000038146973,0.5260000228881836,0.527999997138977,9094700.0,12074076.0,654103.375
2025-08-27,0.5299999713897705,0.550000011920929,0.5299999713897705,0.5360000133514404,12231400.0,16564081.0,654103.375
2025-08-28,0.5450000166893005,0.5559999942779541,0.5360000133514404,0.5550000071525574,10451300.0,14148117.0,654103.375
2025-08-29,0.5559999942779541,0.5680000185966492,0.5529999732971191,0.5600000023841858,6535700.0,9111588.0,654103.375
2025-09-01,0.5649999976158142,0.5839999914169312,0.5609999895095825,0.5839999914169312,6584900.0,9436049.0,654103.375
2025-09-02,0.5849999785423279,0.5899999737739563,0.5519999861717224,0.5619999766349792,10453100.0,14868471.0,654103.375
2025-09-03,0.5619999766349792,0.5699999928474426,0.5519999861717224,0.5619999766349792,6600100.0,9223209.0,654103.375
2025-09-04,0.5630000233650208,0.5740000009536743,0.5249999761581421,0.5320000052452087,9971500.0,13635307.0,654103.375
2025-09-05,0.527999997138977,0.5609999895095825,0.515999972820282,0.5590000152587891,7844087.0,10756520.0,654103.375
2025-09-08,0.5609999895095825,0.5619999766349792,0.550000011920929,0.5569999814033508,3520600.0,4887448.0,654103.375
2025-09-09,0.5580000281333923,0.5680000185966492,0.5440000295639038,0.546999990940094,4405300.0,6021711.0,654103.375
2025-09-10,0.5429999828338623,0.5509999990463257,0.5400000214576721,0.5479999780654907,5530235.0,7586403.0,654103.375
2025-09-11,0.5419999957084656,0.5649999976158142,0.5419999957084656,0.5649999976158142,6406755.0,8934187.0,654103.375
2025-09-12,0.574999988079071,0.574999988079071,0.5600000023841858,0.5619999766349792,5442980.0,7659304.0,654103.375
2025-09-15,0.5619999766349792,0.5659999847412109,0.5559999942779541,0.5569999814033508,9430142.0,13178929.0,654103.375
2025-09-16,0.5600000023841858,0.5640000104904175,0.5450000166893005,0.5540000200271606,3864156.0,5337868.0,654103.375
2025-09-17,0.5559999942779541,0.5669999718666077,0.550000011920929,0.5659999847412109,6575669.0,9221057.0,654103.375
2025-09-18,0.5680000185966492,0.5759999752044678,0.5580000281333923,0.5649999976158142,8371040.0,11895057.0,654103.375
2025-09-19,0.5680000185966492,0.5720000267028809,0.5630000233650208,0.5690000057220459,4682400.0,6643555.0,654103.375
2025-09-22,0.5690000057220459,0.5690000057220459,0.5609999895095825,0.5690000057220459,1890300.0,2675499.0,654103.375
2025-09-23,0.5699999928474426,0.5789999961853027,0.5600000023841858,0.5730000138282776,5656900.0,8027387.0,654103.375
2025-09-24,0.5730000138282776,0.5770000219345093,0.5640000104904175,0.5770000219345093,5827037.0,8320102.0,654103.375
2025-09-25,0.5770000219345093,0.5870000123977661,0.5759999752044678,0.5849999785423279,4873600.0,7082290.0,654103.375
2025-09-26,0.5849999785423279,0.593999981880188,0.5799999833106995,0.5830000042915344,4817000.0,7085174.0,654103.375
2025-09-29,0.5830000042915344,0.5960000157356262,0.5799999833106995,0.5960000157356262,4152472.0,6139602.0,654103.375
2025-09-30,0.5960000157356262,0.6039999723434448,0.5960000157356262,0.6019999980926514,5415212.0,8135499.0,654103.375
2025-10-09,0.6000000238418579,0.6600000262260437,0.6000000238418579,0.6269999742507935,13981800.0,21683118.0,654103.375
2025-10-10,0.6320000290870667,0.6320000290870667,0.6159999966621399,0.6179999709129333,15812900.0,24542940.0,654103.375
2025-10-13,0.6000000238418579,0.6169999837875366,0.5849999785423279,0.6150000095367432,4948100.0,7489660.0,654103.375
2025-10-14,0.6150000095367432,0.6269999742507935,0.5920000076293945,0.5979999899864197,11469600.0,17457680.0,654103.375
2025-10-15,0.593999981880188,0.6129999756813049,0.5879999995231628,0.6119999885559082,9348600.0,14111003.0,654103.375
2025-10-16,0.6299999952316284,0.6299999952316284,0.6079999804496765,0.6140000224113464,11521700.0,17676100.0,654103.375
2025-10-17,0.6140000224113464,0.6150000095367432,0.5839999914169312,0.5849999785423279,10324400.0,15319781.0,654103.375
2025-10-20,0.5879999995231628,0.6039999723434448,0.5879999995231628,0.5929999947547913,8484900.0,12714985.0,654103.375
2025-10-21,0.5929999947547913,0.6129999756813049,0.5929999947547913,0.6129999756813049,11799700.0,17945004.0,654103.375
2025-10-22,0.6150000095367432,0.6150000095367432,0.5979999899864197,0.6010000109672546,6842100.0,10302452.0,654103.375
2025-10-23,0.6010000109672546,0.6010000109672546,0.5839999914169312,0.5979999899864197,7610100.0,11247546.0,654103.375
2025-10-24,0.6039999723434448,0.6110000014305115,0.5910000205039978,0.6100000143051147,8714000.0,13211111.0,654103.375
2025-10-27,0.6150000095367432,0.6269999742507935,0.6150000095367432,0.625,8145700.0,12695730.0,654103.375
2025-10-28,0.6259999871253967,0.6269999742507935,0.6169999837875366,0.6200000047683716,7027200.0,10897946.0,654103.375
2025-10-29,0.6240000128746033,0.6470000147819519,0.6200000047683716,0.6460000276565552,10801800.0,17192548.0,654103.375
2025-10-30,0.6510000228881836,0.6510000228881836,0.6290000081062317,0.6309999823570251,12804500.0,20383684.0,654103.375
2025-10-31,0.628000020980835,0.6340000033378601,0.6200000047683716,0.6209999918937683,8751500.0,13695191.0,654103.375
2025-11-03,0.6230000257492065,0.6349999904632568,0.6179999709129333,0.6330000162124634,15257100.0,23984884.0,654103.375
2025-11-04,0.6330000162124634,0.6460000276565552,0.625,0.6299999952316284,20396100.0,32482684.0,654103.375
2025-11-05,0.6240000128746033,0.6549999713897705,0.6000000238418579,0.652999997138977,35798700.0,57834020.0,654103.375
2025-11-06,0.6549999713897705,0.675000011920929,0.6539999842643738,0.6679999828338623,43665700.0,72743368.0,654103.375
2025-11-07,0.6669999957084656,0.675000011920929,0.6620000004768372,0.6679999828338623,25538400.0,42721896.0,654103.375
2025-11-10,0.6729999780654907,0.6759999990463257,0.652999997138977,0.6629999876022339,30995100.0,51116724.0,654103.375
2025-11-11,0.6629999876022339,0.671999990940094,0.6520000100135803,0.656000018119812,25819700.0,42635128.0,654103.375
2025-11-12,0.6539999842643738,0.6549999713897705,0.6349999904632568,0.6439999938011169,16937200.0,27202348.0,654103.375
2025-11-13,0.6430000066757202,0.656000018119812,0.6370000243186951,0.656000018119812,12729300.0,20690280.0,654103.375
2025-11-14,0.6470000147819519,0.6489999890327454,0.6380000114440918,0.6380000114440918,11163700.0,17961940.0,654103.375
2025-11-17,0.6340000033378601,0.6380000114440918,0.6269999742507935,0.6309999823570251,12478600.0,19684862.0,654103.375
2025-11-18,0.6290000081062317,0.6290000081062317,0.6179999709129333,0.6200000047683716,10766600.0,16752055.0,654103.375
2025-11-19,0.6200000047683716,0.625,0.6140000224113464,0.6190000176429749,11156900.0,17236124.0,654103.375
2025-11-20,0.6190000176429749,0.6259999871253967,0.6140000224113464,0.6150000095367432,9271200.0,14366136.0,654103.375
2025-11-21,0.6010000109672546,0.6079999804496765,0.5849999785423279,0.5860000252723694,17608100.0,26123902.0,654103.375
2025-11-24,0.5860000252723694,0.5920000076293945,0.5820000171661377,0.5879999995231628,10686200.0,15708982.0,654103.375
2025-11-25,0.593999981880188,0.6079999804496765,0.5920000076293945,0.6000000238418579,8772700.0,13227819.0,654103.375
2025-11-26,0.6019999980926514,0.609000027179718,0.5950000286102295,0.6019999980926514,10950500.0,16498798.0,654103.375
2025-11-27,0.6019999980926514,0.6159999966621399,0.6000000238418579,0.6010000109672546,10130800.0,15450609.0,654103.375
2025-11-28,0.6060000061988831,0.6110000014305115,0.597000002861023,0.6100000143051147,6211800.0,9412337.0,654103.375
2025-12-01,0.6110000014305115,0.6240000128746033,0.6110000014305115,0.6209999918937683,8322700.0,12880978.0,654103.375
2025-12-02,0.6209999918937683,0.6209999918937683,0.6110000014305115,0.6150000095367432,5956800.0,9134729.0,654103.375
2025-12-03,0.6150000095367432,0.621999979019165,0.6129999756813049,0.6150000095367432,10513905.0,16229637.0,654103.375
2025-12-04,0.6150000095367432,0.6190000176429749,0.6119999885559082,0.6159999966621399,6747505.0,10387713.0,654103.375
2025-12-05,0.6159999966621399,0.6340000033378601,0.6159999966621399,0.6340000033378601,13226300.0,20796668.0,654103.375
2025-12-08,0.6340000033378601,0.6420000195503235,0.6320000290870667,0.6399999856948853,10680374.0,17036272.0,654103.375
2025-12-09,0.6399999856948853,0.6460000276565552,0.6359999775886536,0.6389999985694885,9452100.0,15168935.0,654103.375
2025-12-10,0.6359999775886536,0.6439999938011169,0.6299999952316284,0.6420000195503235,10382500.0,16497230.0,654103.375
2025-12-11,0.640999972820282,0.6520000100135803,0.6349999904632568,0.6359999775886536,10163100.0,16398686.0,654103.375
2025-12-12,0.6359999775886536,0.6570000052452087,0.6359999775886536,0.656000018119812,18465600.0,30044996.0,654103.375
2025-12-15,0.6570000052452087,0.6589999794960022,0.6499999761581421,0.6520000100135803,35617800.0,58367700.0,654103.375
2025-12-16,0.6480000019073486,0.6480000019073486,0.628000020980835,0.6320000290870667,27527800.0,43614256.0,654103.375
2025-12-17,0.6309999823570251,0.6470000147819519,0.6240000128746033,0.6439999938011169,12871600.0,20459156.0,654103.375
2025-12-18,0.6389999985694885,0.640999972820282,0.6320000290870667,0.6320000290870667,9654000.0,15344279.0,654103.375
2025-12-19,0.6370000243186951,0.6460000276565552,0.6370000243186951,0.640999972820282,10320500.0,16563338.0,654103.375
2025-12-22,0.6439999938011169,0.6579999923706055,0.6439999938011169,0.656000018119812,20342600.0,33318336.0,654103.375
2025-12-23,0.656000018119812,0.6570000052452087,0.6499999761581421,0.6570000052452087,9582900.0,15649859.0,654103.375
2025-12-24,0.656000018119812,0.6660000085830688,0.6499999761581421,0.6650000214576721,11150300.0,18457650.0,654103.375
2025-12-25,0.6650000214576721,0.671999990940094,0.6600000262260437,0.6700000166893005,15534639.0,26014796.0,654103.375
2025-12-26,0.6700000166893005,0.675000011920929,0.6639999747276306,0.671999990940094,13510100.0,22686768.0,654103.375
2025-12-29,0.671999990940094,0.671999990940094,0.6600000262260437,0.6639999747276306,23242500.0,38649928.0,654103.375
2025-12-30,0.6639999747276306,0.6650000214576721,0.6570000052452087,0.6620000004768372,12887500.0,21307516.0,654103.375
2025-12-31,0.6650000214576721,0.6650000214576721,0.656000018119812,0.6589999794960022,6083600.0,10022002.0,654103.375
2026-01-05,0.6660000085830688,0.671999990940094,0.6589999794960022,0.6700000166893005,6166200.0,10306167.0,654103.375
2026-01-06,0.6700000166893005,0.6769999861717224,0.6679999828338623,0.6759999990463257,12493500.0,21020924.0,654103.375
2026-01-07,0.6779999732971191,0.6890000104904175,0.6729999780654907,0.6850000023841858,14679700.0,25130444.0,654103.375
2026-01-08,0.6869999766349792,0.6919999718666077,0.6800000071525574,0.6850000023841858,7339000.0,12593233.0,654103.375
2026-01-09,0.6850000023841858,0.703000009059906,0.6830000281333923,0.699999988079071,28032136.0,48936332.0,654103.375
2026-01-12,0.7089999914169312,0.7129999995231628,0.6970000267028809,0.7110000252723694,14209900.0,25030648.0,654103.375
2026-01-13,0.7160000205039978,0.7820000052452087,0.6919999718666077,0.7639999985694885,45458200.0,81423504.0,654103.375
2026-01-14,0.7820000052452087,0.7829999923706055,0.7089999914169312,0.718999981880188,192092496.0,350017984.0,654103.375
2026-01-15,0.7080000042915344,0.7319999933242798,0.7059999704360962,0.7239999771118164,83921096.0,150653888.0,654103.375
2026-01-16,0.7720000147819519,0.7720000147819519,0.7400000095367432,0.7409999966621399,160584720.0,303384992.0,654103.375
2026-01-19,0.7440000176429749,0.7979999780654907,0.7440000176429749,0.7940000295639038,281965440.0,551065152.0,654103.375
2026-01-20,0.800000011920929,0.8009999990463257,0.7720000147819519,0.7850000262260437,357329024.0,703390720.0,654103.375
2026-01-21,0.7680000066757202,0.7940000295639038,0.7680000066757202,0.7799999713897705,161883056.0,315915616.0,654103.375
2026-01-22,0.7799999713897705,0.7900000214576721,0.7620000243186951,0.7680000066757202,116225600.0,223947440.0,654103.375
2026-01-23,0.7680000066757202,0.7879999876022339,0.7680000066757202,0.7789999842643738,138910816.0,270868000.0,654103.375
2026-01-26,0.781000018119812,0.7940000295639038,0.7760000228881836,0.777999997138977,121338880.0,237775360.0,654103.375
2026-01-27,0.7749999761581421,0.7749999761581421,0.75,0.7710000276565552,96684608.0,184439200.0,654103.375
2026-01-28,0.7710000276565552,0.7799999713897705,0.7680000066757202,0.7749999761581421,80972784.0,156517728.0,654103.375
2026-01-29,0.7749999761581421,0.7749999761581421,0.75,0.753000020980835,87872496.0,166930640.0,654103.375
2026-01-30,0.75,0.7580000162124634,0.7269999980926514,0.753000020980835,61575500.0,114527280.0,654103.375
2026-02-02,0.7599999904632568,0.7770000100135803,0.7570000290870667,0.7609999775886536,125945616.0,241969008.0,654103.375
2026-02-03,0.7570000290870667,0.7879999876022339,0.7559999823570251,0.7870000004768372,127418616.0,246987200.0,654103.375
2026-02-04,0.7870000004768372,0.796999990940094,0.7760000228881836,0.7879999876022339,76985872.0,151222656.0,654103.375
2026-02-05,0.7820000052452087,0.7820000052452087,0.7459999918937683,0.753000020980835,90216200.0,170396208.0,654103.375
2026-02-06,0.7419999837875366,0.765999972820282,0.7419999837875366,0.7559999823570251,55533700.0,105451936.0,654103.375
2026-02-09,0.7749999761581421,0.7820000052452087,0.7599999904632568,0.7820000052452087,69771400.0,134846272.0,654103.375
2026-02-10,0.781000018119812,0.7919999957084656,0.7730000019073486,0.7900000214576721,47442616.0,93113232.0,654103.375
2026-02-11,0.7900000214576721,0.7990000247955322,0.7829999923706055,0.7889999747276306,36993956.0,73241440.0,654103.375
2026-02-12,0.7910000085830688,0.8180000185966492,0.7879999876022339,0.8140000104904175,80645472.0,162685984.0,654103.375
2026-02-13,0.8040000200271606,0.8059999942779541,0.7910000085830688,0.7940000295639038,114634896.0,228890960.0,654103.375
2026-02-24,0.8040000200271606,0.8299999833106995,0.8040000200271606,0.824999988079071,103385104.0,212149008.0,654103.375
2026-02-25,0.8259999752044678,0.8320000171661377,0.8180000185966492,0.8289999961853027,98346000.0,202727696.0,654103.375
2026-02-26,0.828000009059906,0.8579999804496765,0.8270000219345093,0.8560000061988831,122780400.0,260488208.0,654103.375
2026-02-27,0.8560000061988831,0.8560000061988831,0.8360000252723694,0.8560000061988831,136807696.0,290332032.0,654103.375
2026-03-02,0.8539999723434448,0.8809999823570251,0.843999981880188,0.8730000257492065,142728608.0,311049984.0,654103.375
2026-03-03,0.8740000128746033,0.8759999871253967,0.8339999914169312,0.8370000123977661,180551904.0,384283968.0,654103.375
2026-03-04,0.8199999928474426,0.871999979019165,0.8180000185966492,0.8600000143051147,295156032.0,632234688.0,654103.375
2026-03-05,0.871999979019165,0.8980000019073486,0.8700000047683716,0.8949999809265137,229127184.0,508432256.0,654103.375
2026-03-06,0.8960000276565552,0.9150000214576721,0.8799999952316284,0.8960000276565552,229567712.0,515258112.0,654103.375
2026-03-09,0.8799999952316284,0.9049999713897705,0.8659999966621399,0.9010000228881836,251579952.0,557135936.0,654103.375
2026-03-10,0.902999997138977,0.9120000004768372,0.8920000195503235,0.9089999794960022,140789088.0,318247200.0,654103.375
2026-03-11,0.9100000262260437,0.9169999957084656,0.8989999890327454,0.906000018119812,148747520.0,337660544.0,654103.375
2026-03-12,0.906000018119812,0.9079999923706055,0.8840000033378601,0.8939999938011169,143973696.0,322008000.0,654103.375
2026-03-13,0.8859999775886536,0.8960000276565552,0.8659999966621399,0.8690000176429749,190825952.0,419313536.0,654103.375
2026-03-16,0.8669999837875366,0.871999979019165,0.8379999995231628,0.847000002861023,184725776.0,391234656.0,654103.375
2026-03-17,0.8479999899864197,0.8529999852180481,0.8209999799728394,0.8220000267028809,171741200.0,358091904.0,654103.375
2026-03-18,0.8220000267028809,0.8370000123977661,0.8130000233650208,0.8349999785423279,109730800.0,226228208.0,654103.375
2026-03-19,0.8119999766349792,0.8240000009536743,0.8040000200271606,0.8100000023841858,119906640.0,244307120.0,654103.375
2026-03-20,0.8080000281333923,0.8199999928474426,0.7950000166893005,0.7960000038146973,80951784.0,163546000.0,654103.375
2026-03-23,0.7799999713897705,0.8019999861717224,0.7689999938011169,0.7760000228881836,116463312.0,228558544.0,654103.375
2026-03-24,0.7910000085830688,0.7950000166893005,0.7670000195503235,0.7940000295639038,111287696.0,217728256.0,654103.375
2026-03-25,0.800000011920929,0.8220000267028809,0.800000011920929,0.8180000185966492,141318272.0,288470016.0,654103.375
2026-03-26,0.8180000185966492,0.8180000185966492,0.7960000038146973,0.800000011920929,113010000.0,227650912.0,654103.375
2026-03-27,0.7820000052452087,0.8100000023841858,0.7820000052452087,0.8040000200271606,83642896.0,166719072.0,654103.375
2026-03-30,0.7940000295639038,0.8090000152587891,0.7850000262260437,0.8090000152587891,70935400.0,141577552.0,654103.375
2026-03-31,0.8069999814033508,0.8140000104904175,0.7879999876022339,0.7910000085830688,90423200.0,181263472.0,654103.375
2026-04-01,0.8029999732971191,0.8069999814033508,0.7910000085830688,0.800000011920929,71676400.0,143102096.0,654103.375
2026-04-02,0.7990000247955322,0.8080000281333923,0.7820000052452087,0.7860000133514404,79640000.0,158083600.0,654103.375
2026-04-03,0.7879999876022339,0.7990000247955322,0.7820000052452087,0.7850000262260437,56240900.0,111119080.0,654103.375
2026-04-07,0.7839999794960022,0.7919999957084656,0.7739999890327454,0.7770000100135803,57083848.0,111403848.0,654103.375
2026-04-08,0.7960000038146973,0.8140000104904175,0.7960000038146973,0.8130000233650208,170091904.0,342656896.0,654103.375
2026-04-09,0.8019999861717224,0.8159999847412109,0.7929999828338623,0.8090000152587891,64276400.0,129455456.0,654103.375
2026-04-10,0.8100000023841858,0.8199999928474426,0.8080000281333923,0.8090000152587891,76635296.0,155762768.0,654103.375
2026-04-13,0.800000011920929,0.800000011920929,0.7850000262260437,0.7929999828338623,76675600.0,151720736.0,654103.375
2026-04-14,0.7960000038146973,0.8029999732971191,0.7940000295639038,0.8009999990463257,69019696.0,137806144.0,654103.375
2026-04-15,0.8059999942779541,0.8259999752044678,0.8059999942779541,0.8140000104904175,142372304.0,291270080.0,654103.375
2026-04-16,0.8140000104904175,0.8220000267028809,0.800000011920929,0.8220000267028809,123218056.0,250635024.0,654103.375
2026-04-17,0.8220000267028809,0.8270000219345093,0.8119999766349792,0.8270000219345093,74950600.0,153732176.0,654103.375
2026-04-20,0.8309999704360962,0.8560000061988831,0.824999988079071,0.8550000190734863,137216592.0,289569312.0,654103.375
2026-04-21,0.8569999933242798,0.8569999933242798,0.8349999785423279,0.8479999899864197,100325888.0,211522672.0,654103.375
2026-04-22,0.8420000076293945,0.8759999871253967,0.8420000076293945,0.8740000128746033,141536896.0,306584160.0,654103.375
2026-04-23,0.8790000081062317,0.890999972820282,0.8579999804496765,0.8759999871253967,189341504.0,413205984.0,654103.375
2026-04-24,0.8700000047683716,0.8759999871253967,0.8519999980926514,0.8579999804496765,143072352.0,308017664.0,654103.375
2026-04-27,0.8539999723434448,0.8640000224113464,0.8519999980926514,0.8560000061988831,103310608.0,221587008.0,654103.375
2026-04-28,0.8510000109672546,0.8519999980926514,0.8339999914169312,0.8370000123977661,102446136.0,215274096.0,654103.375
2026-04-29,0.8339999914169312,0.8460000157356262,0.8289999961853027,0.8450000286102295,75729104.0,159176720.0,654103.375
2026-04-30,0.8450000286102295,0.8460000157356262,0.8299999833106995,0.8379999995231628,110814400.0,231599648.0,654103.375
2026-05-06,0.8420000076293945,0.8740000128746033,0.8420000076293945,0.871999979019165,130841000.0,283485088.0,654103.375
2026-05-07,0.8820000290870667,0.8980000019073486,0.8709999918937683,0.8949999809265137,136750896.0,302710336.0,654103.375
2026-05-08,0.8880000114440918,0.8960000276565552,0.8809999823570251,0.8930000066757202,98097664.0,218353328.0,654103.375
2026-05-11,0.9020000100135803,0.9200000166893005,0.9020000100135803,0.9100000262260437,110725016.0,252025152.0,654103.375
2026-05-12,0.9100000262260437,0.9279999732971191,0.9079999923706055,0.9200000166893005,138910912.0,319463328.0,654103.375
2026-05-13,0.9190000295639038,0.9459999799728394,0.9139999747276306,0.9449999928474426,143633504.0,336854656.0,654103.375
2026-05-14,0.9459999799728394,0.9539999961853027,0.9139999747276306,0.9139999747276306,216285872.0,503211648.0,654103.375
2026-05-15,0.9120000004768372,0.9179999828338623,0.8740000128746033,0.8870000243186951,200072704.0,444714816.0,654103.375
2026-05-18,0.8799999952316284,0.9100000262260437,0.8759999871253967,0.906000018119812,92086776.0,207465504.0,654103.375
2026-05-19,0.906000018119812,0.9259999990463257,0.8849999904632568,0.9259999990463257,102468704.0,232010336.0,654103.375
2026-05-20,0.925000011920929,0.9319999814033508,0.9150000214576721,0.9309999942779541,85442000.0,197603616.0,654103.375
2026-05-21,0.9319999814033508,0.9340000152587891,0.8840000033378601,0.8870000243186951,160648800.0,364698496.0,654103.375
2026-05-22,0.8870000243186951,0.902999997138977,0.8870000243186951,0.902999997138977,102130304.0,228681680.0,654103.375
2026-05-25,0.9039999842643738,0.9160000085830688,0.8980000019073486,0.9129999876022339,83874496.0,189989888.0,654103.375
2026-05-26,0.9039999842643738,0.9039999842643738,0.871999979019165,0.8859999775886536,137408320.0,303373184.0,654103.375
2026-05-27,0.8840000033378601,0.9020000100135803,0.8799999952316284,0.8849999904632568,94350000.0,210637024.0,654103.375
2026-05-28,0.8840000033378601,0.8939999938011169,0.8679999709129333,0.8920000195503235,95280912.0,209480656.0,654103.375
2026-05-29,0.8920000195503235,0.9010000228881836,0.8759999871253967,0.8849999904632568,91358704.0,203064288.0,654103.375
2026-06-01,0.8859999775886536,0.9120000004768372,0.878000020980835,0.8889999985694885,96309880.0,215356480.0,654103.375
2026-06-02,0.8889999985694885,0.8989999890327454,0.8700000047683716,0.8939999938011169,86279696.0,191576768.0,654103.375
2026-06-03,0.8949999809265137,0.9150000214576721,0.8930000066757202,0.9079999923706055,156515104.0,354907904.0,654103.375
2026-06-04,0.8999999761581421,0.9179999828338623,0.890999972820282,0.9100000262260437,135434112.0,308434208.0,654103.375
2026-06-05,0.9039999842643738,0.9160000085830688,0.8880000114440918,0.8930000066757202,102636200.0,231154336.0,654103.375
2026-06-08,0.8659999966621399,0.8989999890327454,0.8650000095367432,0.8740000128746033,98731400.0,217855088.0,654103.375
2026-06-09,0.8799999952316284,0.9070000052452087,0.8700000047683716,0.906000018119812,129390296.0,289307456.0,654103.375
2026-06-10,0.8930000066757202,0.8980000019073486,0.8600000143051147,0.871999979019165,132948592.0,289927200.0,654103.375
2026-06-11,0.8640000224113464,0.871999979019165,0.8500000238418579,0.8610000014305115,157293792.0,337455424.0,654103.375
2026-06-12,0.8709999918937683,0.8840000033378601,0.8569999933242798,0.8610000014305115,124993104.0,271926368.0,654103.375
2026-06-15,0.8669999837875366,0.8930000066757202,0.8650000095367432,0.8920000195503235,68950400.0,151765600.0,654103.375
2026-06-16,0.8939999938011169,0.9259999990463257,0.890999972820282,0.9210000038146973,113229000.0,259907792.0,654103.375
2026-06-17,0.9139999747276306,0.9300000071525574,0.9110000133514404,0.9240000247955322,71581800.0,164663664.0,654103.375
2026-06-18,0.9200000166893005,0.9459999799728394,0.9179999828338623,0.9369999766349792,82870384.0,194386016.0,654103.375
2026-06-22,0.9419999718666077,0.9789999723434448,0.9419999718666077,0.9769999980926514,121272176.0,291698208.0,654103.375
2026-06-23,0.9760000109672546,0.9819999933242798,0.9449999928474426,0.949999988079071,103140096.0,248168624.0,654103.375
2026-06-24,0.9419999718666077,0.953000009059906,0.9290000200271606,0.9490000009536743,98604592.0,232409200.0,654103.375
2026-06-25,0.9599999785423279,0.968999981880188,0.9390000104904175,0.9610000252723694,145639600.0,139290496.0,-654103.375
2026-06-26,0.9549999833106995,0.9570000171661377,0.9049999713897705,0.9070000052452087,228781248.0,210402736.0,654103.375
2026-06-29,0.906000018119812,0.9120000004768372,0.8799999952316284,0.9020000100135803,304340992.0,271804256.0,654103.375
2026-06-30,0.8999999761581421,0.9179999828338623,0.8960000276565552,0.9120000004768372,188608736.0,170954000.0,654103.375
2026-07-01,0.9150000214576721,0.9200000166893005,0.8759999871253967,0.8849999904632568,202411440.0,179689888.0,654103.375
2026-07-02,0.8709999918937683,0.8790000081062317,0.8450000286102295,0.8510000109672546,164276528.0,141543776.0,654103.375
2026-07-03,0.847000002861023,0.875,0.8460000157356262,0.8569999933242798,116673240.0,100744616.0,654103.375
2026-07-06,0.8619999885559082,0.875,0.8399999737739563,0.8420000076293945,532880544.0,456484608.0,654103.375
2026-07-07,0.8379999995231628,0.843999981880188,0.8109999895095825,0.8119999766349792,152042048.0,125539344.0,654103.375
2026-07-08,0.8140000104904175,0.8190000057220459,0.7829999923706055,0.7839999794960022,166853152.0,133182552.0,654103.375
2026-07-09,0.7839999794960022,0.7990000247955322,0.7580000162124634,0.7990000247955322,433796640.0,337743840.0,654103.375
2026-07-10,0.800000011920929,0.8169999718666077,0.7900000214576721,0.7910000085830688,191994496.0,154390704.0,654103.375
2026-07-13,0.7879999876022339,0.7919999957084656,0.746999979019165,0.746999979019165,121777200.0,93066904.0,654103.375
2026-07-14,0.746999979019165,0.7649999856948853,0.7319999933242798,0.7649999856948853,143519312.0,107493792.0,654103.375
2026-07-15,0.765999972820282,0.7710000276565552,0.7440000176429749,0.746999979019165,84515248.0,63950712.0,654103.375
2026-07-16,0.7400000095367432,0.7459999918937683,0.7160000205039978,0.7229999899864197,104700352.0,76425696.0,654103.375
2026-07-17,0.7179999947547913,0.718999981880188,0.6830000281333923,0.6880000233650208,157020544.0,110094216.0,654103.375
2026-07-20,0.6919999718666077,0.7099999785423279,0.6779999732971191,0.6909999847412109,118384096.0,82349520.0,654103.375
2026-07-21,0.6990000009536743,0.7139999866485596,0.6660000085830688,0.7139999866485596,174515648.0,120716608.0,654103.375
2026-07-22,0.7089999914169312,0.7160000205039978,0.6949999928474426,0.699999988079071,105194496.0,74406768.0,654103.375
2026-07-23,0.6930000185966492,0.7360000014305115,0.6930000185966492,0.7360000014305115,299297600.0,217536928.0,654103.375
2026-07-24,0.7360000014305115,0.7369999885559082,0.7049999833106995,0.7070000171661377,231653952.0,165949104.0,654103.375
2026-07-27,0.7009999752044678,0.7300000190734863,0.7009999752044678,0.7300000190734863,166832944.0,119868280.0,654103.375
2026-07-28,0.7179999947547913,0.7210000157356262,0.6949999928474426,0.7009999752044678,164278752.0,116054592.0,654103.375
2026-07-29,0.699999988079071,0.7149999737739563,0.6899999976158142,0.7110000252723694,126738496.0,89078128.0,654103.375
2026-07-30,0.7070000171661377,0.7139999866485596,0.6869999766349792,0.6940000057220459,116376000.0,81343728.0,654103.375
2026-07-31,0.7059999704360962,0.722000002861023,0.7049999833106995,0.7080000042915344,136862496.0,97680688.0,654103.375
2026-08-03,0.7099999785423279,0.7210000157356262,0.7089999914169312,0.7210000157356262,148235248.0,106433816.0,654103.375
2026-08-04,0.7269999980926514,0.7369999885559082,0.7170000076293945,0.7350000143051147,183043504.0,133404712.0,654103.375
2026-08-05,0.7310000061988831,0.753000020980835,0.7250000238418579,0.75,227883008.0,169259200.0,654103.375
2026-08-06,0.7480000257492065,0.7490000128746033,0.7369999885559082,0.7459999918937683,153284800.0,113841400.0,654103.375
2026-08-07,0.7400000095367432,0.7559999823570251,0.734000027179718,0.7540000081062317,153127952.0,114545904.0,654103.375
2026-08-10,0.7570000290870667,0.7630000114440918,0.7429999709129333,0.7559999823570251,133220896.0,100216440.0,654103.375
2026-08-11,0.7519999742507935,0.7570000290870667,0.7419999837875366,0.7490000128746033,92762400.0,69529840.0,654103.375
2026-08-12,0.75,0.7599999904632568,0.7450000047683716,0.7570000290870667,117341152.0,88566416.0,654103.375
2026-08-13,0.7570000290870667,0.7680000066757202,0.75,0.75,101265848.0,77000160.0,654103.375
2026-08-14,0.75,0.7630000114440918,0.746999979019165,0.7609999775886536,138066496.0,103976776.0,654103.375
2026-08-17,0.7609999775886536,0.7829999923706055,0.7599999904632568,0.7820000052452087,118179904.0,91487656.0,654103.375
2026-08-18,0.7799999713897705,0.7910000085830688,0.7710000276565552,0.7799999713897705,105500448.0,82251128.0,654103.375
2026-08-19,0.7689999938011169,0.7689999938011169,0.734000027179718,0.7369999885559082,129388600.0,96742336.0,654103.375
2026-08-20,0.7400000095367432,0.746999979019165,0.7329999804496765,0.7379999756813049,100023352.0,73990672.0,654103.375
2026-08-21,0.7369999885559082,0.7519999742507935,0.7289999723434448,0.75,80114248.0,59676256.0,654103.375
2026-08-24,0.746999979019165,0.746999979019165,0.7229999899864197,0.734000027179718,102657952.0,75192872.0,654103.375
2026-08-25,0.7229999899864197,0.7480000257492065,0.718999981880188,0.7419999837875366,125951904.0,92770816.0,654103.375
2026-08-26,0.7400000095367432,0.7480000257492065,0.7360000014305115,0.7419999837875366,75100400.0,55778560.0,654103.375
2026-08-27,0.7400000095367432,0.7459999918937683,0.7289999723434448,0.7459999918937683,347049152.0,254905920.0,654103.375
2026-08-28,0.7369999885559082,0.746999979019165,0.7350000143051147,0.7360000014305115,84210152.0,62364512.0,654103.375
