,equity
2018-07-02,99993.18086143554
2018-07-03,99989.96497017324
2018-07-04,99983.4433977294
2018-07-05,99976.62101915837
2018-07-06,99977.29863343478
2018-07-09,99979.17626802446
2018-07-10,99980.13558735848
2018-07-11,99980.48884186299
2018-07-12,99978.14825434715
2018-07-13,99983.89889868766
2018-07-16,99991.75725182444
2018-07-17,99944.42020670205
2018-07-18,99954.57420429021
2018-07-19,99948.51934580832
2018-07-20,99943.46718935847
2018-07-23,99920.61644520641
2018-07-24,99958.84900327444
2018-07-25,99945.87819969475
2018-07-26,99968.19947643876
2018-07-27,99988.02386146308
2018-07-30,99909.54358515205
2018-07-31,99837.17939452769
2018-08-01,99862.42320366444
2018-08-02,99866.03778832735
2018-08-03,99987.01703481557
2018-08-06,100018.15002902629
2018-08-07,100038.02883288445
2018-08-08,99887.15044150472
2018-08-09,99758.39157777131
2018-08-10,99760.91253087431
2018-08-13,99612.48046188979
2018-08-14,99662.26848096341
2018-08-15,100048.65505898357
2018-08-16,99493.16672274828
2018-08-17,100004.47094040632
2018-08-20,99951.24813885927
2018-08-21,99677.84619463206
2018-08-22,99536.53250588657
2018-08-23,99709.44517369747
2018-08-24,99480.16735082152
2018-08-27,99918.5682392645
2018-08-28,100795.37001615048
2018-08-29,101014.56719403743
2018-08-30,101452.96808248044
2018-08-31,101124.16578298093
2018-09-03,100685.76489453795
2018-09-04,101014.56719403743
2018-09-05,100570.6761811602
2018-09-06,100150.83353318514
2018-09-07,99907.2168803805
2018-09-10,100037.30337396263
2018-09-11,100147.39047680139
2018-09-12,100249.87043810784
2018-09-13,100042.02405224978
2018-09-14,100323.03206380247
2018-09-17,100281.7438818407
2018-09-18,99632.2865228203
2018-09-19,100127.23044913025
2018-09-20,100452.43272345273
2018-09-21,101211.23587649078
2018-09-25,100886.03360216826
2018-09-26,101428.03308527678
2018-09-27,100560.83132784575
2018-09-28,100777.63499777525
2018-10-08,99910.43324034421
2018-10-09,100157.11345338554
2018-10-10,100443.82842953652
2018-10-11,95570.3330772683
2018-10-12,95903.47527634233
2018-10-15,95319.72521125383
2018-10-16,95432.43414882607
2018-10-17,96390.22452286548
2018-10-18,96234.96250492519
2018-10-19,96179.60602309927
2018-10-22,95984.0096174918
2018-10-23,96475.40747515782
2018-10-24,96510.50493113621
2018-10-25,97001.91115729435
2018-10-26,96931.70787684544
2018-10-29,96791.30968443974
2018-10-30,96580.70821158512
2018-10-31,95773.40814463719
2018-11-01,95984.0096174918
2018-11-02,96019.1070734702
2018-11-05,96054.21289794071
2018-11-06,96124.4078098975
2018-11-07,96159.5052658759
2018-11-08,95773.40814463719
2018-11-09,95562.80667178257
2018-11-12,94860.80734126194
2018-11-13,98412.92035383679
2018-11-14,96648.92053408123
2018-11-15,99546.92077440716
2018-11-16,102066.91837114788
2018-11-19,105090.9169892738
2018-11-20,100176.92017359234
2018-11-21,100554.9153069923
2018-11-22,99420.91488642193
2018-11-23,96270.91789049603
2018-11-26,95892.91524691082
2018-11-27,96396.91626829602
2018-11-28,98916.92137522198
2018-11-29,95640.91849131085
2018-11-30,96900.91728968121
2018-12-03,100970.44375956447
2018-12-04,101948.65513610767
2018-12-05,101054.7590332024
2018-12-06,98117.65878963398
2018-12-07,98500.7614688866
2018-12-10,97096.0567193024
2018-12-11,97606.85775446819
2018-12-12,97484.296630365
2018-12-13,97413.49332187806
2018-12-14,97188.51861478013
2018-12-17,97104.29399971351
2018-12-18,97633.78928665504
2018-12-19,97951.49150852546
2018-12-20,97951.49150852546
2018-12-21,98586.89595226629
2018-12-24,98939.89561561927
2018-12-25,99716.4898252903
2018-12-26,99681.19238380775
2018-12-27,99328.19272045478
2018-12-28,99928.29130653726
2019-01-02,100316.58841137277
2019-01-03,101410.89325909004
2019-01-04,100881.38955597267
2019-01-07,100457.79500965461
2019-01-08,99998.89460567817
2019-01-09,99610.58908466682
2019-01-10,99822.39056591377
2019-01-11,99186.99453834876
2019-01-14,99257.58942131385
2019-01-15,99045.79635624275
2019-01-16,99116.39123920783
2019-01-17,97675.40303426539
2019-01-18,98925.40184217249
2019-01-21,98425.40082889353
2019-01-22,96800.39939838205
2019-01-23,96675.40100770746
2019-01-24,98300.40243821894
2019-01-25,98175.40404754435
2019-01-28,97550.3971930102
2019-01-29,96800.39939838205
2019-01-30,95550.40059047495
2019-01-31,96160.10810626035
2019-02-01,96689.70917952542
2019-02-11,97748.91132605558
2019-02-12,97881.3096214581
2019-02-13,98940.51176798824
2019-02-14,98808.11347258574
2019-02-15,97086.91195738797
2019-02-18,98543.3089901257
2019-02-19,98344.70760119443
2019-02-20,98278.51239932065
2019-02-21,98940.51176798824
2019-02-22,99470.11284125333
2019-02-25,100226.13779799585
2019-02-26,100371.16454394703
2019-02-27,100265.36273899917
2019-02-28,100070.80187005406
2019-03-01,100525.02554162388
2019-03-04,101883.82217548732
2019-03-05,103542.65658220416
2019-03-06,105382.54273170595
2019-03-07,106891.86927551392
2019-03-08,103196.83039689426
2019-03-11,106391.6185087574
2019-03-12,111746.62049478418
2019-03-13,107462.61890596275
2019-03-14,104011.62077850227
2019-03-15,103059.61884921913
2019-03-18,106034.61601203804
2019-03-19,107224.62197011833
2019-03-20,107819.62140268211
2019-03-21,111389.61799806479
2019-03-22,109842.61663621789
2019-03-25,106748.62100547676
2019-03-26,102940.62038129692
2019-03-27,102800.65565560703
2019-03-28,101333.79675246362
2019-03-29,103227.47075348978
2019-04-01,104945.61921346669
2019-04-02,104862.54773838197
2019-04-03,104887.76586364661
2019-04-04,105001.64213131402
2019-04-08,104995.31049127076
2019-04-09,104987.56438800608
2019-04-10,104953.45734617328
2019-04-11,105022.65853906011
2019-04-12,105001.25468840337
2019-04-15,104995.36260843015
2019-04-16,105005.76650821185
2019-04-17,104999.98404820329
2019-04-18,104995.60537103956
2019-04-19,105009.83443482762
2019-04-22,105003.56050465709
2019-04-23,105039.4866600073
2019-04-24,105183.30461961633
2019-04-25,105222.21783000893
2019-04-26,105331.62921306914
2019-04-29,105419.32955339081
2019-04-30,105365.1073053009
2019-05-06,105061.19095280982
2019-05-07,105181.99135788745
2019-05-08,104970.27354737557
2019-05-09,104936.431620133
2019-05-10,104958.89361597128
2019-05-13,104863.25153070486
2019-05-14,104524.33030462301
2019-05-15,104110.9064695222
2019-05-16,104614.10924831906
2019-05-17,104618.76178520032
2019-05-20,103934.78974032769
2019-05-21,103786.09657690891
2019-05-22,103821.22618661352
2019-05-23,103918.7089399893
2019-05-24,104368.96020549991
2019-05-27,104420.62766756394
2019-05-28,104256.4436391569
2019-05-29,104437.7223182658
2019-05-30,103900.01295697488
2019-05-31,104931.0306180338
2019-06-03,106106.81588467695
2019-06-04,107117.86030897238
2019-06-05,107857.24796983578
2019-06-06,107827.32526156495
2019-06-10,107585.10372150251
2019-06-11,107016.76035992929
2019-06-12,108251.2094554598
2019-06-13,108422.67424908705
2019-06-14,110033.826481343
2019-06-17,108623.07321178027
2019-06-18,109374.65352748938
2019-06-19,108834.2784167535
2019-06-20,111183.70637595216
2019-06-21,112093.70984732667
2019-06-24,112894.51255499879
2019-06-25,115260.50595938721
2019-06-26,113149.31144415894
2019-06-27,112858.10651480714
2019-06-28,113185.70880591431
2019-07-01,110455.70707022706
2019-07-02,110612.64130867677
2019-07-03,110960.93682445248
2019-07-04,111146.55165299171
2019-07-05,111360.15314682716
2019-07-08,110790.55199249976
2019-07-09,109793.75633820289
2019-07-10,109722.55301102393
2019-07-11,111609.35206040138
2019-07-12,110861.7553196787
2019-07-15,111288.9498196482
2019-07-16,111182.14907273048
2019-07-17,110576.95049866432
2019-07-18,111716.1528073191
2019-07-19,113211.35477646583
2019-07-22,112356.95728882545
2019-07-23,111538.15722092384
2019-07-24,111392.47095066533
2019-07-25,111967.4704023026
2019-07-26,111622.47484404076
2019-07-29,112197.47429567802
2019-07-30,112197.47429567802
2019-07-31,111934.13952590314
2019-08-01,110000.29273334434
2019-08-02,112473.94583863068
2019-08-05,112466.4191954093
2019-08-06,112442.10345256525
2019-08-07,112847.49897719135
2019-08-08,113605.26034184745
2019-08-09,114168.03445681265
2019-08-12,113464.52953680685
2019-08-13,116245.02768381765
2019-08-14,113263.5281310909
2019-08-15,114536.53170927694
2019-08-16,114704.02755602529
2019-08-19,114134.52889784506
2019-08-20,113665.53094252279
2019-08-21,113766.03164538076
2019-08-22,114101.03132589986
2019-08-23,114000.5306230419
2019-08-26,118087.52992018392
2019-08-27,118154.5330510967
2019-08-28,118221.52819498708
2019-08-29,119595.03247603109
2019-08-30,117685.52710875204
2019-09-02,117283.53228434255
2019-09-03,117148.83956623137
2019-09-04,116347.33099895775
2019-09-05,116897.72391277611
2019-09-06,117723.3296867019
2019-09-09,118824.12371593773
2019-09-10,117172.92857128441
2019-09-11,116072.12634044945
2019-09-12,116484.92922741234
2019-09-16,115796.92988354027
2019-09-17,112356.9249625808
2019-09-18,111668.92561870873
2019-09-19,113595.32542187035
2019-09-20,112081.72850567162
2019-09-23,111944.13027721703
2019-09-24,111668.92561870873
2019-09-25,109467.32935863793
2019-09-26,109343.30736810307
2019-09-27,109594.36737707714
2019-09-30,109035.74136444667
2019-10-08,107992.81432575801
2019-10-09,107976.02625042015
2019-10-10,108093.17384575414
2019-10-11,108128.1820763831
2019-10-14,108410.37015696334
2019-10-15,108337.68334034728
2019-10-16,108345.36777965355
2019-10-17,108300.91509850312
2019-10-18,108101.66188310433
2019-10-21,108227.25607982445
2019-10-22,108227.72621433067
2019-10-23,107703.40613931368
2019-10-24,107805.84260760187
2019-10-25,107815.51295864939
2019-10-28,107809.05195868372
2019-10-29,107803.4404086715
2019-10-30,107796.60653003633
2019-10-31,107793.1936344999
2019-11-01,107788.10438934027
2019-11-04,107783.46720626412
2019-11-05,107782.97041638789
2019-11-06,107768.15204707382
2019-11-07,107758.4117585927
2019-11-08,107752.79615859238
2019-11-11,107746.5015169665
2019-11-12,107751.60905844775
2019-11-13,107751.81434505788
2019-11-14,107763.41550463525
2019-11-15,107764.41646093695
2019-11-18,107772.7914393094
2019-11-19,107788.63482982187
2019-11-20,107774.67677540211
2019-11-21,107742.52005075841
2019-11-22,107756.1700211337
2019-11-25,107770.41514167993
2019-11-26,107805.27938122509
2019-11-27,107832.64208418486
2019-11-28,107975.86786225316
2019-11-29,107983.48038761255
2019-12-02,108118.48830222902
2019-12-03,107767.88812219378
2019-12-04,107682.27922894235
2019-12-05,107689.437380906
2019-12-06,107667.07080833819
2019-12-09,107708.0962493768
2019-12-10,107665.9470064294
2019-12-11,107658.66766637262
2019-12-12,107740.46321574354
2019-12-13,107715.3865532211
2019-12-16,107853.80625038789
2019-12-17,108237.25379333724
2019-12-18,107971.34922949801
2019-12-19,108000.44913566552
2019-12-20,107438.00356022862
2019-12-23,106213.46360694495
2019-12-24,108375.17490679736
2019-12-25,109116.08393199503
2019-12-26,109257.20356167853
2019-12-27,107554.97279148876
2019-12-30,109117.37595778286
2019-12-31,108726.77322607815
2020-01-02,114976.37813072979
2020-01-03,115366.97310190975
2020-01-06,117840.77229481516
2020-01-07,121486.37968283475
2020-01-08,117970.97837906658
2020-01-09,119793.77819281397
2020-01-10,119272.97713738262
2020-01-13,120965.57862740337
2020-01-14,120574.97589569865
2020-01-15,120054.1748402673
2020-01-16,118752.17608195126
2020-01-17,118212.03577828541
2020-01-20,118832.93411656423
2020-01-21,115744.63415322108
2020-01-22,116555.13338026805
2020-01-23,112988.94064602656
2020-02-03,101317.73631748957
2020-02-04,101850.05388214081
2020-02-05,101929.9979171017
2020-02-06,102212.8169903687
2020-02-07,102753.07203435931
2020-02-10,103340.91939128551
2020-02-11,104231.56350619826
2020-02-12,105383.34666060958
2020-02-13,108737.65978925917
2020-02-14,103162.9308198491
2020-02-17,103831.2252121875
2020-02-18,101468.84604921255
2020-02-19,100378.03842058095
2020-02-20,101650.64370860967
2020-02-21,99469.0392874709
2020-02-24,95761.54421113218
2020-02-25,96648.18280400209
2020-02-26,94015.16502429366
2020-02-27,94034.67810948976
2020-02-28,87975.88176330217
2020-03-02,90458.88376223276
2020-03-03,90485.9096292753
2020-03-04,90387.50503103923
2020-03-05,91123.7179781153
2020-03-06,90383.15523812314
2020-03-09,85820.35835334798
2020-03-10,89864.65573260328
2020-03-11,89864.65573260328
2020-03-12,87479.55553481122
2020-03-13,87479.55553481122
2020-03-16,82501.95780941984
2020-03-17,81234.4665736748
2020-03-18,77952.86603577864
2020-03-19,78245.57277264468
2020-03-20,78245.57277264468
2020-03-23,78245.57277264468
2020-03-24,78245.57277264468
2020-03-25,78245.57277264468
2020-03-26,78245.57277264468
2020-03-27,78245.57277264468
2020-03-30,78245.57277264468
2020-03-31,78193.78101245203
2020-04-01,76929.38429728785
2020-04-02,76770.50973115777
2020-04-03,76770.50973115777
2020-04-07,76770.50973115777
2020-04-08,76613.73073775183
2020-04-09,76802.73205954446
2020-04-10,77243.73013693704
2020-04-13,77222.73165900125
2020-04-14,78104.7278137864
2020-04-15,77894.72801405801
2020-04-16,78482.7304573716
2020-04-17,77201.72817427528
2020-04-20,76823.73053748025
2020-04-21,77516.73037726295
2020-04-22,77306.73057753454
2020-04-23,78671.7317791642
2020-04-24,79301.73117834938
2020-04-27,78713.72873503578
2020-04-28,78146.72977644815
2020-04-29,79325.7397233652
2020-04-30,80641.40024573277
2020-05-06,80245.08578986835
2020-05-07,79352.288415143
2020-05-08,79501.08649940204
2020-05-11,78905.88529319476
2020-05-12,77864.28983421039
2020-05-13,76673.88742179584
2020-05-14,75428.35615355313
2020-05-15,75410.56961496544
2020-05-18,76577.97064264488
2020-05-19,77206.57325466347
2020-05-20,75141.17308338356
2020-05-21,73883.97321184349
2020-05-22,72806.37102802467
2020-05-25,72644.9535166453
2020-05-26,72983.35140101418
2020-05-27,72103.60455342574
2020-05-28,71460.05546349761
2020-05-29,71052.65261430023
2020-06-01,71896.33355655882
2020-06-02,71829.62746908638
2020-06-03,71185.62588980171
2020-06-04,70578.42603018257
2020-06-05,71121.65190398143
2020-06-08,71212.99019478066
2020-06-09,72050.3478441587
2020-06-10,72634.44419244438
2020-06-11,70557.64772037177
2020-06-12,69584.14864877373
2020-06-15,67572.24747279793
2020-06-16,71076.84877256065
2020-06-17,71076.84877256065
2020-06-18,70427.8493914953
2020-06-19,70752.34908202797
2020-06-22,70557.64772037177
2020-06-23,71011.94573978096
2020-06-24,71011.94573978096
2020-06-29,69584.14864877373
2020-06-30,69953.9620659106
2020-07-01,69756.90190035771
2020-07-02,69926.42160877204
2020-07-03,70360.02530876613
2020-07-06,72638.52664057231
2020-07-07,74696.52643028712
2020-07-08,74770.02986494517
2020-07-09,77783.53049580073
2020-07-10,77710.02706114268
2020-07-13,79327.02376667476
2020-07-14,78739.03133694148
2020-07-15,75578.52383676982
2020-07-16,73153.02877847171
2020-07-17,73667.5309163711
2020-07-20,75211.02418724513
2020-07-21,75198.52044122474
2020-07-22,75186.2563610627
2020-07-23,75186.2563610627
2020-07-24,73517.17318225912
2020-07-27,72210.57509113364
2020-07-28,72683.1739776235
2020-07-29,73989.77869678549
2020-07-30,72031.52917442367
2020-07-31,72822.22430276201
2020-08-03,74132.62478875445
2020-08-04,72822.22430276201
2020-08-05,72817.45918317974
2020-08-06,73298.5908107394
2020-08-07,73718.584402048
2020-08-10,73231.38767048062
2020-08-11,71618.584402048
2020-08-12,67183.38943287075
2020-08-13,68408.0963706522
2020-08-14,68408.0963706522
2020-08-17,68767.45796562733
2020-08-18,68645.96097828448
2020-08-19,67625.3596341759
2020-08-20,66944.95680691302
2020-08-21,67212.2606074959
2020-08-24,67090.7578265816
2020-08-25,67048.53791166087
2020-08-26,66542.94452951179
2020-08-27,66803.3411769651
2020-08-28,67910.04632995353
2020-08-31,66998.64254281746
2020-09-01,66838.16013825004
2020-09-02,66782.03174562995
2020-09-03,66147.19722575374
2020-09-04,66334.02708284341
2020-09-07,64915.029973907105
2020-09-08,65624.52468387567
2020-09-09,63109.0263139435
2020-09-10,61432.02868215524
2020-09-11,61766.198439953965
2020-09-14,61749.37355313331
2020-09-15,61799.23647568249
2020-09-16,60784.44542002701
2020-09-17,60898.04395747208
2020-09-18,62715.64086985611
2020-09-21,62147.641411543125
2020-09-22,61409.24076151871
2020-09-23,61125.24103236222
2020-09-24,61182.043686628575
2020-09-25,60898.04395747208
2020-09-28,61409.24076151871
2020-09-29,60898.04395747208
2020-09-30,61238.839569807285
2020-10-09,64760.44162821793
2020-10-12,65271.64520335219
2020-10-13,64135.639515638584
2020-10-14,64022.04097819353
2020-10-15,64022.04097819353
2020-10-16,64987.6454741957
2020-10-19,64930.842819929356
2020-10-20,65101.24401164078
2020-10-21,65044.441357374424
2020-10-22,65044.441357374424
2020-10-23,64249.2448241713
2020-10-26,64703.64574503922
2020-10-27,64476.441899061436
2020-10-28,64192.44216990494
2020-10-29,63567.640057325596
2020-10-30,63454.04151988053
2020-11-02,62886.04206156754
2020-11-03,63226.84444499039
2020-11-04,63738.04124903702
2020-11-05,65044.441357374424
2020-11-06,65044.441357374424
2020-11-09,64362.84336161637
2020-11-10,64573.4313690719
2020-11-11,65525.922122898824
2020-11-12,65544.36863738728
2020-11-13,65498.43759799433
2020-11-16,65750.55530856561
2020-11-17,65658.49320764375
2020-11-18,65363.77589127136
2020-11-19,65431.25103818966
2020-11-20,65331.372848625906
2020-11-23,65767.10863094401
2020-11-24,66252.91890625429
2020-11-25,66315.70801170303
2020-11-26,66995.34900950386
2020-11-27,67266.27835695934
2020-11-30,67253.93057702733
2020-12-01,68068.42980025962
2020-12-02,67688.3314573641
2020-12-03,67579.732855546
2020-12-04,67145.33197520925
2020-12-07,66982.43083594991
2020-12-08,66276.53021453573
2020-12-09,67579.732855546
2020-12-10,67362.52917884542
2020-12-11,67145.33197520925
2020-12-14,67199.62803958608
2020-12-15,67145.33197520925
2020-12-16,67579.732855546
2020-12-17,67905.52866100027
2020-12-18,67572.25198073818
2020-12-21,67498.70369519306
2020-12-22,66310.18409975362
2020-12-23,66496.1046733172
2020-12-24,66533.71426020814
2020-12-25,66797.79205018711
2020-12-28,67126.81998964501
2020-12-29,68270.860513515
2020-12-30,68582.42927153541
2020-12-31,69108.12548819733
2021-01-04,68598.42825858307
2021-01-05,69001.76281338526
2021-01-06,69754.75373107744
2021-01-07,70319.76956619573
2021-01-08,70858.84503053737
2021-01-11,70510.29833229425
2021-01-12,70543.19701968791
2021-01-13,70966.31875949504
2021-01-14,71352.10066558482
2021-01-15,72290.99400277736
2021-01-18,70657.59537118555
2021-01-19,70355.3179580794
2021-01-20,70454.706294962
2021-01-21,71216.16364734515
2021-01-22,71113.4210980831
2021-01-25,71314.27472888691
2021-01-26,66990.3535506819
2021-01-27,66213.43523227764
2021-01-28,64459.02913946224
2021-01-29,63811.0297574432
2021-02-01,64934.23074621273
2021-02-02,65884.62880987239
2021-02-03,65539.02810949397
2021-02-04,65409.43235296322
2021-02-05,66014.22971624446
2021-02-08,65927.83082861018
2021-02-09,65884.62880987239
2021-02-10,67094.2286862762
2021-02-18,68865.42905706477
2021-02-19,68563.03037542413
2021-02-22,68563.03037542413
2021-02-23,68908.63107580256
2021-02-24,66619.03222936702
2021-02-25,66653.8968096721
2021-02-26,64591.412404485556
2021-03-01,64656.26535648427
2021-03-02,64441.76896707616
2021-03-03,64428.19086254485
2021-03-04,63235.57939673157
2021-03-05,62583.974839694216
2021-03-08,63941.480018145754
2021-03-09,64538.77556467743
2021-03-10,64484.4795003006
2021-03-11,65516.17592716904
2021-03-12,65570.47846461029
2021-03-15,65950.5768075058
2021-03-16,66384.97768784256
2021-03-17,66113.47794676512
2021-03-18,66167.78048420639
2021-03-19,65353.2747879097
2021-03-22,65353.2747879097
2021-03-23,65624.77452898712
2021-03-24,65190.380121714785
2021-03-25,65190.380121714785
2021-03-26,65896.28074312897
2021-03-29,66384.97768784256
2021-03-30,66819.37856817932
2021-03-31,66493.57628966065
2021-04-01,67199.47691107483
2021-04-02,67851.07499504776
2021-04-06,68719.87675572129
2021-04-07,68611.2781539032
2021-04-08,68882.77789498062
2021-04-09,69045.67903423996
2021-04-12,69480.07991457672
2021-04-13,69480.07991457672
2021-04-14,69805.87572003098
2021-04-15,69642.97458077164
2021-04-16,70185.98053599091
2021-04-19,70077.37546110839
2021-04-20,69373.32430620701
2021-04-21,68893.53896855561
2021-04-22,69250.21867825935
2021-04-23,68456.44765754291
2021-04-26,69048.6459161813
2021-04-27,69640.84417481968
2021-04-28,69443.44671626636
2021-04-29,69838.24751635143
2021-04-30,69246.04337473461
2021-05-06,67469.44859881946
2021-05-07,67243.0444533724
2021-05-10,68914.79511864322
2021-05-11,65602.31419623792
2021-05-12,65948.51661742627
2021-05-13,62544.215736994134
2021-05-14,63005.81667245327
2021-05-17,64852.21353591381
2021-05-18,65544.61149991449
2021-05-19,65948.51661742627
2021-05-20,63929.01166499555
2021-05-21,63648.556855141964
2021-05-24,63847.758248269405
2021-05-25,63582.15771001562
2021-05-26,64246.157076775875
2021-05-27,63864.35704511388
2021-05-28,63382.95631688818
2021-05-31,63847.758248269405
2021-06-01,64262.75587362036
2021-06-02,63266.75682347998
2021-06-03,62951.35593694433
2021-06-04,62254.15897649512
2021-06-07,62669.156601846065
2021-06-08,63017.75903981909
2021-06-09,62761.658579662115
2021-06-10,64829.558224036955
2021-06-11,65575.36074574258
2021-06-15,64999.062103584074
2021-06-16,60761.562103584074
2021-06-17,62693.85945256021
2021-06-18,65507.561618640684
2021-06-21,65846.56129534509
2021-06-22,65948.26200659538
2021-06-23,67812.76022846963
2021-06-24,66999.15857966212
2021-06-25,67948.35848267343
2021-06-28,69812.86074574258
2021-06-29,69914.56145699289
2021-06-30,71812.96126301553
2021-07-01,70897.66294415262
2021-07-02,70660.36397869851
2021-07-05,72490.96061642435
2021-07-06,72558.76378472116
2021-07-07,76931.86203892496
2021-07-08,77948.86106903816
2021-07-09,79304.8597758558
2021-07-12,83474.556607559
2021-07-13,83271.16326744821
2021-07-14,79643.85945256021
2021-07-15,81271.06275017526
2021-07-16,77440.35751278665
2021-07-19,76287.76022846963
2021-07-20,77982.75861199167
2021-07-21,82186.36106903816
2021-07-22,82762.65971119668
2021-07-23,81982.95964653757
2021-07-26,80423.55951721933
2021-07-27,75677.56404335763
2021-07-28,76389.46093971994
2021-07-29,80626.96093971994
2021-07-30,80452.17463664475
2021-08-02,84787.67845324936
2021-08-03,83453.6797254509
2021-08-04,85788.17749909821
2021-08-05,88789.67463664475
2021-08-06,89523.37711743773
2021-08-09,88923.07291917267
2021-08-10,92391.47597245636
2021-08-11,91991.27317361298
2021-08-12,89389.97883490982
2021-08-13,89056.47915296022
2021-08-16,87322.27762631836
2021-08-17,85854.87266473236
2021-08-18,88256.07355527344
2021-08-19,90056.97819880905
2021-08-20,89790.1736824936
2021-08-23,93725.47470025482
2021-08-24,93191.87361888352
2021-08-25,92258.07768992844
2021-08-26,91924.57800797882
2021-08-27,90390.47788075867
2021-08-30,92791.67877129975
2021-08-31,92971.83703773588
2021-09-01,92843.56843407244
2021-09-02,92714.94649302692
2021-09-03,92808.27623440475
2021-09-06,92862.71434206993
2021-09-07,92819.2047826758
2021-09-08,92555.07215167613
2021-09-09,92085.79563464971
2021-09-10,92325.35452323685
2021-09-13,92343.97059563485
2021-09-14,89560.48764318845
2021-09-15,89244.5967202904
2021-09-16,87404.59847505111
2021-09-17,88435.00275666735
2021-09-22,87772.598124099
2021-09-23,88876.59707124255
2021-09-24,87625.4000192406
2021-09-27,85270.19524629138
2021-09-28,86594.99573762438
2021-09-29,85417.40212495349
2021-09-30,85270.19524629138
2021-10-08,86153.40142304919
2021-10-11,86171.35215430253
2021-10-12,86697.18687586341
2021-10-13,86386.10797358783
2021-10-14,84437.91256381305
2021-10-15,83969.98073913943
2021-10-18,83854.81880553426
2021-10-19,83854.81880553426
2021-10-20,83854.81880553426
2021-10-21,83653.15303468588
2021-10-22,83792.08236304016
2021-10-25,83792.08236304016
2021-10-26,84340.1861962387
2021-10-27,84279.28335037918
2021-10-28,83974.783640773
2021-10-29,84096.58207264633
2021-11-01,85131.8868931839
2021-11-02,84949.18561545105
2021-11-03,85558.18503466339
2021-11-04,85984.48317614288
2021-11-05,86349.88573160858
2021-11-08,86471.6841634819
2021-11-09,86410.7885774681
2021-11-10,86045.3860220024
2021-11-11,85856.95255635497
2021-11-12,85905.99152773136
2021-11-15,88969.630068664
2021-11-16,89638.3006269521
2021-11-17,89978.2030040807
2021-11-18,87712.19841190045
2021-11-19,87938.8022477216
2021-11-22,87712.19841190045
2021-11-23,87938.8022477216
2021-11-24,88958.50262590115
2021-11-25,86692.4980337209
2021-11-26,85559.4991142339
2021-11-29,84199.89635892575
2021-11-30,83973.29927631085
2021-12-01,85332.902031619
2021-12-02,83520.0983578748
2021-12-03,84313.20165343945
2021-12-06,83406.79981656735
2021-12-07,80806.9805860028
2021-12-08,82267.4957164702
2021-12-09,81926.700104135
2021-12-10,81301.89799155566
2021-12-13,81549.23601470355
2021-12-14,82024.86347441794
2021-12-15,82024.86347441794
2021-12-16,82024.86347441794
2021-12-17,81588.6690903199
2021-12-20,79407.66467039708
2021-12-21,80839.40638191035
2021-12-22,83457.72747198632
2021-12-23,82462.72842089226
2021-12-24,82860.72922746232
2021-12-27,81268.7260011821
2021-12-28,81268.7260011821
2021-12-29,79975.22486249497
2021-12-30,84054.72571651032
2021-12-31,85447.72557417443
2022-01-04,88731.22481504967
2022-01-05,88830.7294646888
2022-01-06,87537.22832600167
2022-01-07,86044.72974936059
2022-01-10,86044.72974936059
2022-01-11,83159.22538439324
2022-01-12,83955.22699753335
2022-01-13,82064.72761432221
2022-01-14,82761.22457782319
2022-01-17,85646.72894279053
2022-01-18,83855.72827855637
2022-01-19,84552.22524205735
2022-01-20,82363.22970191529
2022-01-21,81246.2642533212
2022-01-24,82337.46908730558
2022-01-25,79063.86297768644
2022-01-26,79486.265931788
2022-01-27,78078.26727456144
2022-01-28,77902.26324624114
2022-02-07,77689.19280900784
2022-02-08,77764.5481341345
2022-02-09,78341.42586412259
2022-02-10,78949.85783281155
2022-02-11,78039.838830188
2022-02-14,77661.1900224907
2022-02-15,76893.95553950137
2022-02-16,77165.45528057881
2022-02-17,78794.46020010777
2022-02-18,78903.05880192586
2022-02-21,79446.05828408069
2022-02-22,81075.05673054524
2022-02-23,81726.65481451817
2022-02-24,85201.85538414784
2022-02-25,81618.0562127001
2022-02-28,80640.65585020848
2022-03-01,81726.65481451817
2022-03-02,81726.65481451817
2022-03-03,81618.0562127001
2022-03-04,81509.457610882
2022-03-07,85636.2562644846
2022-03-08,86939.45890549489
2022-03-09,88242.65507344075
2022-03-10,86016.35460738011
2022-03-11,87482.45838764973
2022-03-14,88242.65507344075
2022-03-15,85907.75600556203
2022-03-16,87482.45838764973
2022-03-17,87210.95864657231
2022-03-18,89165.75937155553
2022-03-21,89437.25911263295
2022-03-22,92206.55906084843
2022-03-23,92206.55906084843
2022-03-24,91663.55957869359
2022-03-25,90957.6589572794
2022-03-28,89491.55517700978
2022-03-29,88514.15481451817
2022-03-30,86016.35460738011
2022-03-31,86396.45942334004
2022-04-01,81563.76014832326
2022-04-06,83403.9984726596
2022-04-07,80245.94142147304
2022-04-08,82242.34258838893
2022-04-11,79279.94234272242
2022-04-12,77283.54117580653
2022-04-13,76317.54209705592
2022-04-14,79279.94234272242
2022-04-15,79279.94234272242
2022-04-18,76671.74713321925
2022-04-19,76929.34381672145
2022-04-20,73258.54117580653
2022-04-21,71358.74068447354
2022-04-22,70327.56809153588
2022-04-25,69849.6689692977
2022-04-26,69247.87038722068
2022-04-27,69303.67367759539
2022-04-28,69538.49412147462
2022-04-29,70464.09069244325
2022-05-05,70232.69048873842
2022-05-06,70108.0910319513
2022-05-09,70410.69031898439
2022-05-10,69894.49378196658
2022-05-11,69538.49412147462
2022-05-12,70214.89177886903
2022-05-13,69502.89245788514
2022-05-16,69155.30809745529
2022-05-17,68861.4093155358
2022-05-18,68819.20734352805
2022-05-19,68566.00557274558
2022-05-20,69494.40871185996
2022-05-23,69789.80742401816
2022-05-24,68228.40991921167
2022-05-25,68243.232890515
2022-05-26,68688.04978603093
2022-05-27,70262.47656378952
2022-05-30,69840.47696624008
2022-05-31,70178.07261977402
2022-06-01,68912.07382712571
2022-06-02,68912.07382712571
2022-06-06,69123.07362590042
2022-06-07,68399.00013201275
2022-06-08,69785.7543854039
2022-06-09,68161.66194500854
2022-06-10,71074.46390213897
2022-06-13,72729.46232380798
2022-06-14,72332.25954594543
2022-06-15,71835.76396527221
2022-06-16,72133.66604866913
2022-06-17,75278.15910401275
2022-06-20,76337.3612505429
2022-06-21,75344.3621975415
2022-06-22,75377.45979847839
2022-06-23,78257.16415467192
2022-06-24,79250.16320767334
2022-06-27,79912.16257634094
2022-06-28,80905.16162934234
2022-06-29,76966.26301827362
2022-06-30,78124.7658592694
2022-07-01,78521.96074547699
2022-07-04,80375.56055607727
2022-07-05,80673.46263947418
2022-07-06,80143.8615662091
2022-07-07,80015.39267997925
2022-07-08,79982.93754410927
2022-07-11,79799.1932345504
2022-07-12,79490.95652996247
2022-07-13,79780.52657597249
2022-07-14,80161.80307265942
2022-07-15,79795.72069879239
2022-07-18,80447.88590655988
2022-07-19,80258.45598613683
2022-07-20,81137.34535616104
2022-07-21,80992.22495964234
2022-07-22,80913.49498241607
2022-07-25,80237.69877436582
2022-07-26,81294.94686098612
2022-07-27,82417.49236993896
2022-07-28,82890.56172225106
2022-07-29,82752.79063053238
2022-08-01,83864.60098669637
2022-08-02,82863.32455331195
2022-08-03,81374.60784188617
2022-08-04,81682.28516625272
2022-08-05,81723.37216540205
2022-08-08,81934.84128364432
2022-08-09,82039.64895781863
2022-08-10,82112.03133968222
2022-08-11,82400.93336013662
2022-08-12,81726.8305590521
2022-08-15,82400.93336013662
2022-08-16,83075.03042129385
2022-08-17,83556.52996209967
2022-08-18,84423.2302835356
2022-08-19,81919.4338193308
2022-08-22,81726.8305590521
2022-08-23,82400.93336013662
2022-08-24,79223.03409484732
2022-08-25,77240.72338405656
2022-08-26,76831.7998219024
2022-08-29,76107.2160521518
2022-08-30,75783.33661897073
2022-08-31,74816.2324293388
2022-09-01,74193.73276976237
2022-09-02,74995.98269916425
2022-09-05,75506.40877001653
2022-09-06,74772.45307228694
2022-09-07,75481.81064618
2022-09-08,75383.62463057169
2022-09-09,75591.52741792807
2022-09-13,79759.12776353964
2022-09-14,79396.72702911505
2022-09-15,78309.52482584129
2022-09-16,78490.72789314398
2022-09-19,78717.22767713675
2022-09-20,79079.62841156132
2022-09-21,79985.62754753241
2022-09-22,80257.42944839604
2022-09-23,79532.62797954687
2022-09-26,78989.02957800041
2022-09-27,79170.22724512228
2022-09-28,79940.32543066153
2022-09-29,81661.72486904272
2022-09-30,80483.92923238881
2022-10-10,80710.42901638159
2022-10-11,79623.22681310782
2022-10-12,80257.42944839604
2022-10-13,80438.62711551794
2022-10-14,81888.2246530355
2022-10-17,79849.72659710058
2022-10-18,78807.82651069769
2022-10-19,78479.78613677548
2022-10-20,78486.71910080305
2022-10-21,78117.81514390121
2022-10-24,78371.88544545852
2022-10-25,78238.08450971331
2022-10-26,79397.68553052627
2022-10-27,78996.28804002487
2022-10-28,78327.28336129867
2022-10-31,79620.68531785693
2022-11-01,81895.28527532303
2022-11-02,81583.08663640701
2022-11-03,81493.88778482165
2022-11-04,81404.68361650192
2022-11-07,81850.68319116317
2022-11-08,82475.08578572952
2022-11-09,82564.28463731491
2022-11-10,83411.68701921188
2022-11-11,82073.68829522812
2022-11-14,80691.0874870845
2022-11-15,80557.28655133929
2022-11-16,80958.68404184066
2022-11-17,80512.68446717941
2022-11-18,79799.08302102768
2022-11-21,80200.4858282634
2022-11-22,80824.88310609543
2022-11-23,81761.48433957779
2022-11-24,82653.48348890033
2022-11-25,83411.68701921188
2022-11-28,81984.48412690844
2022-11-29,83912.01155188374
2022-11-30,82006.25543162928
2022-12-01,81736.58243762121
2022-12-02,79786.18342028723
2022-12-05,80301.38994799719
2022-12-06,80374.98461352453
2022-12-07,78755.78791247473
2022-12-08,80080.58840380773
2022-12-09,81920.58664904699
2022-12-12,79050.18412219152
2022-12-13,79786.18342028723
2022-12-14,79016.85880567195
2022-12-15,79111.11208462286
2022-12-16,79593.53856818611
2022-12-19,78514.53761832649
2022-12-20,78971.03916184837
2022-12-21,79635.04050748283
2022-12-22,80133.03904311593
2022-12-23,80390.77548889635
2022-12-26,80917.49481742119
2022-12-27,81942.22079998229
2022-12-28,82380.21516090607
2022-12-29,81723.21926838132
2022-12-30,82015.21550899718
2023-01-03,82380.21516090607
2023-01-04,84862.21801525328
2023-01-05,85957.2169709799
2023-01-06,85519.213907778
2023-01-09,86176.21850258086
2023-01-10,85957.2169709799
2023-01-11,86395.22003418181
2023-01-12,85665.22073036406
2023-01-13,86979.22121769164
2023-01-16,86030.22038227294
2023-01-17,86249.21321159575
2023-01-18,86614.21286350462
2023-01-19,86833.21439510558
2023-01-20,88074.22017341826
2023-01-30,88585.21794563504
2023-01-31,86395.22003418181
2023-02-01,87709.22052150939
2023-02-02,87563.21369892333
2023-02-03,86030.22038227294
2023-02-06,84497.21836334441
2023-02-07,85081.21954685423
2023-02-08,85081.21954685423
2023-02-09,86322.21662288878
2023-02-10,85008.21613556122
2023-02-13,84278.56105079055
2023-02-14,84089.83807217135
2023-02-15,84819.72864474032
2023-02-16,82464.52844942782
2023-02-17,81030.92859591219
2023-02-20,82976.52796114657
2023-02-21,83283.73010958407
2023-02-22,83078.92664278719
2023-02-23,82771.73059786532
2023-02-24,82771.73059786532
2023-02-27,81850.13025606844
2023-02-28,82874.12927950594
2023-03-01,84205.33045138094
2023-03-02,84307.72913302157
2023-03-03,83898.12830294344
2023-03-06,83386.12879122469
2023-03-07,81338.13074434969
2023-03-08,82161.70208983032
2023-03-09,82471.27007490405
2023-03-10,81402.06679102365
2023-03-13,83462.46329095546
2023-03-14,82432.26120319552
2023-03-15,81917.16015931554
2023-03-16,80886.9657471437
2023-03-17,84492.66537871546
2023-03-20,85522.85979088728
2023-03-21,86037.96083476726
2023-03-22,90158.76151021902
2023-03-23,93249.36009791083
2023-03-24,93249.36009791083
2023-03-27,93249.36009791083
2023-03-28,90673.862554099
2023-03-29,91188.96359797902
2023-03-30,89128.55942245907
2023-03-31,91188.96359797902
2023-04-03,94794.66322955076
2023-04-04,94794.66322955076
2023-04-06,98400.36286112256
2023-04-07,100460.75936105437
2023-04-10,96855.05972948257
2023-04-11,96855.05972948257
2023-04-12,99430.5649488825
2023-04-13,95309.76427343077
2023-04-14,95824.86531731076
2023-04-17,94279.56218567077
2023-04-18,97885.26181724257
2023-04-19,96339.96636119075
2023-04-20,100975.86040493433
2023-04-21,99109.98668228985
2023-04-24,98596.2172038096
2023-04-25,98740.7239563006
2023-04-26,98596.2172038096
2023-04-27,98740.7239563006
2023-04-28,100474.71885748087
2023-05-04,99896.71768613039
2023-05-05,97393.97247620951
2023-05-08,97104.33553340229
2023-05-09,97304.13163783344
2023-05-10,97770.32960536274
2023-05-11,97681.53604151997
2023-05-12,97037.7297747353
2023-05-15,97415.13417842182
2023-05-16,97126.53392436299
2023-05-17,96771.33849742207
2023-05-18,96677.1254816795
2023-05-19,97398.58907865887
2023-05-22,95950.3969308496
2023-05-23,94834.51763775831
2023-05-24,94704.23876765257
2023-05-25,94671.36338522201
2023-05-26,94326.88288656954
2023-05-29,94613.7700947476
2023-05-30,94808.48494792468
2023-05-31,94285.78012077576
2023-06-01,94885.6832581312
2023-06-02,96542.58544023341
2023-06-05,98672.88152749842
2023-06-06,100645.37964637583
2023-06-07,98436.17987211054
2023-06-08,96621.47972162074
2023-06-09,98751.7852144987
2023-06-12,100171.98574121301
2023-06-13,102381.18551547831
2023-06-14,102516.57637443676
2023-06-15,101913.55730450284
2023-06-16,102743.95486271512
2023-06-19,102743.95486271512
2023-06-20,102951.5563145889
2023-06-21,102951.5563145889
2023-06-26,102605.55664456022
2023-06-27,102051.95552265775
2023-06-28,103089.95453274381
2023-06-29,103574.36067021024
2023-06-30,104058.75855839383
2023-07-03,105373.55400478971
2023-07-04,104958.35935032499
2023-07-05,104889.15611660611
2023-07-06,104681.55466473234
2023-07-07,103989.55532467496
2023-07-10,103297.55598461759
2023-07-11,103781.95387280118
2023-07-12,104266.36001026761
2023-07-13,104958.35935032499
2023-07-14,104750.75789845121
2023-07-17,105304.35902035367
2023-07-18,105788.75690853727
2023-07-19,107449.56027424466
2023-07-20,106688.35770046842
2023-07-21,106342.35803043973
2023-07-24,106688.35770046842
2023-07-25,106480.75624859464
2023-07-26,106688.35770046842
2023-07-27,106965.15413677823
2023-07-28,106203.95981228483
2023-07-31,107353.10935187795
2023-08-01,108382.28701426962
2023-08-02,108631.2808401821
2023-08-03,107386.28796412924
2023-08-04,108481.87979533651
2023-08-07,107286.6833098171
2023-08-08,106838.48017528036
2023-08-09,109079.48397471884
2023-08-10,109228.88501956442
2023-08-11,110025.68663432577
2023-08-14,110673.08720424154
2023-08-15,111569.48160006979
2023-08-16,111420.08055522421
2023-08-17,113212.88122012594
2023-08-18,114507.68235995749
2023-08-21,116848.27894046286
2023-08-22,113312.48587443808
2023-08-23,113212.88122012594
2023-08-24,114009.6828348873
2023-08-25,116400.08767917135
2023-08-28,117545.48777415731
2023-08-29,118292.48112513998
2023-08-30,118043.4872992275
2023-08-31,118292.48112513998
2023-09-01,117047.47637584188
2023-09-04,114906.07723071554
2023-09-05,116151.08198001364
2023-09-06,117943.88264491537
2023-09-07,118093.28368976095
2023-09-08,115902.07628085592
2023-09-11,117047.47637584188
2023-09-12,115752.68710925558
2023-09-13,113910.07818057516
2023-09-14,113312.48587443808
2023-09-15,115702.8788454769
2023-09-18,114806.48444964865
2023-09-19,112554.85096980535
2023-09-20,112405.64823673341
2023-09-21,112064.04972599122
2023-09-22,111600.44842289064
2023-09-25,112088.44795749757
2023-09-26,112015.25326297853
2023-09-27,110380.45540378663
2023-09-28,108550.44842289064
2023-10-09,107511.0525606392
2023-10-10,107511.0525606392
2023-10-11,107511.0525606392
2023-10-12,107511.0525606392
2023-10-13,108217.46084036042
2023-10-16,106675.4577154081
2023-10-17,106996.15152191705
2023-10-18,103483.67970484997
2023-10-19,102282.22976056968
2023-10-20,102282.22976056968
2023-10-23,102173.92333429174
2023-10-24,102240.81848543005
2023-10-25,101839.42631166296
2023-10-26,102288.22720243466
2023-10-27,102288.22720243466
2023-10-30,105275.06668474767
2023-10-31,103981.46932032201
2023-11-01,104216.66629221532
2023-11-02,103393.4698810825
2023-11-03,105039.86971285436
2023-11-06,109979.06920816991
2023-11-07,108215.07089045139
2023-11-08,109038.26730158422
2023-11-09,107862.26842310521
2023-11-10,105980.67161944005
2023-11-13,104922.2712269077
2023-11-14,105392.67218020055
2023-11-15,106568.67105867955
2023-11-16,103746.2723484287
2023-11-17,104922.2712269077
2023-11-20,104922.2712269077
2023-11-21,104216.66629221532
2023-11-22,101982.26702120397
2023-11-23,103746.2723484287
2023-11-24,102570.26646044347
2023-11-27,102805.470441843
2023-11-28,102425.19296009248
2023-11-29,102542.6914473266
2023-11-30,102425.19296009248
2023-12-01,101837.69352037614
2023-12-04,101955.19200761025
2023-12-05,100780.19312817758
2023-12-06,102190.19598562425
2023-12-07,101250.1940806598
2023-12-08,102777.69542534059
2023-12-11,103600.19183952516
2023-12-12,104657.69223172372
2023-12-13,105832.6911111564
2023-12-14,107125.19548136895
2023-12-15,105832.6911111564
2023-12-18,106537.69604165261
2023-12-19,107125.19548136895
2023-12-20,107477.6909430713
2023-12-21,106067.6950891704
2023-12-22,106655.19452888674
2023-12-25,106772.69301612086
2023-12-26,107376.26823717079
2023-12-27,105193.91853330951
2023-12-28,104076.02239358709
2023-12-29,103761.21706474111
2024-01-02,103603.81909120367
2024-01-03,102029.82059228704
2024-01-04,103367.71744001195
2024-01-05,102344.61653936193
2024-01-08,104390.81834066198
2024-01-09,107853.62066734121
2024-01-10,108798.01789033698
2024-01-11,113834.81871593282
2024-01-12,114621.81796539114
2024-01-15,119973.42411983295
2024-01-16,114857.91961658285
2024-01-17,113677.42074239538
2024-01-18,113913.52239358709
2024-01-19,114936.62329423713
2024-01-22,122177.02389467046
2024-01-23,128158.22194326208
2024-01-24,120130.82209337041
2024-01-25,110450.72006690786
2024-01-26,109348.92487037466
2024-01-29,112811.7178152828
2024-01-30,118005.9166144161
2024-01-31,111552.52464521215
2024-02-01,111788.61691463277
2024-02-02,112733.02351939962
2024-02-05,112890.42149293706
2024-02-06,109506.3228439121
2024-02-07,107302.72306907461
2024-02-08,108825.41335011266
2024-02-19,108054.71671009804
2024-02-20,106758.76201076579
2024-02-21,105896.36577053138
2024-02-22,107374.76876659464
2024-02-23,108914.76729793618
2024-02-26,108237.165006829
2024-02-27,108606.76759166787
2024-02-28,109961.96483059
2024-02-29,109284.36253948281
2024-03-01,109838.76641674111
2024-03-04,110639.56712169717
2024-03-05,110331.56741542886
2024-03-06,109838.76641674111
2024-03-07,109530.7667104728
2024-03-08,111009.1623632438
2024-03-11,110639.56712169717
2024-03-12,109422.2903519418
2024-03-13,108341.38995106482
2024-03-14,106900.18703038953
2024-03-15,106179.5891493108
2024-03-18,106541.45351769128
2024-03-19,105874.89468613469
2024-03-20,105769.38975611534
2024-03-21,106191.39689961278
2024-03-22,103448.39448490943
2024-03-25,104081.39262357558
2024-03-26,103870.39534011685
2024-03-27,102393.39549103583
2024-03-28,104292.38990703426
2024-03-29,107879.3877438625
2024-04-01,109989.39830818975
2024-04-02,111149.88965550267
2024-04-03,114947.89106407964
2024-04-08,114631.38885060155
2024-04-09,115053.39599409902
2024-04-10,115791.89277449452
2024-04-11,115475.39056101644
2024-04-12,116635.89448490941
2024-04-15,116530.38955489003
2024-04-16,111360.88693896138
2024-04-17,113787.38714018666
2024-04-18,115369.8982075771
2024-04-19,114631.38885060155
2024-04-22,111993.89136591753
2024-04-23,106824.38874998891
2024-04-24,107879.3877438625
2024-04-25,108934.3867377361
2024-04-26,111888.38643589818
2024-04-29,111255.39458552205
2024-04-30,110200.39559164846
2024-05-06,107306.1194213211
2024-05-07,106227.717235881
2024-05-08,105149.31505044097
2024-05-09,105149.31505044097
2024-05-10,104610.12199242707
2024-05-13,104610.12199242707
2024-05-14,103531.71980698698
2024-05-15,102992.51871426696
2024-05-16,104610.12199242707
2024-05-17,105688.51614316099
2024-05-20,106766.91832860108
2024-05-21,107131.92569698888
2024-05-22,108498.02953686315
2024-05-23,105909.62857689458
2024-05-24,102314.63200535375
2024-05-27,103321.227616926
2024-05-28,100085.73070253927
2024-05-29,100445.23035969335
2024-05-30,98072.53090824682
2024-05-31,98605.74362311256
2024-06-03,97251.03762183082
2024-06-04,97619.6159107549
2024-06-05,97268.82042716573
2024-06-06,97444.21816896032
2024-06-07,97268.82042716573
2024-06-11,95779.88184313872
2024-06-12,95640.88818805755
2024-06-13,97530.87994831146
2024-06-14,97530.87994831146
2024-06-17,97980.89024799407
2024-06-18,99240.88475483001
2024-06-19,99240.88475483001
2024-06-20,99780.8885313803
2024-06-21,98520.8832957083
2024-06-24,98160.88793056548
2024-06-25,96990.88690059722
2024-06-26,98520.8832957083
2024-06-27,98430.88981884063
2024-06-28,99690.88432567657
2024-07-01,99510.88664310516
2024-07-02,99690.88432567657
2024-07-03,101850.88870304168
2024-07-04,102210.8840681845
2024-07-05,103020.88973300993
2024-07-08,104010.88235157073
2024-07-09,104460.88192241729
2024-07-10,103650.88698642791
2024-07-11,104910.88149326383
2024-07-12,101040.88303821624
2024-07-15,100576.2110766559
2024-07-16,99489.01427356295
2024-07-17,99217.2123726993
2024-07-18,99548.77196622807
2024-07-19,97191.97304321248
2024-07-22,96062.67294956165
2024-07-23,97388.37636781651
2024-07-24,96651.87707019765
2024-07-25,93853.17505670506
2024-07-26,93915.8171990309
2024-07-29,91969.81905488111
2024-07-30,93429.31766299346
2024-07-31,98002.4167814646
2024-08-01,98391.62336973287
2024-08-02,95764.5223954115
2024-08-05,91191.41747740842
2024-08-06,92706.31649692352
2024-08-07,91494.99412199027
2024-08-08,90676.3652149379
2024-08-09,90676.3652149379
2024-08-12,90676.3652149379
2024-08-13,90676.3652149379
2024-08-14,90676.3652149379
2024-08-15,90676.3652149379
2024-08-16,90676.3652149379
2024-08-19,88887.82869521539
2024-08-20,90951.62383262078
2024-08-21,91012.32666913429
2024-08-22,91619.32609025399
2024-08-23,91012.32666913429
2024-08-26,90587.42852155131
2024-08-27,90283.92157498757
2024-08-28,90708.82695857444
2024-08-29,89859.02342740457
2024-08-30,90344.62441150109
2024-09-02,89859.02342740457
2024-09-03,89859.02342740457
2024-09-04,86034.92562714974
2024-09-05,85585.04754987323
2024-09-06,85142.04797235095
2024-09-09,84521.84539523683
2024-09-10,84078.84581771455
2024-09-11,84256.04881730636
2024-09-12,85159.42545441125
2024-09-13,86383.42428711388
2024-09-18,86352.82650497888
2024-09-19,86215.12189415429
2024-09-20,87179.0249874923
2024-09-23,87913.42282799218
2024-09-24,87699.22376183007
2024-09-25,86088.88625684152
2024-09-26,88469.58548012147
2024-09-27,94859.89282908807
2024-09-30,104132.08548012147
2024-10-08,107013.98571911226
2024-10-09,104944.11516233106
2024-10-10,104944.11516233106
2024-10-11,104944.11516233106
2024-10-14,106004.05044879517
2024-10-15,102995.90698964505
2024-10-16,101004.91104609877
2024-10-17,99918.9034510365
2024-10-18,105710.90440041928
2024-10-21,106887.40543610959
2024-10-22,107792.40457303434
2024-10-23,108787.90793902783
2024-10-24,106706.40776641278
2024-10-25,111593.40957887082
2024-10-28,111502.90534980207
2024-10-29,109240.4075074902
2024-10-30,107792.40457303434
2024-10-31,108244.9041414967
2024-11-01,107701.91113240628
2024-11-04,108082.58610989474
2024-11-05,108082.58610989474
2024-11-06,108082.58610989474
2024-11-07,108082.58610989474
2024-11-08,108082.58610989474
2024-11-11,108082.58610989474
2024-11-12,108082.58610989474
2024-11-13,108082.58610989474
2024-11-14,108082.58610989474
2024-11-15,108082.58610989474
2024-11-18,108082.58610989474
2024-11-19,108082.58610989474
2024-11-20,108082.58610989474
2024-11-21,108082.58610989474
2024-11-22,108082.58610989474
2024-11-25,108082.58610989474
2024-11-26,108082.58610989474
2024-11-27,108082.58610989474
2024-11-28,108082.58610989474
2024-11-29,108082.58610989474
2024-12-02,108082.58610989474
2024-12-03,108082.58610989474
2024-12-04,108082.58610989474
2024-12-05,108082.58610989474
2024-12-06,108082.58610989474
2024-12-09,108082.58610989474
2024-12-10,108082.58610989474
2024-12-11,108082.58610989474
2024-12-12,108082.58610989474
2024-12-13,108082.58610989474
2024-12-16,108082.58610989474
2024-12-17,108082.58610989474
2024-12-18,108082.58610989474
2024-12-19,108082.58610989474
2024-12-20,108082.58610989474
2024-12-23,108082.58610989474
2024-12-24,108858.90267666006
2024-12-25,108858.90267666006
2024-12-26,114019.0061437669
2024-12-27,111673.50838061002
2024-12-30,110266.20552863504
2024-12-31,106513.40491350318
2025-01-02,106555.10292393024
2025-01-03,106042.09933620747
2025-01-06,108949.10267931277
2025-01-07,108094.10349470432
2025-01-08,107495.59591156301
2025-01-09,107068.09631925878
2025-01-10,106640.59672695454
2025-01-13,103990.09517771061
2025-01-14,104510.15608861932
2025-01-15,105094.96291234979
2025-01-16,105438.96258428582
2025-01-17,105731.35779455194
2025-01-20,105524.95635107049
2025-01-21,105524.95635107049
2025-01-22,106453.762846737
2025-01-23,106556.9553668786
2025-01-24,107090.15772893914
2025-01-27,106814.96127202996
2025-02-05,110891.36107519158
2025-02-06,110254.95799139031
2025-02-07,110564.56015661248
2025-02-10,112250.16100957879
2025-02-11,113385.36074712762
2025-02-12,112594.16068151483
2025-02-13,113144.5617969323
2025-02-14,113746.55917242059
2025-02-17,111837.3581226159
2025-02-18,112886.55589178094
2025-02-19,116032.52899558506
2025-02-20,117304.2294672247
2025-02-21,122249.73317296467
2025-02-24,119988.92859132252
2025-02-25,120130.23519427738
2025-02-26,124934.43229706249
2025-02-27,124651.83593542538
2025-02-28,118999.8329034563
2025-03-03,117728.13243181667
2025-03-04,118434.63175804577
2025-03-05,119706.3322296854
2025-03-06,119988.92859132252
2025-03-07,120412.8315559145
2025-03-10,117586.83425099812
2025-03-11,117869.43061263523
2025-03-12,118717.22811968288
2025-03-13,117728.13243181667
2025-03-14,123521.4336446043
2025-03-17,122673.62771542034
2025-03-18,126347.43094952068
2025-03-19,127901.72778279742
2025-03-20,129597.33121902905
2025-03-21,123521.4336446043
2025-03-24,122814.9343183752
2025-03-25,121119.3308821436
2025-03-26,121825.83020837269
2025-03-27,122250.86183429163
2025-03-28,124506.26907229822
2025-03-31,125830.86695552271
2025-04-01,126618.46961856287
2025-04-02,126135.1619708578
2025-04-03,127298.66299510401
2025-04-07,123414.36285853785
2025-04-08,124273.56886744898
2025-04-09,125830.86695552271
2025-04-10,128551.66606784266
2025-04-11,130502.7612197439
2025-04-14,131469.36797976893
2025-04-15,131433.56203914087
2025-04-16,134619.7615611593
2025-04-17,135729.56647754114
2025-04-18,136051.76873088282
2025-04-21,138575.66504359644
2025-04-22,143193.86319995325
2025-04-23,134566.06545329493
2025-04-24,136033.86149287623
2025-04-25,135103.06920886438
2025-04-28,133939.56818461817
2025-04-29,134870.36900401514
2025-04-30,134046.96893573203
2025-05-06,136570.86524844568
2025-05-07,137626.965521578
2025-05-08,135586.36832118433
2025-05-09,135120.96791148584
2025-05-12,132346.4641559164
2025-05-13,129357.28408663756
2025-05-14,130238.68149488456
2025-05-15,129651.08906000144
2025-05-16,129395.43538232916
2025-05-19,129395.43538232916
2025-05-20,131197.44440456503
2025-05-21,131557.839764558
2025-05-22,130296.44526382559
2025-05-23,129845.94569345587
2025-05-26,128494.43624158972
2025-05-27,126572.22895661065
2025-05-28,126581.51461588027
2025-05-29,127194.51403127791
2025-05-30,126213.7266586888
2025-06-03,127807.52806173445
2025-06-04,129401.31484972121
2025-06-05,128910.92116342665
2025-06-06,130504.72256647234
2025-06-09,130872.52513872267
2025-06-10,129909.0543189795
2025-06-11,130012.9352711013
2025-06-12,129574.54091532741
2025-06-13,128149.73966105495
2025-06-16,127018.48008790512
2025-06-17,125949.67792192001
2025-06-18,126016.47308030624
2025-06-19,125381.87925973434
2025-06-20,124897.57454553146
2025-06-23,125920.14373461349
2025-06-24,127613.9387540017
2025-06-25,129872.34333078013
2025-06-26,130436.94447497472
2025-06-27,133824.54292694677
2025-06-30,136647.54023472412
2025-07-01,136647.54023472412
2025-07-02,133259.9417827521
2025-07-03,136647.54023472412
2025-07-04,134953.7368021403
2025-07-07,133824.54292694677
2025-07-08,140035.13868669613
2025-07-09,140035.13868669613
2025-07-10,140035.13868669613
2025-07-11,139470.53754250152
2025-07-14,139470.53754250152
2025-07-15,147939.5378790294
2025-07-16,147939.5378790294
2025-07-17,153585.54932097543
2025-07-18,153020.93976358522
2025-07-21,153585.54932097543
2025-07-22,153020.93976358522
2025-07-23,152456.34703258617
2025-07-24,153585.54932097543
2025-07-25,153585.54932097543
2025-07-28,156408.54662875284
2025-07-29,163183.74353269686
2025-07-30,163748.3362636958
2025-07-31,164877.53855208505
2025-08-01,162054.5412443076
2025-08-04,163183.74353269686
2025-08-05,166006.74084047426
2025-08-06,166571.3335714732
2025-08-07,166006.74084047426
2025-08-08,166006.74084047426
2025-08-11,169394.34770564182
2025-08-12,175040.3423211967
2025-08-13,186332.34837869747
2025-08-14,181815.53922514064
2025-08-15,183509.33424452884
2025-08-18,191413.73343686206
2025-08-19,198753.5398981963
2025-08-20,199318.13262919534
2025-08-21,197624.33760980715
2025-08-22,204964.14407114137
2025-08-25,219079.14743641962
2025-08-26,214562.3382828628
2025-08-27,220208.33289841755
2025-08-28,240533.94043664087
2025-08-29,240533.94043664087
2025-09-01,254648.94380191906
2025-09-02,239969.34770564182
2025-09-03,244486.14003280742
2025-09-04,221902.14474419702
2025-09-05,237146.3335714732
2025-09-08,225289.73478297336
2025-09-09,220772.94245580776
2025-09-10,230935.74622491945
2025-09-11,254084.33424452884
2025-09-12,246744.54460958584
2025-09-15,242792.34501341928
2025-09-16,244486.14003280742
2025-09-17,245050.73276380647
2025-09-18,250132.1346483623
2025-09-19,252390.53922514064
2025-09-22,255213.5365329181
2025-09-23,257471.94110969652
2025-09-24,255778.14609030832
2025-09-25,261424.14070586307
2025-09-26,253519.7415135299
2025-09-29,256907.34837869747
2025-09-30,251825.94649414165
2025-10-09,254084.33424452884
2025-10-10,254267.08356613584
2025-10-13,254267.08356613584
2025-10-14,254267.08356613584
2025-10-15,254267.08356613584
2025-10-16,254267.08356613584
2025-10-17,254267.08356613584
2025-10-20,254267.08356613584
2025-10-21,254267.08356613584
2025-10-22,254267.08356613584
2025-10-23,254267.08356613584
2025-10-24,254267.08356613584
2025-10-27,254267.08356613584
2025-10-28,254267.08356613584
2025-10-29,254267.08356613584
2025-10-30,254267.08356613584
2025-10-31,254267.08356613584
2025-11-03,254267.08356613584
2025-11-04,254267.08356613584
2025-11-05,254267.08356613584
2025-11-06,254267.08356613584
2025-11-07,254267.08356613584
2025-11-10,254267.08356613584
2025-11-11,254267.08356613584
2025-11-12,254267.08356613584
2025-11-13,254267.08356613584
2025-11-14,254267.08356613584
2025-11-17,254267.08356613584
2025-11-18,254267.08356613584
2025-11-19,254267.08356613584
2025-11-20,254267.08356613584
2025-11-21,254267.08356613584
2025-11-24,251455.06761549946
2025-11-25,254233.473246088
2025-11-26,252844.27043079372
2025-11-27,251936.76831006192
2025-11-28,253527.07278012412
2025-12-01,256149.66894864224
2025-12-02,254782.57490872525
2025-12-03,254336.15404843472
2025-12-04,253443.36554288058
2025-12-05,255452.15298413418
2025-12-08,254726.75234555386
2025-12-09,252941.1487269321
2025-12-10,254457.04149199228
2025-12-11,249038.8896308504
2025-12-12,248337.4651213029
2025-12-15,249376.17247609247
2025-12-16,246423.5708525573
2025-12-17,248285.58810261835
2025-12-18,248498.37267903442
2025-12-19,248365.36963490595
2025-12-22,253632.16841725458
2025-12-23,257343.77661613913
2025-12-24,261615.5803766677
2025-12-25,263915.7703485915
2025-12-26,269501.9767728278
2025-12-29,266215.9799066016
2025-12-30,271473.57097534626
2025-12-31,270816.3794365355
2026-01-05,273773.78053335636
2026-01-06,284288.98225693195
2026-01-07,282974.5795932242
2026-01-08,280017.1784964034
2026-01-09,280674.3700352141
2026-01-12,278045.5842938849
2026-01-13,279688.582726998
2026-01-14,281331.5811601111
2026-01-15,284288.98225693195
2026-01-16,282317.3880544135
2026-01-19,291518.18711428135
2026-01-20,295789.97128872364
2026-01-21,297761.5850773284
2026-01-22,301704.7734823654
2026-01-23,304333.57880978077
2026-01-26,303347.7719154785
2026-01-27,299733.17927984684
2026-01-28,299283.7623655639
2026-01-29,299283.7623655639
2026-01-30,299283.7623655639
2026-02-02,299283.7623655639
2026-02-03,308611.6333544633
2026-02-04,306902.91122479097
2026-02-05,306902.91122479097
2026-02-06,306179.1860916264
2026-02-09,313631.26922687405
2026-02-10,313631.26922687405
2026-02-11,313631.26922687405
2026-02-12,313631.26922687405
2026-02-13,310196.50333962386
2026-02-24,315060.40488567046
2026-02-25,315060.40488567046
2026-02-26,315060.40488567046
2026-02-27,315060.40488567046
2026-03-02,315060.40488567046
2026-03-03,315060.40488567046
2026-03-04,315060.40488567046
2026-03-05,315060.40488567046
2026-03-06,314588.4264417595
2026-03-09,305302.04221686785
2026-03-10,312865.2687940751
2026-03-11,308311.2533960496
2026-03-12,304411.98945646465
2026-03-13,313125.7105101205
2026-03-16,305166.60845170985
2026-03-17,303547.7971304513
2026-03-18,303682.68735300074
2026-03-19,302738.39146982203
2026-03-20,297477.2868383981
2026-03-23,300849.7997034646
2026-03-24,302468.61102472316
2026-03-25,291271.8863237954
2026-03-26,291541.6989315606
2026-03-27,286280.59430013667
2026-03-30,288034.29584394465
2026-03-31,279265.78812490474
2026-04-01,275353.68220697413
2026-04-02,275155.12691002147
2026-04-03,271351.7254994418
2026-04-07,272725.84764003597
2026-04-08,292799.4518423065
2026-04-09,293778.66841792903
2026-04-10,299164.2574453338
2026-04-13,297695.447173117
2026-04-14,303570.6590795501
2026-04-15,298674.6637487396
2026-04-16,309445.87098598323
2026-04-17,324623.4506750091
2026-04-20,328540.2586126312
2026-04-21,327561.0712194427
2026-04-22,346165.8651494964
2026-04-23,341759.4635152801
2026-04-24,328050.66491603694
2026-04-27,331967.44367122493
2026-04-28,325113.04437160335
2026-04-29,325113.04437160335
2026-04-30,323644.26328182063
2026-05-06,330988.25627803645
2026-05-07,346165.8651494964
2026-05-08,350082.6439046844
2026-05-11,363301.8488073333
2026-05-12,367708.25044154964
2026-05-13,381417.0490407928
2026-05-14,377989.86398219905
2026-05-15,367218.6567449554
2026-05-18,371625.0583791717
2026-05-19,370156.2481069549
2026-05-20,368670.1797204751
2026-05-21,375401.3790326851
2026-05-22,381892.19576890644
2026-05-25,395594.9769693154
2026-05-26,388142.5726133126
2026-05-27,396556.59324701
2026-05-28,395835.38820321736
2026-05-29,407374.5829301613
2026-06-01,424202.59553964314
2026-06-02,417230.9849935311
2026-06-03,410499.785681321
2026-06-04,402326.17628152546
2026-06-05,394633.3893495339
2026-06-08,377324.5829301613
2026-06-09,394743.38719077926
2026-06-10,377748.7069660139
2026-06-11,378419.89832458016
2026-06-12,384796.3162475538
2026-06-15,411140.88712272164
2026-06-16,412315.5220085096
2026-06-17,412818.9255290937
2026-06-18,424397.126489253
2026-06-22,437485.49800452706
2026-06-23,410805.3114467573
2026-06-24,414329.09608420846
2026-06-25,435304.09608420846
2026-06-26,423390.3194480848
2026-06-29,417517.3050456953
2026-06-30,422551.30024489877
2026-07-01,416174.9223285627
2026-07-02,400737.3210483503
2026-07-03,410134.120088191
2026-07-06,414664.7117668104
2026-07-07,404596.7213684034
2026-07-08,393354.09608420846
2026-07-09,404194.26982831984
2026-07-10,396340.28583002114
2026-07-13,392056.2984271052
2026-07-14,393468.12719487987
2026-07-15,397560.0001663612
2026-07-16,382471.14461101516
2026-07-17,378021.1276356123
2026-07-20,388167.1561542891
2026-07-21,391193.1490246199
2026-07-22,394041.15479625686
2026-07-23,399381.149703636
2026-07-24,407747.13748134597
2026-07-27,401339.1351047896
2026-07-28,377665.15343822463
2026-07-29,379267.1646419905
2026-07-30,371791.15479625686
