symbol,entry_date,entry_completed_date,exit_date,exit_completed_date,buy_fill_count,sell_fill_count,quantity,average_buy_price,average_sell_price,buy_cost,sell_proceeds,total_fees,net_pnl,net_return,holding_days,outcome
159941.SZ,2018-07-02,2018-08-07,2018-08-08,2018-08-16,27,7,14800.0,0.4133088745638727,0.4177878354279576,6251.971343545316,6148.259964333773,170.0,-103.71137921154332,-0.01658858838478483,33,负
159941.SZ,2018-09-05,2018-09-11,2018-09-12,2018-09-19,5,6,10800.0,0.426611711192131,0.42526534114488296,4632.4064808750145,4562.865684364736,55.0,-69.5407965102786,-0.015011807965768842,10,负
513500.SH,2018-08-08,2018-10-10,2018-09-05,2018-10-22,20,13,205100.0,0.9167943774251603,0.8985249979758251,188134.5268099004,184222.44052050912,165.03656433260022,-3912.086289391271,-0.02079409003613797,47,负
518880.SH,2018-10-15,2018-10-22,2018-11-13,2018-11-13,6,1,35100.0,2.7270861884051922,2.6927648990631106,95753.65258687448,94487.69314272805,61.282188239360806,-1265.9594441464287,-0.01322100421180128,21,负
512880.SH,2018-11-13,2018-11-13,2018-12-03,2018-12-03,1,1,126000.0,0.7509000000000001,0.8030352200031281,94641.78402,101152.08298907802,58.73875131611824,6510.298969078009,0.06878884455202394,14,胜
518880.SH,2018-12-03,2018-12-03,2018-12-04,2018-12-04,1,1,37100.0,2.724265156078339,2.72372759809494,101100.55836169353,101019.97880115548,60.636159353948585,-80.57956053805538,-0.0007970238922893058,1,负
512880.SH,2018-12-04,2018-12-04,2018-12-12,2018-12-12,1,1,127700.0,0.7909480214834214,0.7660796195268631,101034.36356213593,97799.01890335634,59.64972892710399,-3235.3446587795916,-0.03202222040810765,6,负
518880.SH,2018-12-12,2018-12-12,2018-12-14,2018-12-14,1,1,35400.0,2.7593072420120244,2.7437035790443423,97708.78021013584,97097.96856616027,58.441974919618616,-610.8116439755686,-0.006251348575449733,2,负
512200.SH,2018-12-14,2018-12-14,2018-12-17,2018-12-17,1,1,600.0,2.1505776019096374,2.0785028895378113,1295.3465611457825,1242.1017337226867,10.0,-53.244827423095785,-0.04110469662728622,1,负
518880.SH,2018-12-17,2018-12-17,2019-01-17,2019-01-17,1,1,35300.0,2.7472927579879762,2.8026327942848206,97008.52818728265,98903.25775696269,58.77371159856891,1894.729569680043,0.019531577327120297,21,胜
512880.SH,2019-01-17,2019-01-17,2019-01-31,2019-01-31,1,1,125000.0,0.7919492085933686,0.7670784066677093,99023.34916949333,95856.03539321363,58.463535572290425,-3167.313776279698,-0.03198552465498172,10,负
159920.SZ,2019-01-31,2019-01-31,2019-02-25,2019-02-25,1,1,66200.0,1.44673405251503,1.5081879904747009,95802.52641477794,99812.09235593438,58.68475177377606,4009.565941156441,0.04185240297105519,12,胜
512980.SH,2019-02-25,2019-03-11,2019-03-27,2019-04-04,11,7,119000.0,0.8391208643465082,0.882390287863627,99910.38285723448,104969.44425577162,90.0,5059.061398537146,0.050635992515074335,28,胜
159941.SZ,2019-03-28,2019-05-14,2019-05-15,2019-06-20,30,26,31000.0,0.4137010849561516,0.40620350872208033,12974.733633640699,12462.30877038449,280.0,-512.4248632562085,-0.0394940565043741,55,负
518880.SH,2019-05-15,2019-06-20,2019-07-02,2019-07-02,26,1,36400.0,2.8651593791083974,3.0483376457214355,104444.52865275826,110926.20245716897,186.0151003038702,6481.673804410704,0.06205852894372299,33,胜
513500.SH,2019-07-02,2019-07-02,2019-07-04,2019-07-04,1,1,116100.0,0.9545704219937323,0.9653863947689532,110858.87368127036,112047.73602454565,66.87209592784433,1188.8623432752938,0.010724106278523049,2,胜
518880.SH,2019-07-04,2019-07-04,2019-07-24,2019-07-24,1,1,35600.0,3.1457703598976137,3.1362321047782897,112023.02163979875,111616.36797122809,67.09178632273864,-406.6536685706669,-0.003630090160201438,14,负
513500.SH,2019-07-24,2019-07-24,2019-07-31,2019-08-01,1,2,115000.0,0.970613594740629,0.970121430963511,111654.0495641909,111530.49537143552,66.95535838679282,-123.55419275537133,-0.0011065804889086595,6,负
518880.SH,2019-07-31,2019-08-01,2019-08-02,2019-08-02,2,1,35300.0,3.1564545873625756,3.1831756361961365,111456.2737879791,112332.3901277363,67.13668406748675,876.1163397572091,0.00786062829826717,2,胜
159941.SZ,2019-08-02,2019-08-06,2019-08-07,2019-08-09,3,3,2500.0,0.42779192475831507,0.4265651555529832,1084.4798118957876,1051.412888882458,30.0,-33.06692301332964,-0.030491045246407222,5,负
518880.SH,2019-08-07,2019-08-09,2019-09-03,2019-09-03,3,1,33500.0,3.3502990785519047,3.505787990474701,112278.48578289803,117408.66451159822,78.69982071349335,5130.1787287001935,0.04569155607085684,19,胜
512660.SH,2019-09-03,2019-09-04,2019-09-26,2019-09-26,2,1,137600.0,0.8536517749026765,0.7970423780918121,117500.86800855376,109640.12931606571,71.2856913131101,-7860.738692488056,-0.06689940955938989,16,负
513500.SH,2019-10-09,2019-10-09,2019-10-10,2019-10-10,1,1,68000.0,0.9635947253406048,0.9613971866846084,65544.09865555807,65355.396191945,39.26983500531435,-188.70246361307363,-0.002879015311580191,1,负
512980.SH,2019-09-26,2019-10-08,2019-10-09,2019-10-16,4,6,77000.0,0.7611122568593707,0.7464447423979215,58625.64377817154,57446.24516463996,50.0,-1179.3986135315863,-0.020117452662766655,9,负
513500.SH,2019-10-23,2019-10-23,2019-10-24,2019-10-24,1,1,51900.0,0.9926730095624924,0.9863297223508357,51535.18511505224,51175.15543623137,30.813072535890512,-360.0296788208725,-0.00698609460734656,1,负
512200.SH,2019-10-11,2019-10-18,2019-10-21,2019-10-28,6,6,4100.0,2.4406081621774813,2.4117609271514704,10036.493464927673,9858.219801321029,60.0,-178.27366360664382,-0.017762544680531844,11,负
513500.SH,2019-12-12,2019-12-16,2019-12-17,2019-12-18,3,2,96900.0,1.043990735477412,1.046665824021422,101193.05107844155,101391.49177217149,60.7753861846311,198.44069372993545,0.001961011073538188,4,胜
159941.SZ,2019-10-29,2019-12-18,2019-12-12,2019-12-27,34,10,25400.0,0.47134400483951794,0.47946964069583753,12142.137722923755,12128.528873674273,220.0,-13.608849249481864,-0.001120795164741839,43,负
512980.SH,2019-12-19,2019-12-27,2020-01-17,2020-01-21,7,3,130200.0,0.8290612682810212,0.911003017372415,107984.1077832971,118576.20362443924,76.71989055733467,10592.09584114213,0.09808939536175432,22,胜
512400.SH,2020-01-17,2020-01-21,2020-02-04,2020-02-05,3,2,162100.0,0.7313040415871078,0.6277338012310842,118580.74332681672,101725.1224848049,66.88488030040645,-16855.62084201182,-0.14214467180018064,7,负
159941.SZ,2020-02-04,2020-02-18,2020-02-24,2020-02-27,11,4,181800.0,0.5591359618687163,0.5175520919419981,101705.91786773263,94062.74302396073,83.22729109451657,-7643.1748437718925,-0.07514975533392021,17,负
512880.SH,2020-02-24,2020-02-27,2020-03-02,2020-03-02,4,1,89100.0,1.055272656985753,0.9997988466739655,94053.0011755518,89055.35261547873,54.93206129282427,-4997.648560073081,-0.0531365134297509,5,负
512980.SH,2020-03-02,2020-03-03,2020-03-05,2020-03-06,2,2,98400.0,0.9045180419602532,0.931344465221719,89033.22867826231,91616.097848238,56.85087895255232,2582.869169975689,0.029010170790383816,4,胜
512660.SH,2020-03-05,2020-03-06,2020-03-17,2020-03-17,2,1,103700.0,0.8831607400891637,0.8000387990474701,91611.94848968579,82939.13425418428,53.06894947789025,-8672.814235501515,-0.09466902929674015,8,负
515880.SH,2020-03-17,2020-03-17,2020-03-19,2020-03-19,1,1,410200.0,0.20224240704178803,0.19077079964280125,82984.723319152,78230.70575887302,48.36420521460555,-4754.017560278982,-0.05728786420116683,2,负
518880.SH,2020-03-31,2020-03-31,2020-04-02,2020-04-02,1,1,21800.0,3.5872995446205147,3.521768822860718,78226.59101174904,76751.52797026213,46.493307123327256,-1475.0630414869083,-0.018856286876483774,2,负
518880.SH,2020-04-08,2020-04-08,2020-04-29,2020-04-29,1,1,21000.0,3.64737148733139,3.724525291442871,76617.77967432939,78191.5666109642,46.442949706277844,1573.7869366348168,0.02054075363870278,15,胜
159941.SZ,2020-04-29,2020-05-06,2020-05-14,2020-05-15,3,2,148800.0,0.5260475489797971,0.50684958872437,78302.40711739568,75396.5930365456,49.157594842517426,-2905.8140808500757,-0.03711015009402585,9,负
512660.SH,2020-05-14,2020-05-15,2020-05-25,2020-05-25,2,1,89800.0,0.8390591037946715,0.8090280023813248,75370.11177301774,72628.91939945881,44.399466640381334,-2741.1923735589226,-0.036369753328935106,7,负
518880.SH,2020-05-25,2020-05-25,2020-05-27,2020-05-27,1,1,18800.0,3.8596260190963747,3.8403860285758973,72582.73744975954,72177.5975600257,43.428067948871615,-405.1398897338513,-0.005581766463606863,2,负
159941.SZ,2020-05-27,2020-05-28,2020-06-01,2020-06-02,2,2,135800.0,0.5319677879284775,0.5289773143139521,72262.89796836746,71813.56874804954,43.22290346535658,-449.3292203179153,-0.006217979529614337,4,负
518880.SH,2020-06-01,2020-06-02,2020-06-05,2020-06-05,2,1,18400.0,3.887550791546055,3.8403860285758973,71552.39384481675,70641.90399491877,42.65821124707317,-910.4898498979746,-0.012724799283063137,4,负
513520.SH,2020-06-05,2020-06-09,2020-06-30,2020-07-03,3,4,64900.0,1.0924455227018504,1.0701551399007598,70920.98433767709,69427.90682378369,46.43167010263407,-1493.0775138933968,-0.02105269022754097,18,负
512980.SH,2020-06-30,2020-07-03,2020-07-21,2020-07-22,4,2,73500.0,0.943130391237752,1.0220129309341535,69345.2262578274,75092.22887934964,50.864046163262365,5747.002621522246,0.08287524508399091,16,胜
512200.SH,2020-07-24,2020-07-24,2020-07-30,2020-07-30,1,1,27800.0,2.6952303121566774,2.638829559993744,74949.88089875902,73337.45392929573,44.48605933373452,-1612.4269694632821,-0.02151340269161095,4,负
512980.SH,2020-07-30,2020-07-31,2020-08-05,2020-08-06,2,2,72800.0,1.0099701192641979,0.9970013242340351,73551.6050888374,72557.84584248644,49.630968155094145,-993.7592463509645,-0.01351104772153755,5,负
518880.SH,2020-08-05,2020-08-06,2020-08-13,2020-08-13,2,1,16800.0,4.308818988118853,4.063118239974975,72411.88209024635,68239.9083156501,44.2012057790985,-4171.973774596248,-0.057614491629933706,6,负
512200.SH,2020-08-17,2020-08-17,2020-08-25,2020-08-25,1,1,24300.0,2.8103683217048654,2.753691569519043,68312.43780249346,66894.63072777096,40.56199660702229,-1417.8070747224992,-0.02075474277205125,6,负
512980.SH,2020-08-25,2020-08-26,2020-09-01,2020-09-02,2,2,65100.0,1.0275634140304706,1.0249820364747728,66914.44656685965,66706.1890165599,40.20987142381715,-208.2575502997497,-0.003112295789395203,6,负
512980.SH,2020-09-03,2020-09-04,2020-09-11,2020-09-14,2,2,64500.0,1.0346354152397776,0.9587241057456187,66754.00447825054,61819.15350914623,38.571506731067416,-4934.850969104315,-0.07392591661991099,7,负
159985.SZ,2020-09-14,2020-09-16,2020-11-10,2020-11-12,3,3,56800.0,1.088378450788075,1.153336188632166,61838.73833577718,65489.02525044252,39.31259487902737,3650.2869146653393,0.05902912984486686,37,胜
512400.SH,2020-12-18,2020-12-22,2020-12-23,2020-12-23,3,1,8600.0,0.9522692589718242,0.9208935909509659,8204.515627157689,7914.684882178307,20.0,-289.83074497938196,-0.03532575939279292,3,负
512170.SH,2020-12-23,2021-01-08,2021-01-11,2021-01-11,12,1,61200.0,0.7776183034303533,0.8190159928560257,47650.24016993762,50108.74162915994,75.03713362883663,2458.501459222316,0.05159473384508506,12,胜
512170.SH,2021-01-19,2021-01-19,2021-01-20,2021-01-20,1,1,26300.0,0.828993609070778,0.8080292152404787,21809.07267813703,21244.79301031634,12.916110083815813,-564.2796678206869,-0.025873620403235265,1,负
512660.SH,2021-01-20,2021-01-26,2021-01-27,2021-01-27,5,1,43700.0,1.3139822378313517,1.2325191676139833,57449.39948233647,53844.92929844365,44.5340153938241,-3604.470183892823,-0.06274165119865283,5,负
513520.SH,2020-11-10,2021-01-18,2020-12-18,2021-01-28,21,23,80900.0,1.2395379897644994,1.2785891408364174,100383.623371948,103322.86149366616,220.0,2939.2381217181683,0.029280056078744066,56,胜
159920.SZ,2021-01-27,2021-01-28,2021-02-25,2021-02-25,2,1,43200.0,1.537231301099945,1.5531339476108554,66431.9968355979,67075.25792082792,43.73324404132366,643.2610852300131,0.009683000901236083,16,胜
512170.SH,2021-02-25,2021-02-25,2021-02-26,2021-02-26,1,1,81400.0,0.8229864267349245,0.7950448038101197,67011.19246476372,64697.2320360347,39.512322649909976,-2313.9604287290204,-0.03453095436177711,1,负
513520.SH,2021-02-26,2021-02-26,2021-03-01,2021-03-01,1,1,5200.0,1.3365990445375442,1.3174332800269126,6955.31503159523,6845.653056139946,10.0,-109.66197545528394,-0.01576664392010041,1,负
513520.SH,2021-03-02,2021-03-02,2021-03-03,2021-03-03,1,1,4800.0,1.3536450239062308,1.3054657152175904,6502.496114749908,6261.235433044434,10.0,-241.26068170547387,-0.03710277983222643,1,负
513500.SH,2021-03-03,2021-03-04,2021-04-20,2021-04-21,2,2,54300.0,1.1853649640336221,1.2740700437080794,64384.627142289784,69161.24877233671,40.06419627611231,4776.621630046924,0.07418885286841226,34,胜
513500.SH,2021-05-07,2021-05-07,2021-05-10,2021-05-10,1,1,18300.0,1.2964910827875136,1.2925008038043975,23732.904551056003,23645.668880207588,14.21356545738959,-87.23567084841488,-0.003675726696694359,1,负
159941.SZ,2021-04-20,2021-04-23,2021-05-07,2021-05-11,4,3,98700.0,0.700188345678279,0.6778750158347981,69134.2804827721,66886.19218367571,45.76264354483252,-2248.0882990963873,-0.032517707328372336,12,负
512400.SH,2021-05-10,2021-05-11,2021-05-21,2021-05-21,2,1,57700.0,1.1563859713554383,1.1016764447689056,66743.48758837295,63547.6608439069,39.08706042311239,-3195.8267444660523,-0.04788222581618262,9,负
518880.SH,2021-05-21,2021-05-21,2021-06-09,2021-06-09,1,1,16600.0,3.815573308849335,3.7734665162086487,63357.51848197703,62620.75230581285,37.79341832878875,-736.7661761641793,-0.01162870948573791,13,负
515030.SH,2021-06-09,2021-06-09,2021-07-30,2021-07-30,1,1,33900.0,1.8552236448764803,2.375146420955658,62910.94918578108,80493.30843129568,43.022863569512836,17582.3592455146,0.2794801139240879,36,胜
512660.SH,2021-07-30,2021-07-30,2021-08-31,2021-08-31,1,1,66700.0,1.2064460429668427,1.3933259809494019,80494.09205120818,92906.96247644631,52.021438198564056,12412.870425238129,0.15420846560194001,22,胜
159941.SZ,2021-08-31,2021-09-07,2021-09-08,2021-09-15,6,6,117700.0,0.7885924625582885,0.77865998273859,92847.33284311056,91617.15856379292,61.12140453912252,-1230.1742793176381,-0.013249430453714073,11,负
512880.SH,2021-09-10,2021-09-15,2021-10-11,2021-10-11,4,1,73600.0,1.2437869584426933,1.1695948038101196,91573.76555853995,86056.35290715667,56.87007042585658,-5517.412651383274,-0.060251018593924566,14,负
512200.SH,2021-10-12,2021-10-13,2021-10-15,2021-10-18,2,2,38200.0,2.250702878532859,2.191393273117405,86002.6430149432,83686.10966617495,50.906421897912026,-2316.533348768251,-0.026935606483230345,4,负
512660.SH,2021-11-11,2021-11-11,2021-11-12,2021-11-12,1,1,20600.0,1.3956728534698486,1.3993188228607178,28759.486039713323,28817.31996060551,17.2730485597229,57.83392089218614,0.002010951127997318,1,胜
513500.SH,2021-10-21,2021-10-22,2021-11-11,2021-11-16,2,4,60900.0,1.374617723002222,1.4051694980612335,83739.33359663458,85544.40417702508,55.53252070328854,1805.0705803905003,0.021555826907882603,18,胜
512980.SH,2021-11-12,2021-11-16,2021-12-07,2021-12-08,3,2,113300.0,0.7561278161334655,0.7382013765892936,85699.72365232655,83609.2346689717,59.42338300016809,-2090.4889833548514,-0.02439318231451615,18,负
512660.SH,2021-12-07,2021-12-08,2021-12-13,2021-12-13,2,1,56800.0,1.4714290944574588,1.4242887990474702,83606.13600689423,80875.33390476054,53.23332284634495,-2730.80210213369,-0.03266269956440171,4,负
515880.SH,2021-12-13,2021-12-14,2021-12-21,2021-12-22,2,2,436200.0,0.18535329252014685,0.18257294426753887,80877.16593895946,79614.2421287838,50.135902388068075,-1262.9238101756637,-0.015615332158508521,7,负
512980.SH,2021-12-21,2021-12-22,2022-01-21,2022-01-21,2,1,99500.0,0.7993238769101618,0.8190159928560257,79556.78089172112,81467.6436617878,48.50276654677367,1910.8627700666839,0.0240188548185154,22,胜
512200.SH,2022-01-21,2022-01-21,2022-02-07,2022-02-07,1,1,35200.0,2.3147744362831117,2.203352889537811,81504.50417521267,77534.75430521743,47.71142456066894,-3969.749869995241,-0.048705895584142844,6,负
159985.SZ,2022-02-07,2022-02-15,2022-04-06,2022-04-07,7,2,54300.0,1.4268906758810713,1.5172985875397538,77515.16370034218,82361.99611648868,62.31718691995621,4846.832416146499,0.06252753893268381,41,胜
512200.SH,2022-04-06,2022-04-07,2022-04-22,2022-04-22,2,1,32200.0,2.5547141356699217,2.1783827942848206,82289.10960356609,70122.88279817844,48.35761278739548,-12166.226805387647,-0.14784735020222417,12,负
518880.SH,2022-04-22,2022-04-22,2022-04-27,2022-04-27,1,1,17700.0,3.945729184722901,3.8943211295127864,69860.35839156623,68908.8051471786,41.6306671685915,-951.5532443876291,-0.013620789619403162,3,负
518880.SH,2022-04-28,2022-04-28,2022-05-16,2022-05-16,1,1,17800.0,3.875645251560211,3.872347693347931,69007.18142341508,68907.11060491069,41.374282325809475,-100.07081850439135,-0.0014501507877908715,9,负
159985.SZ,2022-05-16,2022-05-27,2022-05-25,2022-06-09,4,4,67500.0,1.6284763146878705,1.6315138755932561,109960.15344446129,110091.53166318983,73.6571423849802,131.37821872853965,0.0011947802418710296,17,胜
515030.SH,2022-06-07,2022-06-09,2022-07-07,2022-07-07,3,1,33100.0,2.090741628512011,2.415098382854462,69226.9189434113,79915.77454554095,47.352966605488774,10688.855602129639,0.15440316809227217,22,胜
515790.SH,2022-07-26,2022-07-26,2022-07-27,2022-07-27,1,1,22900.0,1.664995587587357,1.7019551961898804,38139.8374754372,38963.08156055044,23.130951884549617,823.2440851132415,0.021584887078856196,1,胜
159941.SZ,2022-08-25,2022-08-29,2022-08-30,2022-08-30,3,1,33600.0,0.6801349998655063,0.6612098876357079,22867.535995481012,22209.987228892416,21.664995667367933,-657.5487665885958,-0.028754683789217084,3,负
562500.SH,2022-07-07,2022-08-10,2022-07-26,2022-09-09,23,14,105700.0,0.8359129643665583,0.7837745248624708,88471.0003335452,82774.96727796317,185.0,-5696.03305558204,-0.06438305245908127,46,负
518880.SH,2022-10-19,2022-10-19,2022-10-20,2022-10-20,1,1,10900.0,3.803558824825287,3.7704700952529913,41471.22882795281,41085.79460104613,24.767074568655968,-385.4342269066765,-0.009294015099134967,1,负
159985.SZ,2022-08-30,2022-09-09,2022-10-19,2022-10-20,9,2,45300.0,1.640683906778016,1.7389416890982234,74371.77191377677,78750.42629859468,72.4231542874899,4378.6543848179135,0.058875219349275865,31,胜
159985.SZ,2022-10-21,2022-10-24,2022-11-29,2022-12-01,2,3,44600.0,1.757047626579182,1.8473992996382604,78387.83344267514,82368.36563535043,49.15242575960588,3980.532192675295,0.050779974619227675,29,胜
512200.SH,2022-11-29,2022-12-01,2022-12-14,2022-12-14,3,1,36800.0,2.2341587611169924,2.1504165162086486,82242.6656972878,79111.58719813933,49.363886521427155,-3131.078499148469,-0.03807121854091022,11,负
159985.SZ,2022-12-14,2022-12-16,2022-12-23,2022-12-27,3,3,41500.0,1.9092256559740783,1.9538717883700636,79256.63458234112,81061.23075390758,48.218322866936205,1804.5961715664598,0.02276902345243581,9,胜
159920.SZ,2022-12-23,2022-12-27,2023-02-13,2023-02-13,3,1,73000.0,1.1096862027677774,1.1486199761867524,81031.5519252982,83824.10348415443,49.61390072894573,2792.5515588562266,0.03446252098726488,30,胜
562500.SH,2023-02-13,2023-02-15,2023-03-08,2023-03-10,3,3,102400.0,0.819097950378037,0.7897503699194175,83900.7928077466,80846.17674838443,49.4238203995378,-3054.6160593621753,-0.036407475509339204,19,负
515880.SH,2023-03-08,2023-03-10,2023-04-21,2023-04-21,3,1,515100.0,0.15693688596984035,0.19476599285602567,80862.44142005368,100293.86573126278,54.34864586496107,19431.42431120909,0.24030222152543312,31,胜
562500.SH,2023-04-21,2023-04-21,2023-04-24,2023-04-24,1,1,39700.0,0.8209839928388596,0.7930472295284271,32602.842435057435,31474.52981977487,19.223111858394383,-1128.3126152825644,-0.03460779892213639,1,负
159941.SZ,2023-04-24,2023-04-24,2023-05-05,2023-05-05,1,1,144500.0,0.6858468152999877,0.6871397104620933,99134.59627029147,99261.90065532396,59.51896589178621,127.30438503249025,0.0012841569928361274,6,胜
588200.SH,2023-05-05,2023-05-05,2023-05-08,2023-05-08,1,1,73600.0,1.3486164028644563,1.3184160523891448,99287.94470099923,97006.3108294043,58.88807661199951,-2281.633871594924,-0.0229799688015091,1,负
518880.SH,2023-05-08,2023-05-08,2023-05-18,2023-05-18,1,1,22200.0,4.363229401397706,4.341783721923828,96892.75181884239,96358.68234712096,57.975387401321406,-534.069471721421,-0.005511965154214593,8,负
513520.SH,2023-05-18,2023-06-01,2023-06-14,2023-06-15,11,2,78900.0,1.2216685910228238,1.3006157149415505,96445.53567553459,102587.79433491567,86.66941780646943,6142.258659381085,0.06368629316389596,20,胜
513500.SH,2023-06-14,2023-06-15,2023-07-31,2023-07-31,2,1,69200.0,1.481990644943714,1.537836655163765,102584.51875589404,106386.37104837134,62.69161475023126,3801.8522924772988,0.03706068263110951,31,胜
159985.SZ,2023-07-31,2023-08-01,2023-09-19,2023-09-19,2,1,49800.0,2.133283853252825,2.2722700952529906,106270.64598490583,113125.10302837584,67.05780813823318,6854.4570434700145,0.06450000355172003,36,胜
159941.SZ,2023-09-19,2023-09-19,2023-09-20,2023-09-20,1,1,132800.0,0.8522950239062309,0.84371581569314,113218.7346084999,112011.84668595178,67.56907184963893,-1206.8879225481214,-0.010659789890086868,1,负
518880.SH,2023-09-20,2023-09-20,2023-10-09,2023-10-09,1,1,24400.0,4.579488681602478,4.394720095252991,111773.0456882498,107199.00097307572,65.69120824658202,-4574.044715174081,-0.04092260962389549,7,负
513120.SH,2023-10-13,2023-10-13,2023-10-17,2023-10-17,1,1,128500.0,0.8362517913937568,0.8327454786002636,107490.59270065598,106975.69166193383,64.33984475826948,-514.9010387221497,-0.004790196293326443,2,负
513120.SH,2023-10-18,2023-10-18,2023-10-19,2023-10-19,1,1,127700.0,0.837254478484392,0.8008318733692169,106949.47212152761,102235.55036018023,62.755088139511756,-4713.921761347374,-0.0440761573464421,1,负
518880.SH,2023-10-23,2023-10-23,2023-10-26,2023-10-26,1,1,22300.0,4.575484171867371,4.578499310493469,102063.90702175218,102069.90446361716,61.240149496994015,5.997441864979919,5.8761633176640515e-05,3,胜
513120.SH,2023-10-30,2023-10-30,2023-11-28,2023-11-28,1,1,117600.0,0.869340883743763,0.8726375,102265.158274645,102591.383349,61.456997378479954,326.22507435499574,0.003189992367477412,21,胜
159941.SZ,2023-11-28,2023-11-28,2023-12-26,2023-12-26,1,1,117500.0,0.8723490047812461,0.9085403133153915,102531.75836421495,106721.46076851414,62.77634846290647,4189.702404299183,0.040862484669544674,20,胜
513520.SH,2023-12-26,2023-12-28,2024-02-08,2024-02-08,3,1,78700.0,1.3562581084507999,1.3742794209241866,106769.53438901846,108123.34368960548,64.46799106854343,1353.8093005870178,0.012679734048987923,31,胜
159941.SZ,2024-02-08,2024-02-08,2024-02-20,2024-02-20,1,1,110100.0,0.981643272268772,0.9763566724181176,108111.34795407484,107464.62057234478,64.67273817300796,-646.7273817300593,-0.0059820490075175314,2,负
513500.SH,2024-02-20,2024-02-20,2024-03-12,2024-03-12,1,1,61600.0,1.7426926353812213,1.7891562294840813,107382.07129938509,110178.96012909853,65.26856702271078,2796.88882971344,0.02604614341918965,15,胜
515790.SH,2024-03-12,2024-03-12,2024-03-18,2024-03-18,1,1,120100.0,0.9181003957033158,0.8869344114303589,110296.93668122542,106488.86656594227,65.0354041010263,-3808.070115283146,-0.03452561992985381,4,负
512400.SH,2024-03-18,2024-03-19,2024-05-06,2024-05-06,2,1,105500.0,1.0086231272013606,1.0337579666614534,106441.66284171947,109028.7470431385,64.64136162075806,2587.0842014190275,0.02430518400737558,30,胜
515880.SH,2024-05-06,2024-05-06,2024-05-21,2024-05-21,1,1,539200.0,0.20224240704178803,0.19676359690427772,109081.82060869518,106063.10297135131,64.54321119831559,-3018.7176373438706,-0.02767388388366554,11,负
512200.SH,2024-05-21,2024-05-21,2024-05-31,2024-05-31,1,1,71900.0,1.4737664028644564,1.3643608561992648,105995.5935072642,98068.11629705892,61.218404978004465,-7927.477210205281,-0.07479062994880048,8,负
159985.SZ,2024-05-31,2024-05-31,2024-06-04,2024-06-04,1,1,43700.0,2.2446905031204225,2.2153383352279663,98122.40287885837,96781.24216388729,58.47097807074737,-1341.1607149710762,-0.013668241661660807,2,负
159920.SZ,2024-06-04,2024-06-04,2024-06-11,2024-06-11,1,1,87700.0,1.1023211513042452,1.0956836028575898,96702.56703887312,96062.62453501944,57.82950508199787,-639.9425038536865,-0.00661763718843611,4,负
518880.SH,2024-06-11,2024-06-11,2024-06-12,2024-06-12,1,1,18200.0,5.2563,5.2466961828231815,95693.359398,95461.22356622369,57.34635915821457,-232.1358317763079,-0.0024258301018655892,1,负
159941.SZ,2024-06-12,2024-06-12,2024-07-15,2024-07-15,1,1,90000.0,1.0648674363374708,1.1299409161686897,95866.8206911535,101664.17405044552,59.259825517666336,5797.3533592920285,0.06047299073335188,23,胜
159920.SZ,2024-07-15,2024-07-15,2024-07-18,2024-07-18,1,1,90600.0,1.1213440047740937,1.0876931866645814,101624.24496258264,98515.43921099753,60.04163086330318,-3108.8057515851106,-0.030591181786686406,3,负
513500.SH,2024-07-18,2024-07-18,2024-07-26,2024-07-26,1,1,49100.0,2.007405493712425,1.8958673228263854,98593.17882420246,93059.15942511028,57.49520858761667,-5534.019399092183,-0.05612984047263225,6,负
588200.SH,2024-07-26,2024-07-26,2024-08-06,2024-08-06,1,1,97300.0,0.9561459832906724,0.9528551961898805,93060.91407543467,92684.99674609858,55.72374442903734,-375.91732933609455,-0.004039476004194187,7,负
588200.SH,2024-08-07,2024-08-07,2024-08-08,2024-08-08,1,1,97500.0,0.9501388009548191,0.9298827942848205,92666.32465302278,90636.37337103716,54.99063166075945,-2029.9512819856172,-0.021906029936835325,1,负
513520.SH,2024-08-19,2024-08-19,2024-09-05,2024-09-05,1,1,60700.0,1.4920176353812216,1.4161659572005272,90592.64010878044,85935.48521999139,52.95802322091364,-4657.154888789053,-0.051407651694408085,13,负
513500.SH,2024-09-05,2024-09-05,2024-09-12,2024-09-12,1,1,44300.0,1.938219068443775,1.921797145652771,85888.86366347886,85110.07286835203,51.29961548534309,-778.790795126828,-0.009067424598586005,5,负
518880.SH,2024-09-12,2024-09-12,2024-09-25,2024-09-25,1,1,15300.0,5.534633477783204,5.717131177139282,84705.29617774603,87445.86537812794,51.64559976609421,2740.569200381913,0.03235416584378714,7,胜
513120.SH,2024-09-25,2024-09-25,2024-10-09,2024-10-09,1,1,125300.0,0.7018899880468845,0.8377319738447666,87973.19954692532,104936.32597785244,57.874389547507164,16963.12643092712,0.19282152426295363,5,胜
515030.SH,2024-10-14,2024-10-15,2024-11-04,2024-11-04,2,1,90500.0,1.1591794197472947,1.194564779996872,104937.20920837631,108075.68015593999,63.904155023054116,3138.4709475636773,0.029908084760778664,15,胜
515880.SH,2024-12-24,2024-12-24,2025-01-02,2025-01-02,1,1,469100.0,0.23027600417733193,0.22472999404668806,108054.88030165428,105389.21395523917,64.03299413006633,-2665.666346415106,-0.02466955994003628,6,负
159941.SZ,2025-01-02,2025-01-02,2025-01-14,2025-01-14,1,1,85500.0,1.232318272268772,1.2246844447016716,105394.8212426637,104679.10686598632,63.02211969029187,-715.7143766773806,-0.006790792642738075,8,负
518880.SH,2025-01-14,2025-01-14,2025-02-19,2025-02-19,1,1,17200.0,6.077284171867372,6.58708579044342,104560.64654244563,113263.88623294813,65.34814900552368,8703.239690502509,0.08323628418813844,20,胜
513120.SH,2025-02-19,2025-02-19,2025-03-27,2025-03-27,1,1,141300.0,0.8021600119531154,0.8646590838313103,113379.2132518819,122139.67564680053,70.65646147030179,8760.462394918635,0.07726691819122511,26,胜
518880.SH,2025-03-27,2025-03-27,2025-05-13,2025-05-13,1,1,17900.0,6.805156331253053,7.282250689506531,121848.84201892847,130313.18165596426,75.64937570147896,8464.339637035795,0.06946590133142916,29,胜
513120.SH,2025-05-13,2025-05-13,2025-05-16,2025-05-16,1,1,146900.0,0.8883921775281428,0.8806159161686897,130543.96232214784,129323.66934175497,77.9601866892194,-1220.292980392871,-0.00934775502969265,3,负
159920.SZ,2025-05-16,2025-05-16,2025-05-27,2025-05-27,1,1,90100.0,1.4347195684909821,1.4182959571361542,129307.0135909738,127750.1291982461,77.11700965770149,-1556.8843927277048,-0.012040216145215998,7,负
512400.SH,2025-05-27,2025-05-28,2025-06-10,2025-06-11,2,2,122600.0,1.0420507490150304,1.0646971994469645,127793.7484557915,130492.71708920218,77.48618954443216,2698.968633410681,0.021119723507792232,10,胜
159941.SZ,2025-06-10,2025-06-11,2025-06-16,2025-06-16,2,1,109600.0,1.190552523555873,1.1708302247285842,130523.7019486982,128284.49573246375,77.64226476359295,-2239.206216234452,-0.01715555246138023,4,负
518880.SH,2025-06-16,2025-06-16,2025-06-23,2025-06-23,1,1,16700.0,7.638154987144471,7.443057740974426,127595.45544179827,124261.77455499064,75.55687576787568,-3333.680886807633,-0.026126956287469527,5,负
515880.SH,2025-06-23,2025-06-23,2025-10-10,2025-10-10,1,1,564600.0,0.22126520083546639,0.45045880500078195,124963.81029142183,254252.74259105045,113.77661210854373,129288.93229962862,1.0346109965606876,73,胜
159870.SZ,2025-11-24,2025-11-24,2025-11-27,2025-11-27,1,1,347300.0,0.7318772062063218,0.7261275980949402,254257.20800157022,252108.45958392724,151.90952056014848,-2148.748417642986,-0.008451081621370315,3,负
518880.SH,2025-11-27,2025-11-27,2025-12-10,2025-12-10,1,1,27900.0,9.013803859710695,9.10306352005005,251560.57322423416,253899.27956773358,151.6381799685974,2338.7063434994197,0.009296792074864557,9,胜
588200.SH,2025-12-11,2025-12-11,2025-12-12,2025-12-12,1,1,109500.0,2.3227839331626896,2.268274708557129,254421.1441335189,248301.5677628295,150.81627638049602,-6119.576370689378,-0.024052939434459297,1,负
518880.SH,2025-12-15,2025-12-15,2025-12-23,2025-12-23,1,1,26600.0,9.309157936096192,9.618444114303589,247697.88818048875,255773.85825644332,151.04226436219022,8075.970075954567,0.03260411356462556,6,胜
159870.SZ,2025-12-23,2025-12-23,2026-01-28,2026-01-28,1,1,328600.0,0.7799347842454911,0.910905600476265,256363.4560740993,299233.78324240574,166.6830451258707,42870.32716830645,0.1672247980457684,24,胜
512660.SH,2026-02-03,2026-02-03,2026-02-04,2026-02-04,1,1,208000.0,1.4377231894969942,1.4752275980949403,299136.1373423994,306755.28620162647,181.76812914573668,7619.148859227076,0.02547050626152192,1,胜
512980.SH,2026-02-06,2026-02-06,2026-02-09,2026-02-09,1,1,264100.0,1.1613919665813448,1.1875732104778292,306815.6354596454,313543.9934617285,186.10851097839833,6728.358002083085,0.021929645117346297,1,胜
515880.SH,2026-02-13,2026-02-13,2026-02-24,2026-02-24,1,1,593000.0,0.5286335971355439,0.5313616052389145,313573.76701830793,315002.90267710434,188.57314650241614,1429.135658796411,0.004557574035563228,1,胜
515880.SH,2026-03-06,2026-03-06,2026-03-10,2026-03-10,1,1,580400.0,0.5426503957033157,0.5353568133354187,315048.77595310437,310627.8781315391,187.70261523782443,-4420.897821565275,-0.014032423418218087,2,负
512660.SH,2026-03-10,2026-03-10,2026-03-12,2026-03-12,1,1,207000.0,1.4997976257801056,1.4862144352436064,310551.2459690428,307554.0941789979,185.4313489895725,-2997.1517900449107,-0.009651069924683786,2,负
159985.SZ,2026-03-12,2026-03-13,2026-04-02,2026-04-02,2,1,134900.0,2.2796686430957958,2.0415471104621887,307619.55814360897,275322.0837897889,174.87960154649164,-32297.474353820086,-0.10499161545099922,15,负
513120.SH,2026-04-02,2026-04-02,2026-04-07,2026-04-07,1,1,211300.0,1.30250732486248,1.2905062294840814,275302.3636827651,272602.1611000994,164.37112921002853,-2700.202582665719,-0.009808134396467438,2,负
515880.SH,2026-04-07,2026-04-07,2026-05-20,2026-05-20,1,1,489600.0,0.5566671942710877,0.7451047919034958,272626.0215926191,364693.8651241167,191.2042693293228,92067.84353149764,0.33770746825141007,28,胜
159941.SZ,2026-05-20,2026-05-20,2026-06-09,2026-06-09,1,1,240400.0,1.5160823646187782,1.5936854494571684,364575.5403144906,383007.04545488843,224.27645475115725,18431.505140397814,0.05055606617080888,14,胜
513520.SH,2026-06-09,2026-06-10,2026-07-09,2026-07-09,2,1,167800.0,2.281468837319341,2.3735741141319275,382945.3200434561,398166.25063043204,234.33486217605682,15220.930586975941,0.039747007706606,21,胜
512880.SH,2026-07-09,2026-07-09,2026-07-14,2026-07-14,1,1,357000.0,1.1153367627620698,1.0966824495315552,398294.67687335075,391398.1797924204,236.90725763664722,-6896.497080930334,-0.017315062142101545,3,负
159941.SZ,2026-07-14,2026-07-14,2026-07-15,2026-07-15,1,1,243900.0,1.6043200239062307,1.6226070743203165,391411.04192687885,395635.13926709717,236.11425577723642,4224.097340218315,0.010791972856523113,1,胜
159985.SZ,2026-07-15,2026-07-16,2026-07-31,2026-07-31,2,1,178000.0,2.2216111210694476,2.081499310493469,395565.4135842268,370395.7252046572,229.78609704545977,-25169.68837956962,-0.06362964889044909,12,负
