date,symbol,side,qty,price,raw_open,fee,commission_rate,slippage_rate
2018-07-02,159941.SZ,BUY,300.0,0.3950637937843799,0.3939999938011169,5.0,0.0003,0.0027
2018-07-03,159941.SZ,BUY,300.0,0.39105298565626134,0.3899999856948852,5.0,0.0003,0.0027
2018-07-04,159941.SZ,BUY,300.0,0.39807191482186316,0.3970000147819519,5.0,0.0003,0.0027
2018-07-05,159941.SZ,BUY,300.0,0.3990746019124984,0.3980000019073486,5.0,0.0003,0.0027
2018-07-06,159941.SZ,BUY,300.0,0.3990746019124984,0.3980000019073486,5.0,0.0003,0.0027
2018-07-09,159941.SZ,BUY,300.0,0.3990746019124984,0.3980000019073486,5.0,0.0003,0.0027
2018-07-10,159941.SZ,BUY,400.0,0.40910159235000604,0.4079999923706054,5.0,0.0003,0.0027
2018-07-11,159941.SZ,BUY,500.0,0.4060935011953115,0.4050000011920929,5.0,0.0003,0.0027
2018-07-12,159941.SZ,BUY,400.0,0.40910159235000604,0.4079999923706054,5.0,0.0003,0.0027
2018-07-13,159941.SZ,BUY,400.0,0.417123208606243,0.4160000085830688,5.0,0.0003,0.0027
2018-07-16,159941.SZ,BUY,400.0,0.41010430932343,0.4090000092983246,5.0,0.0003,0.0027
2018-07-17,159941.SZ,BUY,300.0,0.417123208606243,0.4160000085830688,5.0,0.0003,0.0027
2018-07-18,159941.SZ,BUY,400.0,0.41411508756875987,0.4129999876022339,5.0,0.0003,0.0027
2018-07-19,159941.SZ,BUY,500.0,0.41210971338748925,0.4110000133514404,5.0,0.0003,0.0027
2018-07-20,159941.SZ,BUY,500.0,0.41010430932343,0.4090000092983246,5.0,0.0003,0.0027
2018-07-23,159941.SZ,BUY,500.0,0.40910159235000604,0.4079999923706054,5.0,0.0003,0.0027
2018-07-24,159941.SZ,BUY,600.0,0.41311240047812453,0.4120000004768371,5.0,0.0003,0.0027
2018-07-25,159941.SZ,BUY,600.0,0.41511780454218383,0.414000004529953,5.0,0.0003,0.0027
2018-07-26,159941.SZ,BUY,600.0,0.42013129976093766,0.4189999997615814,5.0,0.0003,0.0027
2018-07-27,159941.SZ,BUY,600.0,0.4181258956968784,0.4169999957084656,5.0,0.0003,0.0027
2018-07-30,159941.SZ,BUY,600.0,0.4211339868515729,0.4199999868869781,5.0,0.0003,0.0027
2018-07-31,159941.SZ,BUY,600.0,0.41110699641406534,0.4099999964237213,5.0,0.0003,0.0027
2018-08-01,159941.SZ,BUY,600.0,0.4060935011953115,0.4050000011920929,5.0,0.0003,0.0027
2018-08-02,159941.SZ,BUY,800.0,0.41110699641406534,0.4099999964237213,5.0,0.0003,0.0027
2018-08-03,159941.SZ,BUY,1000.0,0.4161204916328191,0.4149999916553497,5.0,0.0003,0.0027
2018-08-06,159941.SZ,BUY,1200.0,0.42313939091563224,0.421999990940094,5.0,0.0003,0.0027
2018-08-07,159941.SZ,BUY,1500.0,0.4261475119531154,0.4250000119209289,5.0,0.0003,0.0027
2018-08-08,159941.SZ,SELL,1800.0,0.4238525118887424,0.4250000119209289,5.0,0.0003,0.0027
2018-08-08,513500.SH,BUY,5700.0,0.9325110071718692,0.9300000071525574,5.0,0.0003,0.0027
2018-08-09,159941.SZ,SELL,2000.0,0.42086059096455575,0.421999990940094,5.0,0.0003,0.0027
2018-08-09,513500.SH,BUY,5900.0,0.9114542794406413,0.9089999794960022,5.0,0.0003,0.0027
2018-08-10,159941.SZ,SELL,2300.0,0.4178686997622251,0.4189999997615814,5.0,0.0003,0.0027
2018-08-10,513500.SH,BUY,6300.0,0.9064407842218876,0.9039999842643738,5.0,0.0003,0.0027
2018-08-13,159941.SZ,SELL,2600.0,0.41188488763570785,0.4129999876022339,5.0,0.0003,0.0027
2018-08-13,513500.SH,BUY,6800.0,0.8974164808750152,0.8949999809265137,5.0,0.0003,0.0027
2018-08-14,159941.SZ,SELL,2600.0,0.41387949167788024,0.4149999916553497,5.0,0.0003,0.0027
2018-08-14,513500.SH,BUY,7300.0,0.9004246019124984,0.8980000019073486,5.0,0.0003,0.0027
2018-08-15,159941.SZ,SELL,2500.0,0.42185790784657,0.4230000078678131,5.0,0.0003,0.0027
2018-08-15,513500.SH,BUY,7300.0,0.9084462181687354,0.906000018119812,5.0,0.0003,0.0027
2018-08-16,159941.SZ,SELL,1000.0,0.4158740957200527,0.4169999957084656,5.0,0.0003,0.0027
2018-08-16,513500.SH,BUY,8000.0,0.9034327229499817,0.9010000228881836,5.0,0.0003,0.0027
2018-08-17,513500.SH,BUY,8800.0,0.9114542794406413,0.9089999794960022,5.0,0.0003,0.0027
2018-08-20,513500.SH,BUY,10800.0,0.91546508756876,0.912999987602234,5.0,0.0003,0.0027
2018-08-21,513500.SH,BUY,12400.0,0.9134597133874892,0.9110000133514404,5.0,0.0003,0.0027
2018-08-22,513500.SH,BUY,12800.0,0.9114542794406413,0.9089999794960022,5.0,0.0003,0.0027
2018-08-23,513500.SH,BUY,14000.0,0.9094489052593708,0.9070000052452089,5.0,0.0003,0.0027
2018-08-24,513500.SH,BUY,3500.0,0.9104515923500062,0.9079999923706056,5.0,0.0003,0.0027
2018-09-05,513500.SH,SELL,17600.0,0.9175160166442393,0.9200000166893004,5.0,0.0003,0.0027
2018-09-05,159941.SZ,BUY,2100.0,0.43717718948125833,0.4359999895095825,5.0,0.0003,0.0027
2018-09-06,513500.SH,SELL,16800.0,0.9125295213997363,0.915000021457672,5.0,0.0003,0.0027
2018-09-06,159941.SZ,BUY,2100.0,0.4311610071718692,0.4300000071525574,5.0,0.0003,0.0027
2018-09-07,513500.SH,SELL,16000.0,0.9075430261552332,0.9100000262260436,5.0,0.0003,0.0027
2018-09-07,159941.SZ,BUY,2200.0,0.42313939091563224,0.421999990940094,5.0,0.0003,0.0027
2018-09-10,513500.SH,SELL,16600.0,0.9085403133153915,0.9110000133514404,5.0,0.0003,0.0027
2018-09-10,159941.SZ,BUY,2200.0,0.4191286126703024,0.4180000126361847,5.0,0.0003,0.0027
2018-09-11,513500.SH,SELL,16400.0,0.9145240957200527,0.9169999957084656,5.0,0.0003,0.0027
2018-09-11,159941.SZ,BUY,2200.0,0.42313939091563224,0.421999990940094,5.0,0.0003,0.0027
2018-09-12,159941.SZ,SELL,2100.0,0.42883900713324546,0.4300000071525574,5.0,0.0003,0.0027
2018-09-12,513500.SH,BUY,16400.0,0.9234867038249968,0.9210000038146972,5.0,0.0003,0.0027
2018-09-13,159941.SZ,SELL,2100.0,0.4248497990489006,0.4259999990463257,5.0,0.0003,0.0027
2018-09-13,513500.SH,BUY,15800.0,0.9244893909156322,0.921999990940094,5.0,0.0003,0.0027
2018-09-14,159941.SZ,SELL,2100.0,0.42584708620905876,0.4269999861717224,5.0,0.0003,0.0027
2018-09-14,513500.SH,BUY,15300.0,0.9264948248624801,0.9240000247955322,5.0,0.0003,0.0027
2018-09-17,159941.SZ,SELL,2100.0,0.4248497990489006,0.4259999990463257,5.0,0.0003,0.0027
2018-09-17,513500.SH,BUY,14900.0,0.9264948248624801,0.9240000247955322,5.0,0.0003,0.0027
2018-09-18,159941.SZ,SELL,2100.0,0.42185790784657,0.4230000078678131,5.0,0.0003,0.0027
2018-09-18,513500.SH,BUY,14700.0,0.918473208606243,0.9160000085830688,5.0,0.0003,0.0027
2018-09-19,159941.SZ,SELL,300.0,0.42584708620905876,0.4269999861717224,5.0,0.0003,0.0027
2018-09-19,513500.SH,BUY,5100.0,0.9254920780062675,0.9229999780654908,5.0,0.0003,0.0027
2018-10-09,513500.SH,SELL,13400.0,0.9185133038043974,0.9210000038146972,5.0,0.0003,0.0027
2018-10-10,513500.SH,BUY,13300.0,0.9264948248624801,0.9240000247955322,5.0,0.0003,0.0027
2018-10-12,513500.SH,SELL,14600.0,0.8666537175953388,0.8690000176429749,5.0,0.0003,0.0027
2018-10-15,513500.SH,SELL,15200.0,0.8856024114131927,0.8880000114440918,5.0,0.0003,0.0027
2018-10-15,518880.SH,BUY,9600.0,2.718257914066315,2.7149999141693115,7.8285827925109865,0.0003,0.0012
2018-10-16,513500.SH,SELL,15300.0,0.877623995244503,0.8799999952316284,5.0,0.0003,0.0027
2018-10-16,518880.SH,BUY,4900.0,2.7312735255241396,2.7279999256134033,5.0,0.0003,0.0012
2018-10-17,513500.SH,SELL,16900.0,0.8975699762225151,0.8999999761581421,5.0,0.0003,0.0027
2018-10-17,518880.SH,BUY,5600.0,2.718257914066315,2.7149999141693115,5.0,0.0003,0.0012
2018-10-18,513500.SH,SELL,17900.0,0.8975699762225151,0.8999999761581421,5.0,0.0003,0.0027
2018-10-18,518880.SH,BUY,5800.0,2.7272687770843507,2.7239999771118164,5.0,0.0003,0.0012
2018-10-19,513500.SH,SELL,19000.0,0.8836077776491642,0.8859999775886536,5.036564332600235,0.0003,0.0027
2018-10-19,518880.SH,BUY,6200.0,2.7412855159759526,2.73799991607666,5.098791059715271,0.0003,0.0012
2018-10-22,513500.SH,SELL,9400.0,0.8865996985733509,0.8889999985694885,5.0,0.0003,0.0027
2018-10-22,518880.SH,BUY,3000.0,2.73527851266861,2.7320001125335693,5.0,0.0003,0.0012
2018-11-13,518880.SH,SELL,35100.0,2.6927648990631106,2.696000099182129,28.354814387134553,0.0003,0.0012
2018-11-13,512880.SH,BUY,126000.0,0.7509000000000001,0.75,28.38402,0.0003,0.0012
2018-12-03,512880.SH,SELL,126000.0,0.8030352200031281,0.8040000200271606,30.35473131611824,0.0003,0.0012
2018-12-03,518880.SH,BUY,37100.0,2.724265156078339,2.7209999561309814,30.32107118715191,0.0003,0.0012
2018-12-04,518880.SH,SELL,37100.0,2.72372759809494,2.7269999980926514,30.31508816679668,0.0003,0.0012
2018-12-04,512880.SH,BUY,127700.0,0.7909480214834214,0.7900000214576721,30.301218703029868,0.0003,0.0012
2018-12-12,512880.SH,SELL,127700.0,0.7660796195268631,0.7670000195503235,29.348510224074122,0.0003,0.0012
2018-12-12,518880.SH,BUY,35400.0,2.7593072420120244,2.75600004196167,29.3038429101677,0.0003,0.0012
2018-12-14,518880.SH,SELL,35400.0,2.7437035790443423,2.746999979019165,29.138132009450914,0.0003,0.0012
2018-12-14,512200.SH,BUY,600.0,2.1505776019096374,2.1480000019073486,5.0,0.0003,0.0012
2018-12-17,512200.SH,SELL,600.0,2.0785028895378113,2.0810000896453857,5.0,0.0003,0.0012
2018-12-17,518880.SH,BUY,35300.0,2.7472927579879762,2.74399995803833,29.093830307092666,0.0003,0.0012
2019-01-17,518880.SH,SELL,35300.0,2.8026327942848206,2.805999994277954,29.679881291476246,0.0003,0.0012
2019-01-17,512880.SH,BUY,125000.0,0.7919492085933686,0.7910000085830688,29.698095322251323,0.0003,0.0012
2019-01-31,512880.SH,SELL,125000.0,0.7670784066677093,0.7680000066757202,28.7654402500391,0.0003,0.0012
2019-01-31,159920.SZ,BUY,66200.0,1.44673405251503,1.4450000524520874,28.732138282948494,0.0003,0.0012
2019-02-25,159920.SZ,SELL,66200.0,1.5081879904747009,1.5099999904632568,29.95261349082756,0.0003,0.0012
2019-02-25,512980.SH,BUY,8500.0,0.7719252276897431,0.7710000276565552,5.0,0.0003,0.0012
2019-02-26,512980.SH,BUY,8100.0,0.8109720023870469,0.8100000023841858,5.0,0.0003,0.0012
2019-02-27,512980.SH,BUY,9000.0,0.8159779976129533,0.8149999976158142,5.0,0.0003,0.0012
2019-02-28,512980.SH,BUY,10300.0,0.8149768105030061,0.8140000104904175,5.0,0.0003,0.0012
2019-03-01,512980.SH,BUY,11100.0,0.8099708152770997,0.8090000152587891,5.0,0.0003,0.0012
2019-03-04,512980.SH,BUY,11100.0,0.8269911751747132,0.8259999752044678,5.0,0.0003,0.0012
2019-03-05,512980.SH,BUY,11700.0,0.8390055995225907,0.8379999995231628,5.0,0.0003,0.0012
2019-03-06,512980.SH,BUY,12000.0,0.8700428176641465,0.8690000176429749,5.0,0.0003,0.0012
2019-03-07,512980.SH,BUY,12000.0,0.8810559952259065,0.8799999952316284,5.0,0.0003,0.0012
2019-03-08,512980.SH,BUY,12500.0,0.8770511871099472,0.8759999871253967,5.0,0.0003,0.0012
2019-03-11,512980.SH,BUY,12700.0,0.8680403837680818,0.8669999837875366,5.0,0.0003,0.0012
2019-03-27,512980.SH,SELL,17300.0,0.8689560047626496,0.8700000047683716,5.0,0.0003,0.0012
2019-03-28,512980.SH,SELL,17300.0,0.8569703804731369,0.8579999804496765,5.0,0.0003,0.0012
2019-03-28,159941.SZ,BUY,2000.0,0.3990746019124984,0.3980000019073486,5.0,0.0003,0.0027
2019-03-29,512980.SH,SELL,17500.0,0.8489800238132477,0.8500000238418579,5.0,0.0003,0.0012
2019-03-29,159941.SZ,BUY,2000.0,0.4040880971312522,0.402999997138977,5.0,0.0003,0.0027
2019-04-01,512980.SH,SELL,17600.0,0.8789439952373505,0.8799999952316284,5.0,0.0003,0.0012
2019-04-01,159941.SZ,BUY,2000.0,0.402082693067193,0.4009999930858612,5.0,0.0003,0.0027
2019-04-02,512980.SH,SELL,17100.0,0.9089080261945723,0.9100000262260436,5.0,0.0003,0.0012
2019-04-02,159941.SZ,BUY,1900.0,0.41010430932343,0.4090000092983246,5.0,0.0003,0.0027
2019-04-03,512980.SH,SELL,17200.0,0.8999188228607178,0.9010000228881836,5.0,0.0003,0.0012
2019-04-03,159941.SZ,BUY,1700.0,0.41210971338748925,0.4110000133514404,5.0,0.0003,0.0027
2019-04-04,512980.SH,SELL,15000.0,0.9198948038101196,0.9210000038146972,5.0,0.0003,0.0012
2019-04-04,159941.SZ,BUY,1400.0,0.41010430932343,0.4090000092983246,5.0,0.0003,0.0027
2019-04-08,159941.SZ,BUY,1200.0,0.41210971338748925,0.4110000133514404,5.0,0.0003,0.0027
2019-04-09,159941.SZ,BUY,1300.0,0.41311240047812453,0.4120000004768371,5.0,0.0003,0.0027
2019-04-10,159941.SZ,BUY,1000.0,0.41110699641406534,0.4099999964237213,5.0,0.0003,0.0027
2019-04-11,159941.SZ,BUY,900.0,0.41210971338748925,0.4110000133514404,5.0,0.0003,0.0027
2019-04-12,159941.SZ,BUY,900.0,0.41411508756875987,0.4129999876022339,5.0,0.0003,0.0027
2019-04-15,159941.SZ,BUY,800.0,0.41411508756875987,0.4129999876022339,5.0,0.0003,0.0027
2019-04-16,159941.SZ,BUY,800.0,0.4161204916328191,0.4149999916553497,5.0,0.0003,0.0027
2019-04-17,159941.SZ,BUY,700.0,0.41511780454218383,0.414000004529953,5.0,0.0003,0.0027
2019-04-18,159941.SZ,BUY,700.0,0.41311240047812453,0.4120000004768371,5.0,0.0003,0.0027
2019-04-19,159941.SZ,BUY,600.0,0.41511780454218383,0.414000004529953,5.0,0.0003,0.0027
2019-04-22,159941.SZ,BUY,600.0,0.417123208606243,0.4160000085830688,5.0,0.0003,0.0027
2019-04-23,159941.SZ,BUY,600.0,0.417123208606243,0.4160000085830688,5.0,0.0003,0.0027
2019-04-24,159941.SZ,BUY,600.0,0.42213670382499685,0.4210000038146972,5.0,0.0003,0.0027
2019-04-25,159941.SZ,BUY,600.0,0.42514479497969143,0.4239999949932098,5.0,0.0003,0.0027
2019-04-26,159941.SZ,BUY,600.0,0.4261475119531154,0.4250000119209289,5.0,0.0003,0.0027
2019-04-29,159941.SZ,BUY,600.0,0.43316641123592853,0.4320000112056732,5.0,0.0003,0.0027
2019-04-30,159941.SZ,BUY,700.0,0.43617450239062305,0.4350000023841858,5.0,0.0003,0.0027
2019-05-06,159941.SZ,BUY,700.0,0.43316641123592853,0.4320000112056732,5.0,0.0003,0.0027
2019-05-07,159941.SZ,BUY,700.0,0.42414210788905615,0.4230000078678131,5.0,0.0003,0.0027
2019-05-08,159941.SZ,BUY,900.0,0.42013129976093766,0.4189999997615814,5.0,0.0003,0.0027
2019-05-09,159941.SZ,BUY,1100.0,0.4191286126703024,0.4180000126361847,5.0,0.0003,0.0027
2019-05-10,159941.SZ,BUY,1100.0,0.4181258956968784,0.4169999957084656,5.0,0.0003,0.0027
2019-05-13,159941.SZ,BUY,1100.0,0.4191286126703024,0.4180000126361847,5.0,0.0003,0.0027
2019-05-14,159941.SZ,BUY,1200.0,0.40910159235000604,0.4079999923706054,5.0,0.0003,0.0027
2019-05-15,159941.SZ,SELL,1200.0,0.4068983923912048,0.4079999923706054,5.0,0.0003,0.0027
2019-05-15,518880.SH,BUY,32300.0,2.861429640102387,2.8580000400543213,27.727253212592128,0.0003,0.0012
2019-05-16,159941.SZ,SELL,1300.0,0.4128822045177221,0.414000004529953,5.0,0.0003,0.0027
2019-05-16,518880.SH,BUY,100.0,2.855422398090363,2.8519999980926514,5.0,0.0003,0.0012
2019-05-17,159941.SZ,SELL,1300.0,0.416871412602067,0.4180000126361847,5.0,0.0003,0.0027
2019-05-17,518880.SH,BUY,200.0,2.8444092802047733,2.8410000801086426,5.0,0.0003,0.0012
2019-05-20,159941.SZ,SELL,1500.0,0.4158740957200527,0.4169999957084656,5.0,0.0003,0.0027
2019-05-20,518880.SH,BUY,200.0,2.842406786632538,2.8389999866485596,5.0,0.0003,0.0012
2019-05-21,159941.SZ,SELL,1600.0,0.4098903133153915,0.4110000133514404,5.0,0.0003,0.0027
2019-05-21,518880.SH,BUY,300.0,2.8384020381927493,2.8350000381469727,5.0,0.0003,0.0012
2019-05-22,159941.SZ,SELL,1700.0,0.4108876004755496,0.4120000004768371,5.0,0.0003,0.0027
2019-05-22,518880.SH,BUY,200.0,2.8313936687469483,2.828000068664551,5.0,0.0003,0.0012
2019-05-23,159941.SZ,SELL,1700.0,0.41188488763570785,0.4129999876022339,5.0,0.0003,0.0027
2019-05-23,518880.SH,BUY,300.0,2.839403165626526,2.8359999656677246,5.0,0.0003,0.0012
2019-05-24,159941.SZ,SELL,1700.0,0.4039065011888742,0.4050000011920929,5.0,0.0003,0.0027
2019-05-24,518880.SH,BUY,200.0,2.858426019096375,2.8550000190734863,5.0,0.0003,0.0012
2019-05-27,159941.SZ,SELL,1700.0,0.4019118971467017,0.402999997138977,5.0,0.0003,0.0027
2019-05-27,518880.SH,BUY,200.0,2.861429640102387,2.8580000400543213,5.0,0.0003,0.0012
2019-05-28,159941.SZ,SELL,1700.0,0.4039065011888742,0.4050000011920929,5.0,0.0003,0.0027
2019-05-28,518880.SH,BUY,300.0,2.8564235255241397,2.8529999256134033,5.0,0.0003,0.0012
2019-05-29,159941.SZ,SELL,1700.0,0.3989200059443712,0.4000000059604645,5.0,0.0003,0.0027
2019-05-29,518880.SH,BUY,200.0,2.8534199045181277,2.8499999046325684,5.0,0.0003,0.0012
2019-05-30,159941.SZ,SELL,1600.0,0.3969254019021987,0.3980000019073486,5.0,0.0003,0.0027
2019-05-30,518880.SH,BUY,200.0,2.8534199045181277,2.8499999046325684,5.0,0.0003,0.0012
2019-05-31,159941.SZ,SELL,1300.0,0.3969254019021987,0.3980000019073486,5.0,0.0003,0.0027
2019-05-31,518880.SH,BUY,200.0,2.8794511274337773,2.875999927520752,5.0,0.0003,0.0012
2019-06-03,159941.SZ,SELL,1000.0,0.39393351069986815,0.395000010728836,5.0,0.0003,0.0027
2019-06-03,518880.SH,BUY,100.0,2.9094870987892154,2.9059998989105225,5.0,0.0003,0.0012
2019-06-04,159941.SZ,SELL,1000.0,0.38695241141319275,0.3880000114440918,5.0,0.0003,0.0027
2019-06-04,518880.SH,BUY,200.0,2.9485339331626896,2.944999933242798,5.0,0.0003,0.0012
2019-06-05,159941.SZ,SELL,1000.0,0.39193890665769576,0.3930000066757202,5.0,0.0003,0.0027
2019-06-05,518880.SH,BUY,100.0,2.946531678295136,2.943000078201294,5.0,0.0003,0.0012
2019-06-06,159941.SZ,SELL,900.0,0.39493079786002633,0.3959999978542328,5.0,0.0003,0.0027
2019-06-06,518880.SH,BUY,100.0,2.958545923614502,2.9549999237060547,5.0,0.0003,0.0012
2019-06-10,159941.SZ,SELL,800.0,0.40290921402871605,0.4040000140666961,5.0,0.0003,0.0027
2019-06-10,518880.SH,BUY,100.0,2.9635520381927494,2.9600000381469727,5.0,0.0003,0.0012
2019-06-11,159941.SZ,SELL,800.0,0.4098903133153915,0.4110000133514404,5.0,0.0003,0.0027
2019-06-11,518880.SH,BUY,100.0,2.9575447961807253,2.9539999961853027,5.0,0.0003,0.0012
2019-06-12,159941.SZ,SELL,800.0,0.41188488763570785,0.4129999876022339,5.0,0.0003,0.0027
2019-06-12,518880.SH,BUY,100.0,2.9475328057289127,2.944000005722046,5.0,0.0003,0.0012
2019-06-13,159941.SZ,SELL,800.0,0.4078957092732191,0.4090000092983246,5.0,0.0003,0.0027
2019-06-13,518880.SH,BUY,100.0,2.969559280204773,2.9660000801086426,5.0,0.0003,0.0012
2019-06-14,159941.SZ,SELL,800.0,0.41188488763570785,0.4129999876022339,5.0,0.0003,0.0027
2019-06-14,518880.SH,BUY,100.0,2.989583261108398,2.986000061035156,5.0,0.0003,0.0012
2019-06-17,159941.SZ,SELL,800.0,0.41188488763570785,0.4129999876022339,5.0,0.0003,0.0027
2019-06-17,518880.SH,BUY,100.0,3.0036000000000005,3.0,5.0,0.0003,0.0012
2019-06-18,159941.SZ,SELL,800.0,0.4148768085598945,0.4160000085830688,5.0,0.0003,0.0027
2019-06-18,518880.SH,BUY,200.0,2.9945891369819644,2.990999937057495,5.0,0.0003,0.0012
2019-06-19,159941.SZ,SELL,800.0,0.42584708620905876,0.4269999861717224,5.0,0.0003,0.0027
2019-06-19,518880.SH,BUY,100.0,2.983576019096375,2.9800000190734863,5.0,0.0003,0.0012
2019-06-20,159941.SZ,SELL,700.0,0.42185790784657,0.4230000078678131,5.0,0.0003,0.0027
2019-06-20,518880.SH,BUY,100.0,3.053659952259064,3.049999952316284,5.0,0.0003,0.0012
2019-07-02,518880.SH,SELL,36400.0,3.0483376457214355,3.052000045776367,33.287847091278074,0.0003,0.0012
2019-07-02,513500.SH,BUY,116100.0,0.9545704219937323,0.9520000219345092,33.247687798041696,0.0003,0.0027
2019-07-04,513500.SH,SELL,116100.0,0.9653863947689532,0.9679999947547911,33.62440812980263,0.0003,0.0027
2019-07-04,518880.SH,BUY,35600.0,3.1457703598976137,3.1419999599456787,33.59682744370651,0.0003,0.0012
2019-07-24,518880.SH,SELL,35600.0,3.1362321047782897,3.140000104904175,33.49495887903213,0.0003,0.0012
2019-07-24,513500.SH,BUY,115000.0,0.970613594740629,0.9679999947547911,33.4861690185517,0.0003,0.0027
2019-07-31,513500.SH,SELL,96500.0,0.9723675237774849,0.975000023841858,28.150039813358184,0.0003,0.0027
2019-07-31,518880.SH,BUY,29600.0,3.1617895923614503,3.1579999923706055,28.076691580169676,0.0003,0.0012
2019-08-01,513500.SH,SELL,18500.0,0.9584053252041339,0.9610000252723694,5.3191495548829435,0.0003,0.0027
2019-08-01,518880.SH,BUY,5700.0,3.12875,3.125,5.3501625,0.0003,0.0012
2019-08-02,518880.SH,SELL,35300.0,3.1831756361961365,3.187000036239624,33.709829987317086,0.0003,0.0012
2019-08-02,159941.SZ,BUY,800.0,0.4351717854171991,0.4339999854564667,5.0,0.0003,0.0027
2019-08-05,159941.SZ,BUY,800.0,0.43015829019844526,0.4289999902248382,5.0,0.0003,0.0027
2019-08-06,159941.SZ,BUY,900.0,0.4191286126703024,0.4180000126361847,5.0,0.0003,0.0027
2019-08-07,159941.SZ,SELL,900.0,0.4228551950067281,0.4239999949932098,5.0,0.0003,0.0027
2019-08-07,518880.SH,BUY,33300.0,3.350015156078339,3.3459999561309814,33.46665140922261,0.0003,0.0012
2019-08-08,159941.SZ,SELL,900.0,0.4238525118887424,0.4250000119209289,5.0,0.0003,0.0027
2019-08-08,518880.SH,BUY,100.0,3.3870594968795777,3.382999897003174,5.0,0.0003,0.0012
2019-08-09,159941.SZ,SELL,700.0,0.43482278953790665,0.4359999895095825,5.0,0.0003,0.0027
2019-08-09,518880.SH,BUY,100.0,3.4080848439216616,3.4040000438690186,5.0,0.0003,0.0012
2019-09-03,518880.SH,SELL,33500.0,3.505787990474701,3.509999990463257,35.233169304270746,0.0003,0.0012
2019-09-03,512660.SH,BUY,130300.0,0.8540235852003099,0.8529999852180481,33.38378194548011,0.0003,0.0012
2019-09-04,512660.SH,BUY,7300.0,0.847015215754509,0.8460000157356262,5.0,0.0003,0.0012
2019-09-26,512660.SH,SELL,137600.0,0.7970423780918121,0.7979999780654907,32.90190936763,0.0003,0.0012
2019-09-26,512980.SH,BUY,19400.0,0.7719252276897431,0.7710000276565552,5.0,0.0003,0.0012
2019-09-27,512980.SH,BUY,19800.0,0.7559059952259064,0.7549999952316284,5.0,0.0003,0.0012
2019-09-30,512980.SH,BUY,18400.0,0.7629144243478776,0.7620000243186951,5.0,0.0003,0.0012
2019-10-08,512980.SH,BUY,19400.0,0.753903621006012,0.753000020980835,5.0,0.0003,0.0012
2019-10-09,512980.SH,SELL,19800.0,0.7351168014287949,0.7360000014305115,5.0,0.0003,0.0012
2019-10-09,513500.SH,BUY,68000.0,0.9635947253406048,0.9610000252723694,19.657332396948338,0.0003,0.0027
2019-10-10,512980.SH,SELL,17600.0,0.7401107966661453,0.7409999966621399,5.0,0.0003,0.0012
2019-10-10,513500.SH,SELL,68000.0,0.9613971866846084,0.9639999866485596,19.612502608366007,0.0003,0.0027
2019-10-11,512980.SH,SELL,15800.0,0.7461035790443421,0.746999979019165,5.0,0.0003,0.0012
2019-10-11,512200.SH,BUY,700.0,2.415895706939697,2.413000106811523,5.0,0.0003,0.0012
2019-10-14,512980.SH,SELL,12700.0,0.7580892033338547,0.7590000033378601,5.0,0.0003,0.0012
2019-10-14,512200.SH,BUY,700.0,2.4379219427108767,2.434999942779541,5.0,0.0003,0.0012
2019-10-15,512980.SH,SELL,10600.0,0.7640819857120514,0.7649999856948853,5.0,0.0003,0.0012
2019-10-15,512200.SH,BUY,700.0,2.4499364267349244,2.447000026702881,5.0,0.0003,0.0012
2019-10-16,512980.SH,SELL,500.0,0.759087990474701,0.7599999904632568,5.0,0.0003,0.0012
2019-10-16,512200.SH,BUY,600.0,2.4469328057289124,2.444000005722046,5.0,0.0003,0.0012
2019-10-17,512200.SH,BUY,700.0,2.4469328057289124,2.444000005722046,5.0,0.0003,0.0012
2019-10-18,512200.SH,BUY,700.0,2.4469328057289124,2.444000005722046,5.0,0.0003,0.0012
2019-10-21,512200.SH,SELL,700.0,2.385134411430359,2.388000011444092,5.0,0.0003,0.0012
2019-10-22,512200.SH,SELL,800.0,2.4240876457214355,2.427000045776367,5.0,0.0003,0.0012
2019-10-23,512200.SH,SELL,700.0,2.421091224765777,2.424000024795532,5.0,0.0003,0.0012
2019-10-23,513500.SH,BUY,51900.0,0.9926730095624923,0.9900000095367432,15.455918758888004,0.0003,0.0027
2019-10-24,512200.SH,SELL,700.0,2.399117550468445,2.4019999504089355,5.0,0.0003,0.0012
2019-10-24,513500.SH,SELL,51900.0,0.9863297223508357,0.9890000224113464,15.35715377700251,0.0003,0.0027
2019-10-25,512200.SH,SELL,700.0,2.413100689506531,2.4159998893737793,5.0,0.0003,0.0012
2019-10-28,512200.SH,SELL,500.0,2.4320779428482058,2.434999942779541,5.0,0.0003,0.0012
2019-10-29,159941.SZ,BUY,500.0,0.4542231090843677,0.453000009059906,5.0,0.0003,0.0027
2019-10-30,159941.SZ,BUY,600.0,0.4542231090843677,0.453000009059906,5.0,0.0003,0.0027
2019-10-31,159941.SZ,BUY,500.0,0.455225796175003,0.4539999961853027,5.0,0.0003,0.0027
2019-11-01,159941.SZ,BUY,400.0,0.4542231090843677,0.453000009059906,5.0,0.0003,0.0027
2019-11-04,159941.SZ,BUY,500.0,0.4732744028687476,0.4720000028610229,5.0,0.0003,0.0027
2019-11-05,159941.SZ,BUY,400.0,0.4612420083671807,0.4600000083446502,5.0,0.0003,0.0027
2019-11-06,159941.SZ,BUY,500.0,0.4592366043031215,0.4580000042915344,5.0,0.0003,0.0027
2019-11-07,159941.SZ,BUY,600.0,0.45823388732969755,0.4569999873638153,5.0,0.0003,0.0027
2019-11-08,159941.SZ,BUY,500.0,0.4572312002390623,0.4560000002384186,5.0,0.0003,0.0027
2019-11-11,159941.SZ,BUY,400.0,0.4592366043031215,0.4580000042915344,5.0,0.0003,0.0027
2019-11-12,159941.SZ,BUY,400.0,0.4572312002390623,0.4560000002384186,5.0,0.0003,0.0027
2019-11-13,159941.SZ,BUY,400.0,0.4592366043031215,0.4580000042915344,5.0,0.0003,0.0027
2019-11-14,159941.SZ,BUY,400.0,0.46324741243124007,0.4620000123977661,5.0,0.0003,0.0027
2019-11-15,159941.SZ,BUY,400.0,0.46324741243124007,0.4620000123977661,5.0,0.0003,0.0027
2019-11-18,159941.SZ,BUY,500.0,0.4642500995218753,0.4629999995231628,5.0,0.0003,0.0027
2019-11-19,159941.SZ,BUY,600.0,0.4682609076499938,0.4670000076293945,5.0,0.0003,0.0027
2019-11-20,159941.SZ,BUY,600.0,0.4692635947406291,0.4679999947547912,5.0,0.0003,0.0027
2019-11-21,159941.SZ,BUY,600.0,0.4682609076499938,0.4670000076293945,5.0,0.0003,0.0027
2019-11-22,159941.SZ,BUY,600.0,0.4642500995218753,0.4629999995231628,5.0,0.0003,0.0027
2019-11-25,159941.SZ,BUY,600.0,0.46725819067656993,0.4659999907016754,5.0,0.0003,0.0027
2019-11-26,159941.SZ,BUY,500.0,0.47227168589532365,0.4709999859333038,5.0,0.0003,0.0027
2019-11-27,159941.SZ,BUY,500.0,0.4732744028687476,0.4720000028610229,5.0,0.0003,0.0027
2019-11-28,159941.SZ,BUY,600.0,0.4792905851781368,0.4779999852180481,5.0,0.0003,0.0027
2019-11-29,159941.SZ,BUY,600.0,0.4873122014343738,0.4860000014305115,5.0,0.0003,0.0027
2019-12-02,159941.SZ,BUY,600.0,0.49032029258906834,0.488999992609024,5.0,0.0003,0.0027
2019-12-03,159941.SZ,BUY,600.0,0.4953337878078221,0.4939999878406524,5.0,0.0003,0.0027
2019-12-04,159941.SZ,BUY,800.0,0.4682609076499938,0.4670000076293945,5.0,0.0003,0.0027
2019-12-05,159941.SZ,BUY,900.0,0.4712689988046884,0.4699999988079071,5.0,0.0003,0.0027
2019-12-06,159941.SZ,BUY,1000.0,0.47026631171405314,0.4690000116825104,5.0,0.0003,0.0027
2019-12-09,159941.SZ,BUY,1000.0,0.4732744028687476,0.4720000028610229,5.0,0.0003,0.0027
2019-12-10,159941.SZ,BUY,1300.0,0.4712689988046884,0.4699999988079071,5.0,0.0003,0.0027
2019-12-11,159941.SZ,BUY,1800.0,0.47026631171405314,0.4690000116825104,5.0,0.0003,0.0027
2019-12-12,159941.SZ,SELL,1800.0,0.46873099881112573,0.4699999988079071,5.0,0.0003,0.0027
2019-12-12,513500.SH,BUY,36000.0,1.0387972133874892,1.0360000133514404,11.219009904584883,0.0003,0.0027
2019-12-13,159941.SZ,SELL,2300.0,0.4727202068954706,0.4740000069141388,5.0,0.0003,0.0027
2019-12-13,513500.SH,BUY,37800.0,1.0478214569687843,1.0449999570846558,11.882295322026012,0.0003,0.0027
2019-12-16,159941.SZ,SELL,2400.0,0.47371749405562874,0.4749999940395355,5.0,0.0003,0.0027
2019-12-16,513500.SH,BUY,23100.0,1.0458160827875136,1.0429999828338623,7.247505453717468,0.0003,0.0027
2019-12-17,513500.SH,SELL,48500.0,1.0461677247285843,1.0490000247955322,15.2217403948009,0.0003,0.0027
2019-12-17,159941.SZ,BUY,2600.0,0.48129598924219597,0.4799999892711639,5.0,0.0003,0.0027
2019-12-18,513500.SH,SELL,48400.0,1.0471649524450302,1.0499999523162842,15.204835109501836,0.0003,0.0027
2019-12-18,159941.SZ,BUY,2600.0,0.4833013933062553,0.4819999933242798,5.0,0.0003,0.0027
2019-12-19,159941.SZ,SELL,2900.0,0.47670938525795936,0.4779999852180481,5.0,0.0003,0.0027
2019-12-19,512980.SH,BUY,20700.0,0.8400067866325379,0.8389999866485596,5.21644214498806,0.0003,0.0012
2019-12-20,159941.SZ,SELL,2900.0,0.47870398930013175,0.4799999892711639,5.0,0.0003,0.0027
2019-12-20,512980.SH,BUY,21100.0,0.8440115947484971,0.8429999947547913,5.342593394757985,0.0003,0.0012
2019-12-23,159941.SZ,SELL,3000.0,0.4816959102243185,0.4830000102519989,5.0,0.0003,0.0027
2019-12-23,512980.SH,BUY,23700.0,0.8229864267349244,0.8220000267028809,5.851433494085312,0.0003,0.0012
2019-12-24,159941.SZ,SELL,3100.0,0.4846878014266491,0.4860000014305115,5.0,0.0003,0.0027
2019-12-24,512980.SH,BUY,27500.0,0.8109720023870469,0.8100000023841858,6.690519019693137,0.0003,0.0012
2019-12-25,159941.SZ,SELL,3100.0,0.48568508858680726,0.4869999885559082,5.0,0.0003,0.0027
2019-12-25,512980.SH,BUY,29000.0,0.8309959832906724,0.8299999833106995,7.229665054628849,0.0003,0.0012
2019-12-26,159941.SZ,SELL,3200.0,0.4826931973844766,0.4839999973773956,5.0,0.0003,0.0027
2019-12-26,512980.SH,BUY,7800.0,0.8339996042966843,0.8330000042915344,5.0,0.0003,0.0012
2019-12-27,159941.SZ,SELL,700.0,0.4886770095109939,0.4900000095367431,5.0,0.0003,0.0027
2019-12-27,512980.SH,BUY,400.0,0.8410079737424851,0.8399999737739563,5.0,0.0003,0.0012
2020-01-17,512980.SH,SELL,58900.0,0.9119043876171113,0.912999987602234,16.113350529194356,0.0003,0.0012
2020-01-17,512400.SH,BUY,73000.0,0.7348808272123337,0.734000027179718,16.093890115950106,0.0003,0.0012
2020-01-20,512980.SH,SELL,55900.0,0.910905600476265,0.9120000004768372,15.275886919986963,0.0003,0.0012
2020-01-20,512400.SH,BUY,70000.0,0.7268712109804154,0.7260000109672546,15.264295430588723,0.0003,0.0012
2020-01-21,512980.SH,SELL,15400.0,0.907909179520607,0.9089999794960022,5.0,0.0003,0.0012
2020-01-21,512400.SH,BUY,19100.0,0.7338795804262161,0.7329999804496765,5.0,0.0003,0.0012
2020-02-04,512400.SH,SELL,106500.0,0.6222524257183075,0.6230000257492065,19.880965001699924,0.0003,0.0012
2020-02-04,159941.SZ,BUY,10900.0,0.5003473129093646,0.4990000128746032,5.0,0.0003,0.0027
2020-02-05,512400.SH,SELL,55600.0,0.6382331985712052,0.6389999985694885,10.645729752167703,0.0003,0.0012
2020-02-05,159941.SZ,BUY,11400.0,0.5204012937843799,0.5189999938011169,5.0,0.0003,0.0027
2020-02-06,159941.SZ,BUY,11600.0,0.5244121019124984,0.5230000019073486,5.0,0.0003,0.0027
2020-02-07,159941.SZ,BUY,13100.0,0.5314309713125228,0.5299999713897705,5.0,0.0003,0.0027
2020-02-10,159941.SZ,BUY,17800.0,0.5414580215156078,0.5400000214576721,5.0,0.0003,0.0027
2020-02-11,159941.SZ,BUY,21400.0,0.561512002390623,0.5600000023841858,5.0,0.0003,0.0027
2020-02-12,159941.SZ,BUY,22400.0,0.5705363057374954,0.5690000057220459,5.0,0.0003,0.0027
2020-02-13,159941.SZ,BUY,22100.0,0.5895875995218753,0.5879999995231628,5.0,0.0003,0.0027
2020-02-14,159941.SZ,BUY,22500.0,0.599614589959383,0.5979999899864197,5.0,0.0003,0.0027
2020-02-17,159941.SZ,BUY,24500.0,0.5685308717906474,0.5669999718666077,5.0,0.0003,0.0027
2020-02-18,159941.SZ,BUY,4100.0,0.56953361864686,0.5680000185966492,5.0,0.0003,0.0027
2020-02-24,159941.SZ,SELL,41100.0,0.5295663180708885,0.531000018119812,6.529552701814055,0.0003,0.0027
2020-02-24,512880.SH,BUY,20500.0,1.059269568490982,1.0579999685287476,6.51450784621954,0.0003,0.0012
2020-02-25,159941.SZ,SELL,44700.0,0.5106176242530346,0.5120000243186951,6.8473823412331924,0.0003,0.0027
2020-02-25,512880.SH,BUY,21700.0,1.0492575780391693,1.0479999780654907,6.830666833034992,0.0003,0.0012
2020-02-26,159941.SZ,SELL,47600.0,0.5116149114131927,0.5130000114440918,7.305860934980391,0.0003,0.0027
2020-02-26,512880.SH,BUY,23200.0,1.0522611990451813,1.0509999990463257,7.323737945354462,0.0003,0.0012
2020-02-27,159941.SZ,SELL,48400.0,0.5195933275818825,0.5210000276565552,7.544495116488933,0.0003,0.0027
2020-02-27,512880.SH,BUY,23700.0,1.0602708152770997,1.059000015258789,7.538525496620178,0.0003,0.0012
2020-03-02,512880.SH,SELL,89100.0,0.9997988466739655,1.0010000467300415,26.724623171595095,0.0003,0.0012
2020-03-02,512980.SH,BUY,87500.0,0.901079976129532,0.8999999761581421,23.653349373400214,0.0003,0.0012
2020-03-03,512980.SH,BUY,10900.0,0.9321171942710876,0.930999994277954,5.0,0.0003,0.0012
2020-03-05,512980.SH,SELL,82800.0,0.9338780023813248,0.9350000023841858,23.197529579152107,0.0003,0.0012
2020-03-05,512660.SH,BUY,87300.0,0.8850608033418657,0.8840000033378601,23.17974243952346,0.0003,0.0012
2020-03-06,512980.SH,SELL,15600.0,0.9178972295284271,0.9190000295639038,5.0,0.0003,0.0012
2020-03-06,512660.SH,BUY,16400.0,0.8730463789939881,0.871999979019165,5.0,0.0003,0.0012
2020-03-17,512660.SH,SELL,103700.0,0.8000387990474701,0.8009999990463257,24.88920703836679,0.0003,0.0012
2020-03-17,515880.SH,BUY,410200.0,0.20224240704178803,0.202000007033348,24.88795061056243,0.0003,0.0012
2020-03-19,515880.SH,SELL,410200.0,0.19077079964280125,0.1909999996423721,23.476254604043117,0.0003,0.0012
2020-03-31,518880.SH,BUY,21800.0,3.5872995446205143,3.5829999446868896,23.460939021818163,0.0003,0.0012
2020-04-02,518880.SH,SELL,21800.0,3.521768822860718,3.5260000228881836,23.032368101509093,0.0003,0.0012
2020-04-08,518880.SH,BUY,21000.0,3.64737148733139,3.64299988746643,22.978440370187755,0.0003,0.0012
2020-04-29,518880.SH,SELL,21000.0,3.724525291442871,3.7290000915527344,23.464509336090085,0.0003,0.0012
2020-04-29,159941.SZ,BUY,67800.0,0.509371616256237,0.5080000162124634,10.360618674651858,0.0003,0.0027
2020-04-30,159941.SZ,BUY,68900.0,0.5404552746593951,0.5389999747276306,11.171210527209697,0.0003,0.0027
2020-05-06,159941.SZ,BUY,12100.0,0.5374472133874892,0.5360000133514404,5.0,0.0003,0.0027
2020-05-14,159941.SZ,SELL,88200.0,0.5056311290085316,0.5070000290870667,13.378999673565744,0.0003,0.0027
2020-05-14,512660.SH,BUY,53400.0,0.8350007914066315,0.8339999914169312,13.376712678334236,0.0003,0.0012
2020-05-15,159941.SZ,SELL,60600.0,0.508622990489006,0.5099999904632568,9.246765967090129,0.0003,0.0027
2020-05-15,512660.SH,BUY,36400.0,0.8450127818584443,0.843999981880188,9.22753957789421,0.0003,0.0012
2020-05-25,512660.SH,SELL,89800.0,0.8090280023813248,0.8100000023841858,21.79521438415289,0.0003,0.0012
2020-05-25,518880.SH,BUY,18800.0,3.8596260190963747,3.8550000190734863,21.768290747703553,0.0003,0.0012
2020-05-27,518880.SH,SELL,18800.0,3.8403860285758973,3.8450000286102295,21.65977720116806,0.0003,0.0012
2020-05-27,159941.SZ,BUY,72700.0,0.5324337181687354,0.531000018119812,11.612379393260117,0.0003,0.0027
2020-05-28,159941.SZ,BUY,63100.0,0.5314309713125228,0.5299999713897705,10.059988286946055,0.0003,0.0027
2020-06-01,159941.SZ,SELL,72000.0,0.52757168430686,0.5289999842643738,11.395548381028174,0.0003,0.0027
2020-06-01,518880.SH,BUY,9700.0,3.8856572420120243,3.88100004196167,11.307262574254988,0.0003,0.0012
2020-06-02,159941.SZ,SELL,63800.0,0.5305636052310466,0.5320000052452087,10.154987404122231,0.0003,0.0027
2020-06-02,518880.SH,BUY,8700.0,3.8896619904518133,3.884999990463257,10.152017795079232,0.0003,0.0012
2020-06-05,518880.SH,SELL,18400.0,3.8403860285758973,3.8450000286102295,21.198930877738952,0.0003,0.0012
2020-06-05,513520.SH,BUY,24400.0,1.0829160430312157,1.0800000429153442,7.9269454349884985,0.0003,0.0027
2020-06-08,513520.SH,BUY,23900.0,1.0969537818312645,1.093999981880188,7.865158615730166,0.0003,0.0027
2020-06-09,513520.SH,BUY,16600.0,1.0999619028687477,1.097000002861023,5.4778102762863625,0.0003,0.0027
2020-06-30,513520.SH,SELL,21200.0,1.0770840427994728,1.0800000429153442,6.850254512204646,0.0003,0.0027
2020-06-30,512980.SH,BUY,24400.0,0.933118381381035,0.9319999814033508,6.830426551709176,0.0003,0.0012
2020-07-01,513520.SH,SELL,21000.0,1.0681082800269126,1.0709999799728394,6.729082164169549,0.0003,0.0027
2020-07-01,512980.SH,BUY,23600.0,0.950138800954819,0.9490000009536744,6.726982710760118,0.0003,0.0012
2020-07-02,513520.SH,SELL,20600.0,1.065116359102726,1.0679999589920044,6.582419099254846,0.0003,0.0027
2020-07-02,512980.SH,BUY,23200.0,0.9461339928388597,0.9449999928474426,6.585092590158462,0.0003,0.0012
2020-07-03,513520.SH,SELL,2100.0,1.070102854347229,1.0729999542236328,5.0,0.0003,0.0027
2020-07-03,512980.SH,BUY,2300.0,0.9471351799488068,0.9459999799728394,5.0,0.0003,0.0012
2020-07-21,512980.SH,SELL,67600.0,1.0217724019050598,1.0230000019073486,20.72154431063461,0.0003,0.0012
2020-07-22,512980.SH,SELL,5900.0,1.0247688228607177,1.0260000228881836,5.0,0.0003,0.0012
2020-07-24,512200.SH,BUY,27800.0,2.6952303121566774,2.691999912261963,22.478220803386687,0.0003,0.0012
2020-07-30,512200.SH,SELL,27800.0,2.638829559993744,2.6419999599456787,22.007838530347822,0.0003,0.0012
2020-07-30,512980.SH,BUY,68500.0,1.0112119904518129,1.0099999904632568,20.780406403784752,0.0003,0.0012
2020-07-31,512980.SH,BUY,4300.0,0.9901868224382402,0.9890000224113464,5.0,0.0003,0.0012
2020-08-05,512980.SH,SELL,63100.0,0.995803579044342,0.996999979019165,18.850561751309392,0.0003,0.0012
2020-08-05,518880.SH,BUY,14500.0,4.3041585861206055,4.298999786376953,18.723089849624632,0.0003,0.0012
2020-08-06,512980.SH,SELL,9700.0,1.004792841911316,1.00600004196167,5.0,0.0003,0.0012
2020-08-06,518880.SH,BUY,2300.0,4.338199783325195,4.333000183105469,5.0,0.0003,0.0012
2020-08-13,518880.SH,SELL,16800.0,4.063118239974975,4.067999839782715,20.478115929473873,0.0003,0.0012
2020-08-17,512200.SH,BUY,24300.0,2.810368321704865,2.806999921798706,20.487585065228465,0.0003,0.0012
2020-08-25,512200.SH,SELL,24300.0,2.753691569519043,2.756999969482422,20.074411541793822,0.0003,0.0012
2020-08-25,512980.SH,BUY,39800.0,1.0252288486957548,1.02400004863739,12.24123245342731,0.0003,0.0012
2020-08-26,512980.SH,BUY,25300.0,1.0312359713554384,1.0299999713897705,7.827081022587777,0.0003,0.0012
2020-09-01,512980.SH,SELL,49300.0,1.0237699761867523,1.024999976158142,15.141557947802063,0.0003,0.0012
2020-09-02,512980.SH,SELL,15800.0,1.0287639714241028,1.0299999713897705,5.0,0.0003,0.0012
2020-09-03,512980.SH,BUY,46800.0,1.044251582813263,1.0429999828338623,14.661292222698211,0.0003,0.0012
2020-09-04,512980.SH,BUY,17700.0,1.0092096162319184,1.0080000162124634,5.358903062191486,0.0003,0.0012
2020-09-11,512980.SH,SELL,41600.0,0.9498587752342225,0.9509999752044678,11.854237514923096,0.0003,0.0012
2020-09-14,512980.SH,SELL,22900.0,0.9748288109540939,0.9760000109672546,6.697073931254625,0.0003,0.0012
2020-09-14,159985.SZ,BUY,21100.0,1.0913080334186556,1.090000033378601,6.907979851540089,0.0003,0.0012
2020-09-15,159985.SZ,BUY,21200.0,1.090306786632538,1.0889999866485596,6.93435116298294,0.0003,0.0012
2020-09-16,159985.SZ,BUY,14500.0,1.0812960429668428,1.0800000429153442,5.0,0.0003,0.0012
2020-11-10,159985.SZ,SELL,22700.0,1.1376332581043245,1.1390000581741333,7.747282487690449,0.0003,0.0012
2020-11-10,513520.SH,BUY,1800.0,1.1631319665312767,1.159999966621399,5.0,0.0003,0.0027
2020-11-11,159985.SZ,SELL,22200.0,1.1596068133354187,1.1610000133514404,7.722981376813888,0.0003,0.0012
2020-11-11,513520.SH,BUY,2000.0,1.1621293392062186,1.159000039100647,5.0,0.0003,0.0027
2020-11-12,159985.SZ,SELL,11900.0,1.171592378091812,1.1729999780654907,5.0,0.0003,0.0012
2020-11-12,513520.SH,BUY,2300.0,1.1791751990437507,1.1759999990463257,5.0,0.0003,0.0027
2020-11-13,513520.SH,BUY,2500.0,1.178172452187538,1.1749999523162842,5.0,0.0003,0.0027
2020-11-16,513520.SH,BUY,3200.0,1.1932130573749542,1.190000057220459,5.0,0.0003,0.0027
2020-11-17,513520.SH,BUY,3900.0,1.2152724124312397,1.212000012397766,5.0,0.0003,0.0027
2020-11-18,513520.SH,BUY,4100.0,1.1972238057374953,1.194000005722046,5.0,0.0003,0.0027
2020-11-19,513520.SH,BUY,4200.0,1.178172452187538,1.1749999523162842,5.0,0.0003,0.0027
2020-11-20,513520.SH,BUY,4400.0,1.1881994426250457,1.184999942779541,5.0,0.0003,0.0027
2020-11-23,513520.SH,BUY,4400.0,1.1871968152999877,1.184000015258789,5.0,0.0003,0.0027
2020-11-24,513520.SH,BUY,4500.0,1.2122642913937567,1.2089999914169312,5.0,0.0003,0.0027
2020-11-25,513520.SH,BUY,4700.0,1.2333210191249846,1.2300000190734863,5.0,0.0003,0.0027
2020-11-26,513520.SH,BUY,5100.0,1.2202859076499937,1.2170000076293943,5.0,0.0003,0.0027
2020-11-27,513520.SH,BUY,5000.0,1.2383345143437385,1.2350000143051147,5.0,0.0003,0.0027
2020-11-30,513520.SH,BUY,2200.0,1.240339888525009,1.2369999885559082,5.0,0.0003,0.0027
2020-12-18,513520.SH,SELL,2000.0,1.2476223466038703,1.2510000467300415,5.0,0.0003,0.0027
2020-12-18,512400.SH,BUY,2700.0,0.9341196281671525,0.9330000281333924,5.0,0.0003,0.0012
2020-12-21,513520.SH,SELL,2300.0,1.2386465838313103,1.2419999837875366,5.0,0.0003,0.0027
2020-12-21,512400.SH,BUY,3000.0,0.9561459832906725,0.9549999833106996,5.0,0.0003,0.0012
2020-12-22,513520.SH,SELL,2300.0,1.2306681676626205,1.2339999675750732,5.0,0.0003,0.0027
2020-12-22,512400.SH,BUY,2900.0,0.9651567866325379,0.9639999866485596,5.0,0.0003,0.0012
2020-12-23,512400.SH,SELL,8600.0,0.9208935909509659,0.921999990940094,5.0,0.0003,0.0012
2020-12-23,513520.SH,SELL,2300.0,1.2276762467384341,1.2309999465942385,5.0,0.0003,0.0027
2020-12-23,512170.SH,BUY,14000.0,0.7639156114578248,0.7630000114440918,5.0,0.0003,0.0012
2020-12-24,513520.SH,SELL,2300.0,1.228673593342304,1.2319999933242798,5.0,0.0003,0.0027
2020-12-24,512170.SH,BUY,3800.0,0.7549048081159593,0.7540000081062317,5.0,0.0003,0.0012
2020-12-25,513520.SH,SELL,2300.0,1.2336600885868072,1.2369999885559082,5.0,0.0003,0.0027
2020-12-25,512170.SH,BUY,3700.0,0.753903621006012,0.753000020980835,5.0,0.0003,0.0012
2020-12-28,513520.SH,SELL,2300.0,1.2266790190219878,1.2300000190734863,5.0,0.0003,0.0027
2020-12-28,512170.SH,BUY,3700.0,0.7739276019096375,0.7730000019073486,5.0,0.0003,0.0012
2020-12-29,513520.SH,SELL,2200.0,1.2496169209241867,1.253000020980835,5.0,0.0003,0.0027
2020-12-29,512170.SH,BUY,3500.0,0.7669191727876664,0.765999972820282,5.0,0.0003,0.0012
2020-12-30,513520.SH,SELL,2400.0,1.261584485733509,1.2649999856948853,5.0,0.0003,0.0027
2020-12-30,512170.SH,BUY,4000.0,0.7579084291219712,0.7570000290870667,5.0,0.0003,0.0012
2020-12-31,513520.SH,SELL,2500.0,1.2735520505428313,1.2769999504089355,5.0,0.0003,0.0027
2020-12-31,512170.SH,BUY,4100.0,0.7699227937936783,0.7689999938011169,5.0,0.0003,0.0012
2021-01-04,513520.SH,SELL,2800.0,1.2655737532615658,1.2690000534057615,5.0,0.0003,0.0027
2021-01-04,512170.SH,BUY,4600.0,0.7809359713554384,0.7799999713897705,5.0,0.0003,0.0012
2021-01-05,513520.SH,SELL,3100.0,1.2585925648093224,1.2619999647140503,5.0,0.0003,0.0027
2021-01-05,512170.SH,BUY,4900.0,0.7839395923614503,0.7829999923706055,5.0,0.0003,0.0012
2021-01-06,513520.SH,SELL,3200.0,1.251611495244503,1.2549999952316284,5.0,0.0003,0.0027
2021-01-06,512170.SH,BUY,5000.0,0.7949528295993805,0.7940000295639038,5.0,0.0003,0.0012
2021-01-07,513520.SH,SELL,3200.0,1.2575953370928763,1.2610000371932983,5.0,0.0003,0.0027
2021-01-07,512170.SH,BUY,5000.0,0.8159779976129533,0.8149999976158142,5.0,0.0003,0.0012
2021-01-08,513520.SH,SELL,3200.0,1.271557476222515,1.274999976158142,5.0,0.0003,0.0027
2021-01-08,512170.SH,BUY,4900.0,0.8189816186189652,0.8180000185966492,5.0,0.0003,0.0012
2021-01-11,512170.SH,SELL,61200.0,0.8190159928560257,0.8199999928474426,15.037133628836632,0.0003,0.0012
2021-01-11,513520.SH,BUY,3300.0,1.2924803344249725,1.2890000343322754,5.0,0.0003,0.0027
2021-01-12,513520.SH,BUY,4100.0,1.2954884554624557,1.2920000553131104,5.0,0.0003,0.0027
2021-01-13,513520.SH,BUY,4800.0,1.2904748407125473,1.2869999408721924,5.0,0.0003,0.0027
2021-01-14,513520.SH,BUY,4800.0,1.3165450636625289,1.312999963760376,5.0,0.0003,0.0027
2021-01-15,513520.SH,BUY,4800.0,1.323564052593708,1.3200000524520874,5.0,0.0003,0.0027
2021-01-18,513520.SH,BUY,4800.0,1.3536450239062308,1.350000023841858,5.0,0.0003,0.0027
2021-01-19,513520.SH,SELL,5100.0,1.3114495570659637,1.315000057220459,5.0,0.0003,0.0027
2021-01-19,512170.SH,BUY,26300.0,0.828993609070778,0.828000009059906,6.540759575568438,0.0003,0.0012
2021-01-20,512170.SH,SELL,26300.0,0.8080292152404785,0.8090000152587891,6.375350508247376,0.0003,0.0012
2021-01-20,513520.SH,SELL,5200.0,1.2974872990489006,1.3009999990463257,5.0,0.0003,0.0027
2021-01-20,512660.SH,BUY,21500.0,1.2985564506053926,1.2970000505447388,8.375689106404781,0.0003,0.0012
2021-01-21,513520.SH,SELL,5300.0,1.3094548638582229,1.312999963760376,5.0,0.0003,0.0027
2021-01-21,512660.SH,BUY,5300.0,1.3145755637168886,1.312999963760376,5.0,0.0003,0.0012
2021-01-22,513520.SH,SELL,5400.0,1.3054657152175904,1.309000015258789,5.0,0.0003,0.0027
2021-01-22,512660.SH,BUY,5300.0,1.3315960429668428,1.3300000429153442,5.0,0.0003,0.0012
2021-01-25,513520.SH,SELL,5700.0,1.3104522104620935,1.3140000104904177,5.0,0.0003,0.0027
2021-01-25,512660.SH,BUY,5600.0,1.3446116544246676,1.343000054359436,5.0,0.0003,0.0012
2021-01-26,513520.SH,SELL,6200.0,1.30446836861372,1.3079999685287476,5.0,0.0003,0.0027
2021-01-26,512660.SH,BUY,6000.0,1.3245875541687013,1.3229999542236328,5.0,0.0003,0.0012
2021-01-27,513520.SH,SELL,6200.0,1.3054657152175904,1.309000015258789,5.0,0.0003,0.0027
2021-01-27,512660.SH,SELL,43700.0,1.2325191676139833,1.2339999675750732,16.158326287419317,0.0003,0.0012
2021-01-27,159920.SZ,BUY,40300.0,1.538844340801239,1.5369999408721924,18.60462808028698,0.0003,0.0012
2021-01-28,513520.SH,SELL,3400.0,1.286516961956024,1.2899999618530271,5.0,0.0003,0.0027
2021-01-28,159920.SZ,BUY,2900.0,1.5148156114578248,1.5130000114440918,5.0,0.0003,0.0012
2021-02-25,159920.SZ,SELL,43200.0,1.5531339476108552,1.5549999475479126,20.128615961036683,0.0003,0.0012
2021-02-25,512170.SH,BUY,81400.0,0.8229864267349244,0.8220000267028809,20.097328540866854,0.0003,0.0012
2021-02-26,512170.SH,SELL,81400.0,0.7950448038101197,0.7960000038146973,19.41499410904312,0.0003,0.0012
2021-02-26,513520.SH,BUY,5200.0,1.3365990445375442,1.3329999446868896,5.0,0.0003,0.0027
2021-03-01,513520.SH,SELL,5200.0,1.3174332800269126,1.3209999799728394,5.0,0.0003,0.0027
2021-03-02,513520.SH,BUY,4800.0,1.3536450239062308,1.350000023841858,5.0,0.0003,0.0027
2021-03-03,513520.SH,SELL,4800.0,1.3054657152175904,1.309000015258789,5.0,0.0003,0.0027
2021-03-03,513500.SH,BUY,29500.0,1.1871968152999877,1.184000015258789,10.50669181540489,0.0003,0.0027
2021-03-04,513500.SH,BUY,24800.0,1.1831859474062918,1.1799999475479126,8.80290344870281,0.0003,0.0027
2021-04-20,513500.SH,SELL,33600.0,1.2805332389950752,1.284000039100647,12.907775049070358,0.0003,0.0027
2021-04-20,159941.SZ,BUY,32500.0,0.7048981090843677,0.703000009059906,6.872756563572584,0.0003,0.0027
2021-04-21,513500.SH,SELL,20700.0,1.2635790600538253,1.2669999599456787,7.846825962934254,0.0003,0.0027
2021-04-21,159941.SZ,BUY,33000.0,0.6938683717906474,0.6919999718666077,6.869296880727409,0.0003,0.0027
2021-04-22,159941.SZ,BUY,33000.0,0.7018899880468845,0.699999988079071,6.948710881664156,0.0003,0.0027
2021-04-23,159941.SZ,BUY,200.0,0.6968764928281307,0.6949999928474426,5.0,0.0003,0.0027
2021-05-07,159941.SZ,SELL,34900.0,0.6821532152175903,0.6840000152587891,7.142144163328171,0.0003,0.0027
2021-05-07,513500.SH,BUY,18300.0,1.2964910827875136,1.2929999828338623,7.117736044503449,0.0003,0.0027
2021-05-10,159941.SZ,SELL,34800.0,0.6841477895379067,0.6859999895095825,7.142502922775744,0.0003,0.0027
2021-05-10,513500.SH,SELL,18300.0,1.2925008038043975,1.2960000038146973,7.095829412886141,0.0003,0.0027
2021-05-10,512400.SH,BUY,41100.0,1.1563859713554383,1.1549999713897705,14.258239026812552,0.0003,0.0012
2021-05-11,159941.SZ,SELL,29000.0,0.6651990957200526,0.6669999957084656,5.787232132764458,0.0003,0.0027
2021-05-11,512400.SH,BUY,16600.0,1.1563859713554383,1.1549999713897705,5.758802137350083,0.0003,0.0012
2021-05-21,512400.SH,SELL,57700.0,1.1016764447689056,1.1030000448226929,19.070019258949753,0.0003,0.0012
2021-05-21,518880.SH,BUY,16600.0,3.815573308849335,3.811000108718872,19.001555078069686,0.0003,0.0012
2021-06-09,518880.SH,SELL,16600.0,3.7734665162086487,3.7780001163482666,18.791863250719068,0.0003,0.0012
2021-06-09,515030.SH,BUY,33900.0,1.8552236448764803,1.8530000448226929,18.867624468393803,0.0003,0.0012
2021-07-30,515030.SH,SELL,33900.0,2.375146420955658,2.378000020980835,24.155239101119037,0.0003,0.0012
2021-07-30,512660.SH,BUY,66700.0,1.2064460429668427,1.2050000429153442,24.14098531976652,0.0003,0.0012
2021-08-31,512660.SH,SELL,66700.0,1.3933259809494019,1.3949999809265137,27.88045287879753,0.0003,0.0012
2021-08-31,159941.SZ,BUY,20100.0,0.787119526296854,0.7850000262260437,5.0,0.0003,0.0027
2021-09-01,159941.SZ,BUY,20200.0,0.7881222133874892,0.7860000133514404,5.0,0.0003,0.0027
2021-09-02,159941.SZ,BUY,20200.0,0.7891249004781246,0.7870000004768372,5.0,0.0003,0.0027
2021-09-03,159941.SZ,BUY,20200.0,0.7881222133874892,0.7860000133514404,5.0,0.0003,0.0027
2021-09-06,159941.SZ,BUY,18900.0,0.7891249004781246,0.7870000004768372,5.0,0.0003,0.0027
2021-09-07,159941.SZ,BUY,18100.0,0.7901275875687599,0.7879999876022339,5.0,0.0003,0.0027
2021-09-08,159941.SZ,SELL,21100.0,0.7848751004755496,0.7870000004768372,5.0,0.0003,0.0027
2021-09-09,159941.SZ,SELL,21200.0,0.781883179551363,0.7839999794960022,5.0,0.0003,0.0027
2021-09-10,159941.SZ,SELL,23000.0,0.7788913180708885,0.781000018119812,5.374350094689131,0.0003,0.0027
2021-09-10,512880.SH,BUY,41100.0,1.2414880095481873,1.2400000095367432,15.307547157729147,0.0003,0.0012
2021-09-13,159941.SZ,SELL,23100.0,0.7749021099865436,0.7770000100135803,5.370071622206747,0.0003,0.0027
2021-09-13,512880.SH,BUY,14300.0,1.2484963789939882,1.246999979019165,5.35604946588421,0.0003,0.0012
2021-09-14,159941.SZ,SELL,23100.0,0.7758993971467018,0.777999997138977,5.376982822226643,0.0003,0.0027
2021-09-14,512880.SH,BUY,14300.0,1.254503621006012,1.253000020980835,5.381820534115791,0.0003,0.0012
2021-09-15,159941.SZ,SELL,6200.0,0.7699156147420406,0.7720000147819519,5.0,0.0003,0.0027
2021-09-15,512880.SH,BUY,3900.0,1.2114520381927494,1.2100000381469729,5.0,0.0003,0.0012
2021-10-11,512880.SH,SELL,73600.0,1.1695948038101196,1.1710000038146973,25.824653268127438,0.0003,0.0012
2021-10-12,512200.SH,BUY,24300.0,2.2426880095481874,2.240000009536743,16.349195589606282,0.0003,0.0012
2021-10-13,512200.SH,BUY,13900.0,2.264714484024048,2.26200008392334,9.44385939838028,0.0003,0.0012
2021-10-15,512200.SH,SELL,25800.0,2.1923659333229066,2.194999933242798,16.968912323919294,0.0003,0.0012
2021-10-18,512200.SH,SELL,12400.0,2.1893695123672487,2.191999912261963,8.144454586006164,0.0003,0.0012
2021-10-21,513500.SH,BUY,33000.0,1.373699004781246,1.3700000047683716,13.599620147334335,0.0003,0.0027
2021-10-22,513500.SH,BUY,27900.0,1.3757043789625167,1.371999979019165,11.514645651916263,0.0003,0.0027
2021-11-11,513500.SH,SELL,20500.0,1.4022038180708885,1.406000018119812,8.623553481135962,0.0003,0.0027
2021-11-11,512660.SH,BUY,20600.0,1.3956728534698486,1.3940000534057615,8.625258234443663,0.0003,0.0012
2021-11-12,513500.SH,SELL,20700.0,1.404198392391205,1.4079999923706057,8.72007201674938,0.0003,0.0027
2021-11-12,512660.SH,SELL,20600.0,1.3993188228607178,1.4010000228881836,8.647790325279235,0.0003,0.0012
2021-11-12,512980.SH,BUY,76700.0,0.7549048081159593,0.7540000081062317,17.37035963474822,0.0003,0.0012
2021-11-15,513500.SH,SELL,19100.0,1.409184887635708,1.412999987602234,8.074629406152606,0.0003,0.0027
2021-11-15,512980.SH,BUY,35500.0,0.7579084291219712,0.7570000290870667,8.071724770148993,0.0003,0.0012
2021-11-16,513500.SH,SELL,600.0,1.4121768085598945,1.4160000085830688,5.0,0.0003,0.0027
2021-11-16,512980.SH,BUY,1100.0,0.7839395923614503,0.7829999923706055,5.0,0.0003,0.0012
2021-12-07,512980.SH,SELL,108300.0,0.7381132223844529,0.7390000224113464,23.98129859527087,0.0003,0.0012
2021-12-07,512660.SH,BUY,54200.0,1.4737664028644564,1.472000002861023,23.96344171057606,0.0003,0.0012
2021-12-08,512980.SH,SELL,5000.0,0.7401107966661453,0.7409999966621399,5.0,0.0003,0.0012
2021-12-08,512660.SH,BUY,2600.0,1.4227052038192751,1.4210000038146973,5.0,0.0003,0.0012
2021-12-13,512660.SH,SELL,56800.0,1.4242887990474702,1.4259999990463257,24.26988113576889,0.0003,0.0012
2021-12-13,515880.SH,BUY,379000.0,0.18522200238704684,0.1850000023841858,21.059741671407224,0.0003,0.0012
2021-12-14,515880.SH,BUY,57200.0,0.18622320441603663,0.1860000044107437,5.0,0.0003,0.0012
2021-12-21,515880.SH,SELL,349800.0,0.18178159630894658,0.181999996304512,19.07616071666085,0.0003,0.0012
2021-12-21,512980.SH,BUY,79800.0,0.7959540167093277,0.7950000166893005,19.055139160021305,0.0003,0.0012
2021-12-22,515880.SH,SELL,86400.0,0.18577680440545083,0.1860000044107437,5.0,0.0003,0.0012
2021-12-22,512980.SH,BUY,19700.0,0.8129743766069413,0.8119999766349792,5.0,0.0003,0.0012
2022-01-21,512980.SH,SELL,99500.0,0.8190159928560257,0.8199999928474426,24.447627386752362,0.0003,0.0012
2022-01-21,512200.SH,BUY,35200.0,2.3147744362831117,2.312000036239624,24.444018047149655,0.0003,0.0012
2022-02-07,512200.SH,SELL,35200.0,2.203352889537811,2.2060000896453857,23.267406513519283,0.0003,0.0012
2022-02-07,159985.SZ,BUY,7800.0,1.3936703598976137,1.3919999599456787,5.0,0.0003,0.0012
2022-02-08,159985.SZ,BUY,7800.0,1.4166979618072508,1.4149999618530271,5.0,0.0003,0.0012
2022-02-09,159985.SZ,BUY,8200.0,1.4166979618072508,1.4149999618530271,5.0,0.0003,0.0012
2022-02-10,159985.SZ,BUY,8000.0,1.4567460429668428,1.4550000429153442,5.0,0.0003,0.0012
2022-02-11,159985.SZ,BUY,8100.0,1.443730431509018,1.4420000314712524,5.0,0.0003,0.0012
2022-02-14,159985.SZ,BUY,8100.0,1.4367219427108766,1.434999942779541,5.0,0.0003,0.0012
2022-02-15,159985.SZ,BUY,6300.0,1.4217039570331576,1.4199999570846558,5.0,0.0003,0.0012
2022-04-06,159985.SZ,SELL,49000.0,1.518175980949402,1.5199999809265137,22.317186919956207,0.0003,0.0012
2022-04-06,512200.SH,BUY,29100.0,2.556063573265076,2.552999973297119,22.314434994604113,0.0003,0.0012
2022-04-07,159985.SZ,SELL,5300.0,1.5091868371486663,1.5110000371932983,5.0,0.0003,0.0012
2022-04-07,512200.SH,BUY,3100.0,2.5420468343734743,2.5390000343322754,5.0,0.0003,0.0012
2022-04-22,512200.SH,SELL,32200.0,2.1783827942848206,2.180999994277954,21.04317779279137,0.0003,0.0012
2022-04-22,518880.SH,BUY,17700.0,3.9457291847229006,3.940999984741211,20.9518219708786,0.0003,0.0012
2022-04-27,518880.SH,SELL,17700.0,3.894321129512787,3.8989999294281006,20.678845197712896,0.0003,0.0012
2022-04-28,518880.SH,BUY,17800.0,3.8756452515602113,3.871000051498413,20.695945643331523,0.0003,0.0012
2022-05-16,518880.SH,SELL,17800.0,3.872347693347931,3.877000093460083,20.67833668247795,0.0003,0.0012
2022-05-16,159985.SZ,BUY,33200.0,1.6379632372379305,1.6360000371932983,16.314113842889785,0.0003,0.0012
2022-05-17,159985.SZ,BUY,9000.0,1.6409668582439425,1.6390000581741333,5.0,0.0003,0.0012
2022-05-25,159985.SZ,SELL,25300.0,1.6130620095252992,1.6150000095367432,12.24314065229702,0.0003,0.0012
2022-05-26,159985.SZ,BUY,24200.0,1.6099296401023866,1.6080000400543213,11.688089187143326,0.0003,0.0012
2022-05-27,159985.SZ,BUY,1100.0,1.6479752276897432,1.6460000276565552,5.0,0.0003,0.0012
2022-06-07,159985.SZ,SELL,18800.0,1.6320391438007353,1.633999943733215,9.204700771036146,0.0003,0.0012
2022-06-07,515030.SH,BUY,14600.0,2.0935092802047732,2.0910000801086426,9.169570647296906,0.0003,0.0012
2022-06-08,159985.SZ,SELL,18600.0,1.650017550468445,1.6519999504089355,9.207097931613923,0.0003,0.0012
2022-06-08,515030.SH,BUY,14700.0,2.0865009107589723,2.0840001106262207,9.201469016447067,0.0003,0.0012
2022-06-09,159985.SZ,SELL,4800.0,1.6550115457057952,1.656999945640564,5.0,0.0003,0.0012
2022-06-09,515030.SH,BUY,3800.0,2.0965129012107853,2.0940001010894775,5.0,0.0003,0.0012
2022-07-07,515030.SH,SELL,33100.0,2.415098382854462,2.4179999828338623,23.981926941744806,0.0003,0.0012
2022-07-07,562500.SH,BUY,3500.0,0.8209839928388596,0.8199999928474426,5.0,0.0003,0.0012
2022-07-08,562500.SH,BUY,4000.0,0.8249888009548187,0.8240000009536743,5.0,0.0003,0.0012
2022-07-11,562500.SH,BUY,4100.0,0.8229864267349244,0.8220000267028809,5.0,0.0003,0.0012
2022-07-12,562500.SH,BUY,4200.0,0.8019611990451814,0.8009999990463257,5.0,0.0003,0.0012
2022-07-13,562500.SH,BUY,4300.0,0.7819372181415558,0.781000018119812,5.0,0.0003,0.0012
2022-07-14,562500.SH,BUY,4300.0,0.7999588248252869,0.7990000247955322,5.0,0.0003,0.0012
2022-07-15,562500.SH,BUY,4400.0,0.811973189496994,0.8109999895095825,5.0,0.0003,0.0012
2022-07-18,562500.SH,BUY,4500.0,0.8039635732650757,0.8029999732971191,5.0,0.0003,0.0012
2022-07-19,562500.SH,BUY,4500.0,0.8209839928388596,0.8199999928474426,5.0,0.0003,0.0012
2022-07-20,562500.SH,BUY,4500.0,0.8179803718328477,0.8169999718666077,5.0,0.0003,0.0012
2022-07-21,562500.SH,BUY,4400.0,0.8380044124126436,0.8370000123977661,5.0,0.0003,0.0012
2022-07-22,562500.SH,BUY,4500.0,0.8400067866325379,0.8389999866485596,5.0,0.0003,0.0012
2022-07-25,562500.SH,BUY,4700.0,0.8339996042966843,0.8330000042915344,5.0,0.0003,0.0012
2022-07-26,562500.SH,SELL,4800.0,0.8170184185743332,0.8180000185966492,5.0,0.0003,0.0012
2022-07-26,515790.SH,BUY,22900.0,1.664995587587357,1.662999987602234,11.438519686725142,0.0003,0.0012
2022-07-27,562500.SH,SELL,4600.0,0.8210136266708374,0.8220000267028809,5.0,0.0003,0.0012
2022-07-27,515790.SH,SELL,22900.0,1.7019551961898804,1.7039999961853027,11.692432197824477,0.0003,0.0012
2022-07-28,562500.SH,BUY,4400.0,0.8590295804262162,0.8579999804496765,5.0,0.0003,0.0012
2022-07-29,562500.SH,BUY,4400.0,0.8670391966581346,0.8659999966621399,5.0,0.0003,0.0012
2022-08-01,562500.SH,BUY,4500.0,0.8510200238704683,0.8500000238418579,5.0,0.0003,0.0012
2022-08-02,562500.SH,BUY,4500.0,0.8850608033418657,0.8840000033378601,5.0,0.0003,0.0012
2022-08-03,562500.SH,BUY,4600.0,0.8560260190963745,0.8550000190734863,5.0,0.0003,0.0012
2022-08-04,562500.SH,BUY,5300.0,0.8380044124126436,0.8370000123977661,5.0,0.0003,0.0012
2022-08-05,562500.SH,BUY,5600.0,0.8510200238704683,0.8500000238418579,5.0,0.0003,0.0012
2022-08-08,562500.SH,BUY,5700.0,0.8530223980903626,0.8519999980926514,5.0,0.0003,0.0012
2022-08-09,562500.SH,BUY,6100.0,0.8610320143222809,0.8600000143051147,5.0,0.0003,0.0012
2022-08-10,562500.SH,BUY,4700.0,0.8550247723102571,0.8539999723434448,5.0,0.0003,0.0012
2022-08-25,562500.SH,SELL,9400.0,0.8210136266708374,0.8220000267028809,5.0,0.0003,0.0012
2022-08-25,159941.SZ,BUY,11300.0,0.6848441282093525,0.6830000281333923,5.0,0.0003,0.0027
2022-08-26,562500.SH,SELL,9600.0,0.8020363733291627,0.8029999732971191,5.0,0.0003,0.0012
2022-08-26,159941.SZ,BUY,11100.0,0.69487111864686,0.6930000185966492,5.0,0.0003,0.0027
2022-08-29,562500.SH,SELL,9400.0,0.7930472295284271,0.7940000295639038,5.0,0.0003,0.0012
2022-08-29,159941.SZ,BUY,11200.0,0.6607792794406413,0.6589999794960022,5.0,0.0003,0.0027
2022-08-30,159941.SZ,SELL,33600.0,0.6612098876357079,0.6629999876022339,6.6649956673679345,0.0003,0.0027
2022-08-30,562500.SH,SELL,9000.0,0.7910495957136154,0.7919999957084656,5.0,0.0003,0.0012
2022-08-30,159985.SZ,BUY,18000.0,1.6279512467861177,1.6260000467300415,8.790936732645035,0.0003,0.0012
2022-08-31,562500.SH,SELL,8700.0,0.7840580261945724,0.7850000262260437,5.0,0.0003,0.0012
2022-08-31,159985.SZ,BUY,4200.0,1.630954748439789,1.628999948501587,5.0,0.0003,0.0012
2022-09-01,562500.SH,SELL,8800.0,0.7610856242895127,0.7620000243186951,5.0,0.0003,0.0012
2022-09-01,159985.SZ,BUY,4000.0,1.6379632372379305,1.6360000371932983,5.0,0.0003,0.0012
2022-09-02,562500.SH,SELL,8300.0,0.7550927823781968,0.7559999823570251,5.0,0.0003,0.0012
2022-09-02,159985.SZ,BUY,3900.0,1.6299536210060122,1.628000020980835,5.0,0.0003,0.0012
2022-09-05,562500.SH,SELL,7600.0,0.7570904161930084,0.7580000162124634,5.0,0.0003,0.0012
2022-09-05,159985.SZ,BUY,3400.0,1.6589883455753327,1.656999945640564,5.0,0.0003,0.0012
2022-09-06,562500.SH,SELL,7500.0,0.7530952080965042,0.7540000081062317,5.0,0.0003,0.0012
2022-09-06,159985.SZ,BUY,3400.0,1.6619919665813447,1.659999966621399,5.0,0.0003,0.0012
2022-09-07,562500.SH,SELL,7300.0,0.7780651842832566,0.7789999842643738,5.0,0.0003,0.0012
2022-09-07,159985.SZ,BUY,3500.0,1.6489763551235201,1.6469999551773071,5.0,0.0003,0.0012
2022-09-08,562500.SH,SELL,6900.0,0.7780651842832566,0.7789999842643738,5.0,0.0003,0.0012
2022-09-08,159985.SZ,BUY,3200.0,1.6780111990451814,1.6759999990463257,5.0,0.0003,0.0012
2022-09-09,562500.SH,SELL,3800.0,0.7680771938085557,0.7689999938011169,5.0,0.0003,0.0012
2022-09-09,159985.SZ,BUY,1700.0,1.6639943408012392,1.6619999408721924,5.0,0.0003,0.0012
2022-10-19,159985.SZ,SELL,23900.0,1.7309204400062561,1.7330000400543213,12.410699554844856,0.0003,0.0012
2022-10-19,518880.SH,BUY,10900.0,3.803558824825287,3.799000024795532,12.437637357178687,0.0003,0.0012
2022-10-20,518880.SH,SELL,10900.0,3.7704700952529913,3.775000095367432,12.32943721147728,0.0003,0.0012
2022-10-20,159985.SZ,SELL,21400.0,1.7479,1.75,11.221517999999998,0.0003,0.0012
2022-10-21,159985.SZ,BUY,23600.0,1.756104748439789,1.753999948501587,12.433221618953704,0.0003,0.0012
2022-10-24,159985.SZ,BUY,21000.0,1.758107242012024,1.75600004196167,11.07607562467575,0.0003,0.0012
2022-11-29,159985.SZ,SELL,18900.0,1.8447836028575897,1.847000002861023,10.459923028202534,0.0003,0.0012
2022-11-29,512200.SH,BUY,15700.0,2.21966040763855,2.2170000076293945,10.454600519977571,0.0003,0.0012
2022-11-30,159985.SZ,SELL,18400.0,1.8447836028575897,1.847000002861023,10.183205487773893,0.0003,0.0012
2022-11-30,512200.SH,BUY,15000.0,2.259708369445801,2.256999969482422,10.168687662506102,0.0003,0.0012
2022-12-01,159985.SZ,SELL,7300.0,1.8607644352436066,1.8630000352859497,5.0,0.0003,0.0012
2022-12-01,512200.SH,BUY,6100.0,2.2086472897529603,2.2060000896453857,5.0,0.0003,0.0012
2022-12-14,512200.SH,SELL,36800.0,2.1504165162086486,2.1530001163482666,23.74059833894348,0.0003,0.0012
2022-12-14,159985.SZ,BUY,15300.0,1.915295587587357,1.912999987602234,8.791206747025967,0.0003,0.0012
2022-12-15,159985.SZ,BUY,16100.0,1.900277601909638,1.8980000019073489,9.17834081722355,0.0003,0.0012
2022-12-16,159985.SZ,BUY,10100.0,1.9142943408012392,1.9119999408721924,5.800311852627754,0.0003,0.0012
2022-12-23,159985.SZ,SELL,16900.0,1.9226899523735044,1.924999952316284,9.748038058533666,0.0003,0.0012
2022-12-23,159920.SZ,BUY,29500.0,1.1033223980903626,1.1019999980926514,9.764403223099709,0.0003,0.0012
2022-12-26,159985.SZ,SELL,16400.0,1.9716311771392823,1.9739999771118164,9.700425391525268,0.0003,0.0012
2022-12-26,159920.SZ,BUY,29000.0,1.114335635328293,1.1130000352859497,9.694720027356148,0.0003,0.0012
2022-12-27,159985.SZ,SELL,8200.0,1.9826180142879486,1.9850000143051147,5.0,0.0003,0.0012
2022-12-27,159920.SZ,BUY,14500.0,1.1133343885421754,1.1119999885559082,5.0,0.0003,0.0012
2023-02-13,159920.SZ,SELL,73000.0,1.1486199761867524,1.149999976158142,25.154777478489873,0.0003,0.0012
2023-02-13,562500.SH,BUY,35300.0,0.8139756233930588,0.8130000233650208,8.620001851732493,0.0003,0.0012
2023-02-14,562500.SH,BUY,36500.0,0.8249888009548187,0.8240000009536743,9.033627370455264,0.0003,0.0012
2023-02-15,562500.SH,BUY,30600.0,0.8179803718328477,0.8169999718666077,7.509059813425541,0.0003,0.0012
2023-03-08,562500.SH,SELL,38200.0,0.7880531747579574,0.7889999747276306,9.031089382726192,0.0003,0.0012
2023-03-08,515880.SH,BUY,195300.0,0.15418479916453354,0.1539999991655349,9.033687383050019,0.0003,0.0012
2023-03-09,562500.SH,SELL,36600.0,0.7920483828544617,0.7929999828338623,8.696691243741988,0.0003,0.0012
2023-03-09,515880.SH,BUY,183100.0,0.15818960728049275,0.1580000072717666,8.689355127917466,0.0003,0.0012
2023-03-10,562500.SH,SELL,27600.0,0.7890520214319229,0.7900000214576721,6.533350737456321,0.0003,0.0012
2023-03-10,515880.SH,BUY,136700.0,0.15919079439044,0.1589999943971634,6.5284144779519435,0.0003,0.0012
2023-04-21,515880.SH,SELL,515100.0,0.19476599285602567,0.1949999928474426,30.097188876041642,0.0003,0.0012
2023-04-21,562500.SH,BUY,39700.0,0.8209839928388596,0.8199999928474426,9.777919354710816,0.0003,0.0012
2023-04-24,562500.SH,SELL,39700.0,0.7930472295284271,0.7940000295639038,9.445192503683566,0.0003,0.0012
2023-04-24,159941.SZ,BUY,144500.0,0.6858468152999877,0.6840000152587891,29.73145944325446,0.0003,0.0027
2023-05-05,159941.SZ,SELL,144500.0,0.6871397104620933,0.6890000104904175,29.787506448531744,0.0003,0.0027
2023-05-05,588200.SH,BUY,73600.0,1.3486164028644563,1.347000002861023,29.777450175247193,0.0003,0.0012
2023-05-08,588200.SH,SELL,73600.0,1.3184160523891448,1.3200000524520874,29.110626436752316,0.0003,0.0012
2023-05-08,518880.SH,BUY,22200.0,4.363229401397706,4.357999801635742,29.059107813308717,0.0003,0.0012
2023-05-18,518880.SH,SELL,22200.0,4.341783721923828,4.3470001220703125,28.91627958801269,0.0003,0.0012
2023-05-18,513520.SH,BUY,3800.0,1.240339888525009,1.2369999885559082,5.0,0.0003,0.0027
2023-05-19,513520.SH,BUY,3700.0,1.308523447406292,1.3049999475479126,5.0,0.0003,0.0027
2023-05-22,513520.SH,BUY,3500.0,1.3997692277312277,1.3960000276565552,5.0,0.0003,0.0027
2023-05-23,513520.SH,BUY,3900.0,1.30250732486248,1.2990000247955322,5.0,0.0003,0.0027
2023-05-24,513520.SH,BUY,5000.0,1.194215684700012,1.190999984741211,5.0,0.0003,0.0027
2023-05-25,513520.SH,BUY,5800.0,1.2022373009562493,1.1990000009536743,5.0,0.0003,0.0027
2023-05-26,513520.SH,BUY,6300.0,1.207250796175003,1.2039999961853027,5.0,0.0003,0.0027
2023-05-29,513520.SH,BUY,8300.0,1.2042426751375197,1.2009999752044678,5.0,0.0003,0.0027
2023-05-30,513520.SH,BUY,10200.0,1.1972238057374953,1.194000005722046,5.0,0.0003,0.0027
2023-05-31,513520.SH,BUY,12100.0,1.1972238057374953,1.194000005722046,5.0,0.0003,0.0027
2023-06-01,513520.SH,BUY,16300.0,1.2032400478124619,1.2000000476837158,5.8838438338029375,0.0003,0.0027
2023-06-14,513520.SH,SELL,57900.0,1.3024737942934035,1.305999994277954,22.623969806876417,0.0003,0.0027
2023-06-14,513500.SH,BUY,50800.0,1.4819906449437141,1.4780000448226929,22.5855374289422,0.0003,0.0027
2023-06-15,513520.SH,SELL,21000.0,1.2954927247285843,1.2990000247955322,8.16160416579008,0.0003,0.0027
2023-06-15,513500.SH,BUY,18400.0,1.4819906449437141,1.4780000448226929,8.1805883600893,0.0003,0.0027
2023-07-31,513500.SH,SELL,69200.0,1.537836655163765,1.5420000553131104,31.92548896119976,0.0003,0.0027
2023-07-31,159985.SZ,BUY,44000.0,2.1295524935722354,2.127000093460083,28.110092915153505,0.0003,0.0012
2023-08-01,159985.SZ,BUY,5800.0,2.1615907197952273,2.1589999198913574,5.0,0.0003,0.0012
2023-09-19,159985.SZ,SELL,49800.0,2.2722700952529906,2.2750000953674316,33.947715223079676,0.0003,0.0012
2023-09-19,159941.SZ,BUY,132800.0,0.8522950239062309,0.8500000238418579,33.95543375242424,0.0003,0.0027
2023-09-20,159941.SZ,SELL,132800.0,0.84371581569314,0.8460000157356262,33.6136380972147,0.0003,0.0027
2023-09-20,518880.SH,BUY,24400.0,4.579488681602478,4.573999881744385,33.52185714933014,0.0003,0.0012
2023-10-09,518880.SH,SELL,24400.0,4.394720095252991,4.400000095367432,32.16935109725189,0.0003,0.0012
2023-10-13,513120.SH,BUY,128500.0,0.8362517913937568,0.8339999914169312,32.23750655822932,0.0003,0.0027
2023-10-17,513120.SH,SELL,128500.0,0.8327454786002636,0.8349999785423279,32.10233820004016,0.0003,0.0027
2023-10-18,513120.SH,BUY,127700.0,0.837254478484392,0.8349999785423279,32.075219070737056,0.0003,0.0027
2023-10-19,513120.SH,SELL,127700.0,0.8008318733692169,0.8029999732971191,30.6798690687747,0.0003,0.0027
2023-10-23,518880.SH,BUY,22300.0,4.575484171867371,4.570000171661377,30.60998910979271,0.0003,0.0012
2023-10-26,518880.SH,SELL,22300.0,4.578499310493469,4.584000110626221,30.630160387201304,0.0003,0.0012
2023-10-30,513120.SH,BUY,117600.0,0.869340883743763,0.8669999837875366,30.670346378479955,0.0003,0.0027
2023-11-28,513120.SH,SELL,117600.0,0.8726375,0.875,30.786650999999996,0.0003,0.0027
2023-11-28,159941.SZ,BUY,117500.0,0.8723490047812461,0.8700000047683716,30.750302418538922,0.0003,0.0027
2023-12-26,159941.SZ,SELL,117500.0,0.9085403133153915,0.9110000133514404,32.02604604436755,0.0003,0.0027
2023-12-26,513520.SH,BUY,31800.0,1.3396071655750275,1.3359999656677246,12.77985235958576,0.0003,0.0027
2023-12-27,513520.SH,BUY,30800.0,1.3837259952187537,1.3799999952316284,12.785628195821282,0.0003,0.0027
2023-12-28,513520.SH,BUY,16100.0,1.3365990445375442,1.3329999446868896,6.455773385116338,0.0003,0.0027
2024-02-08,513520.SH,SELL,78700.0,1.3742794209241866,1.378000020980835,32.44673712802005,0.0003,0.0027
2024-02-08,159941.SZ,BUY,110100.0,0.981643272268772,0.9789999723434448,32.42367728303754,0.0003,0.0027
2024-02-20,159941.SZ,SELL,110100.0,0.9763566724181175,0.9789999723434448,32.24906088997042,0.0003,0.0027
2024-02-20,513500.SH,BUY,61600.0,1.7426926353812215,1.7380000352859497,32.20495990184497,0.0003,0.0027
2024-03-12,513500.SH,SELL,61600.0,1.7891562294840813,1.7940000295639038,33.06360712086582,0.0003,0.0027
2024-03-12,515790.SH,BUY,120100.0,0.9181003957033158,0.9169999957084656,33.07915725719047,0.0003,0.0012
2024-03-18,515790.SH,SELL,120100.0,0.8869344114303589,0.8880000114440918,31.956246843835828,0.0003,0.0012
2024-03-18,512400.SH,BUY,84900.0,1.0092096162319184,1.0080000162124634,25.704568925426962,0.0003,0.0012
2024-03-19,512400.SH,BUY,20600.0,1.0062059952259064,1.0049999952316284,6.218353050496101,0.0003,0.0012
2024-05-06,512400.SH,SELL,105500.0,1.0337579666614534,1.034999966621399,32.718439644834994,0.0003,0.0012
2024-05-06,515880.SH,BUY,539200.0,0.20224240704178803,0.202000007033348,32.71473176307963,0.0003,0.0012
2024-05-21,515880.SH,SELL,539200.0,0.19676359690427772,0.1969999969005584,31.828479435235963,0.0003,0.0012
2024-05-21,512200.SH,BUY,71900.0,1.4737664028644564,1.472000002861023,31.789141309786324,0.0003,0.0012
2024-05-31,512200.SH,SELL,71900.0,1.3643608561992648,1.366000056266785,29.42926366821814,0.0003,0.0012
2024-05-31,159985.SZ,BUY,43700.0,2.2446905031204225,2.242000102996826,29.427892495908736,0.0003,0.0012
2024-06-04,159985.SZ,SELL,43700.0,2.2153383352279663,2.2179999351501465,29.04308557483864,0.0003,0.0012
2024-06-04,159920.SZ,BUY,87700.0,1.1023211513042452,1.10099995136261,29.00206949081469,0.0003,0.0012
2024-06-11,159920.SZ,SELL,87700.0,1.0956836028575898,1.097000002861023,28.827435591183185,0.0003,0.0012
2024-06-11,518880.SH,BUY,18200.0,5.2563,5.25,28.699398,0.0003,0.0012
2024-06-12,518880.SH,SELL,18200.0,5.2466961828231815,5.252999782562256,28.64696115821457,0.0003,0.0012
2024-06-12,159941.SZ,BUY,90000.0,1.0648674363374708,1.062000036239624,28.75142078111171,0.0003,0.0027
2024-07-15,159941.SZ,SELL,90000.0,1.1299409161686897,1.1330000162124634,30.50840473655462,0.0003,0.0027
2024-07-15,159920.SZ,BUY,90600.0,1.1213440047740937,1.1200000047683716,30.478130049759862,0.0003,0.0012
2024-07-18,159920.SZ,SELL,90600.0,1.0876931866645814,1.0889999866485596,29.56350081354332,0.0003,0.0012
2024-07-18,513500.SH,BUY,49100.0,2.007405493712425,2.002000093460083,29.56908292238402,0.0003,0.0027
2024-07-26,513500.SH,SELL,49100.0,1.8958673228263854,1.9010000228881836,27.926125665232654,0.0003,0.0027
2024-07-26,588200.SH,BUY,97300.0,0.9561459832906725,0.9549999833106996,27.909901252254723,0.0003,0.0012
2024-08-06,588200.SH,SELL,97300.0,0.9528551961898805,0.9539999961853028,27.81384317678261,0.0003,0.0012
2024-08-07,588200.SH,BUY,97500.0,0.950138800954819,0.9490000009536744,27.791559927928454,0.0003,0.0012
2024-08-08,588200.SH,SELL,97500.0,0.9298827942848205,0.930999994277954,27.199071732830994,0.0003,0.0012
2024-08-19,513520.SH,BUY,60700.0,1.4920176353812216,1.4880000352859497,27.16964114029204,0.0003,0.0027
2024-09-05,513520.SH,SELL,60700.0,1.4161659572005272,1.4199999570846558,25.7883820806216,0.0003,0.0027
2024-09-05,513500.SH,BUY,44300.0,1.938219068443775,1.9329999685287476,25.758931419617767,0.0003,0.0027
2024-09-12,513500.SH,SELL,44300.0,1.921797145652771,1.9270000457763672,25.540684065725323,0.0003,0.0027
2024-09-12,518880.SH,BUY,15300.0,5.534633477783204,5.5279998779296875,25.4039676630249,0.0003,0.0012
2024-09-25,518880.SH,SELL,15300.0,5.717131177139282,5.723999977111816,26.241632103069303,0.0003,0.0012
2024-09-25,513120.SH,BUY,125300.0,0.7018899880468845,0.699999988079071,26.384044650682387,0.0003,0.0027
2024-10-09,513120.SH,SELL,125300.0,0.8377319738447666,0.8399999737739563,31.490344896824777,0.0003,0.0027
2024-10-14,515030.SH,BUY,74300.0,1.1573872181415559,1.156000018119812,25.798161092375278,0.0003,0.0012
2024-10-15,515030.SH,BUY,16200.0,1.1673992085933687,1.1660000085830688,5.673560153763771,0.0003,0.0012
2024-11-04,515030.SH,SELL,90500.0,1.194564779996872,1.1959999799728394,32.43243377691507,0.0003,0.0012
2024-12-24,515880.SH,BUY,469100.0,0.2302760041773319,0.2300000041723251,32.40674206787592,0.0003,0.0012
2025-01-02,515880.SH,SELL,469100.0,0.22472999404668806,0.2249999940395355,31.62625206219041,0.0003,0.0012
2025-01-02,159941.SZ,BUY,85500.0,1.232318272268772,1.2289999723434448,31.608963683694,0.0003,0.0027
2025-01-14,159941.SZ,SELL,85500.0,1.2246844447016716,1.2280000448226929,31.413156006597873,0.0003,0.0027
2025-01-14,518880.SH,BUY,17200.0,6.077284171867372,6.070000171661377,31.358786326835634,0.0003,0.0012
2025-02-19,518880.SH,SELL,17200.0,6.58708579044342,6.59499979019165,33.989362678688046,0.0003,0.0012
2025-02-19,513120.SH,BUY,141300.0,0.8021600119531154,0.800000011920929,34.00356290669256,0.0003,0.0027
2025-03-27,513120.SH,SELL,141300.0,0.8646590838313103,0.8669999837875366,36.65289856360924,0.0003,0.0027
2025-03-27,518880.SH,BUY,17900.0,6.805156331253053,6.796999931335449,36.54368949882889,0.0003,0.0012
2025-05-13,518880.SH,SELL,17900.0,7.282250689506531,7.290999889373779,39.10568620265007,0.0003,0.0012
2025-05-13,513120.SH,BUY,146900.0,0.8883921775281428,0.8859999775886536,39.15144326366525,0.0003,0.0027
2025-05-16,513120.SH,SELL,146900.0,0.8806159161686897,0.8830000162124634,38.808743425554155,0.0003,0.0027
2025-05-16,159920.SZ,BUY,90100.0,1.4347195684909821,1.4329999685287476,38.78046993631125,0.0003,0.0012
2025-05-27,159920.SZ,SELL,90100.0,1.4182959571361542,1.4199999570846558,38.336539721390245,0.0003,0.0012
2025-05-27,512400.SH,BUY,68900.0,1.0512599522590638,1.0499999523162842,21.729543213194848,0.0003,0.0012
2025-05-28,512400.SH,BUY,53700.0,1.0302348439216615,1.0290000438690186,16.597083335577967,0.0003,0.0012
2025-06-10,512400.SH,SELL,82700.0,1.0637220571517945,1.065000057220459,26.39094423793602,0.0003,0.0012
2025-06-10,159941.SZ,BUY,73800.0,1.191207563662529,1.187999963760376,26.37333545948839,0.0003,0.0027
2025-06-11,512400.SH,SELL,39900.0,1.066718359041214,1.0679999589920044,12.76861875772333,0.0003,0.0012
2025-06-11,159941.SZ,BUY,35800.0,1.189202189481258,1.1859999895095823,12.772031515028711,0.0003,0.0027
2025-06-16,159941.SZ,SELL,109600.0,1.1708302247285842,1.1740000247955322,38.496897789075845,0.0003,0.0027
2025-06-16,518880.SH,BUY,16700.0,7.638154987144471,7.629000186920166,38.2671564855938,0.0003,0.0012
2025-06-23,518880.SH,SELL,16700.0,7.443057740974426,7.452000141143799,37.28971928228187,0.0003,0.0012
2025-06-23,515880.SH,BUY,564600.0,0.22126520083546639,0.221000000834465,37.47789971751129,0.0003,0.0012
2025-10-10,515880.SH,SELL,564600.0,0.45045880500078195,0.4510000050067901,76.29871239103244,0.0003,0.0012
2025-11-24,159870.SZ,BUY,347300.0,0.7318772062063218,0.7310000061988831,76.25428611463667,0.0003,0.0012
2025-11-27,159870.SZ,SELL,347300.0,0.7261275980949402,0.7269999980926514,75.65523444551181,0.0003,0.0012
2025-11-27,518880.SH,BUY,27900.0,9.013803859710695,9.003000259399414,75.44553830577851,0.0003,0.0012
2025-12-10,518880.SH,SELL,27900.0,9.10306352005005,9.11400032043457,76.19264166281891,0.0003,0.0012
2025-12-11,588200.SH,BUY,109500.0,2.3227839331626896,2.319999933242798,76.30345220439435,0.0003,0.0012
2025-12-12,588200.SH,SELL,109500.0,2.268274708557129,2.2709999084472656,74.51282417610167,0.0003,0.0012
2025-12-15,518880.SH,BUY,26600.0,9.309157936096192,9.29800033569336,74.2870803300476,0.0003,0.0012
2025-12-23,518880.SH,SELL,26600.0,9.618444114303589,9.630000114440918,76.75518403214264,0.0003,0.0012
2025-12-23,159870.SZ,BUY,328600.0,0.7799347842454911,0.7789999842643738,76.8859710309205,0.0003,0.0012
2026-01-28,159870.SZ,SELL,328600.0,0.910905600476265,0.9120000004768372,89.79707409495019,0.0003,0.0012
2026-02-03,512660.SH,BUY,208000.0,1.437723189496994,1.4359999895095823,89.71392702461242,0.0003,0.0012
2026-02-04,512660.SH,SELL,208000.0,1.4752275980949403,1.4769999980926514,92.05420212112426,0.0003,0.0012
2026-02-06,512980.SH,BUY,264100.0,1.1613919665813448,1.159999966621399,92.01708551223994,0.0003,0.0012
2026-02-09,512980.SH,SELL,264100.0,1.1875732104778292,1.1890000104904177,94.0914254661584,0.0003,0.0012
2026-02-13,515880.SH,BUY,593000.0,0.5286335971355439,0.527999997138977,94.04391693041326,0.0003,0.0012
2026-02-24,515880.SH,SELL,593000.0,0.5313616052389145,0.5320000052452087,94.52922957200289,0.0003,0.0012
2026-03-06,515880.SH,BUY,580400.0,0.5426503957033157,0.5419999957084656,94.48628689986134,0.0003,0.0012
2026-03-10,515880.SH,SELL,580400.0,0.5353568133354187,0.5360000133514404,93.2163283379631,0.0003,0.0012
2026-03-10,512660.SH,BUY,207000.0,1.4997976257801056,1.4980000257492063,93.13743256094455,0.0003,0.0012
2026-03-12,512660.SH,SELL,207000.0,1.4862144352436066,1.4880000352859497,92.29391642862795,0.0003,0.0012
2026-03-12,159985.SZ,BUY,69600.0,2.2777300954818727,2.2750000953674316,47.5590043936615,0.0003,0.0012
2026-03-13,159985.SZ,BUY,65300.0,2.2817348439216616,2.2790000438690186,44.69918559242535,0.0003,0.0012
2026-04-02,159985.SZ,SELL,134900.0,2.0415471104621887,2.0439999103546143,82.62141156040478,0.0003,0.0012
2026-04-02,513120.SH,BUY,211300.0,1.30250732486248,1.2990000247955322,82.56593932303261,0.0003,0.0027
2026-04-07,513120.SH,SELL,211300.0,1.2905062294840812,1.2940000295639038,81.8051898869959,0.0003,0.0027
2026-04-07,515880.SH,BUY,489600.0,0.5566671942710877,0.5559999942779541,81.76327749453736,0.0003,0.0012
2026-05-20,515880.SH,SELL,489600.0,0.7451047919034958,0.7459999918937683,109.44099183478544,0.0003,0.0012
2026-05-20,159941.SZ,BUY,240400.0,1.5160823646187782,1.5119999647140503,109.33986013630627,0.0003,0.0027
2026-06-09,159941.SZ,SELL,240400.0,1.5936854494571686,1.5980000495910645,114.93659461485097,0.0003,0.0027
2026-06-09,513520.SH,BUY,158500.0,2.27813447458744,2.2720000743865967,108.32529426663277,0.0003,0.0027
2026-06-10,513520.SH,BUY,9300.0,2.338296417212486,2.3320000171661377,6.523847004022835,0.0003,0.0027
2026-07-09,513520.SH,SELL,167800.0,2.3735741141319275,2.380000114440918,119.48572090540122,0.0003,0.0027
2026-07-09,512880.SH,BUY,357000.0,1.1153367627620698,1.1139999628067017,119.45256729181767,0.0003,0.0012
2026-07-14,512880.SH,SELL,357000.0,1.0966824495315552,1.0980000495910645,117.45469034482956,0.0003,0.0012
2026-07-14,159941.SZ,BUY,243900.0,1.6043200239062307,1.600000023841858,117.38809614921888,0.0003,0.0027
2026-07-15,159941.SZ,SELL,243900.0,1.6226070743203165,1.6269999742507937,118.72615962801754,0.0003,0.0027
2026-07-15,159985.SZ,BUY,105600.0,2.2126520381927492,2.2100000381469727,70.0968165699463,0.0003,0.0012
2026-07-16,159985.SZ,BUY,72400.0,2.23467851266861,2.2320001125335693,48.5372172951622,0.0003,0.0012
2026-07-31,159985.SZ,SELL,178000.0,2.081499310493469,2.0840001106262207,111.15206318035125,0.0003,0.0012
2026-08-03,513500.SH,BUY,131000.0,2.5288094745874403,2.5220000743865967,99.3822123512864,0.0003,0.0027
2026-08-04,513500.SH,BUY,15200.0,2.569920063662529,2.562999963760376,11.71883549030113,0.0003,0.0027
2026-08-26,513500.SH,SELL,146200.0,2.687723433423042,2.694999933242798,117.8835497899346,0.0003,0.0027
2026-08-26,518880.SH,BUY,41100.0,9.55044635696411,9.538999557495115,117.75700358136748,0.0003,0.0012
2026-09-01,518880.SH,SELL,41100.0,9.117046659088135,9.128000259399414,112.4131853065567,0.0003,0.0012
2026-09-01,159985.SZ,BUY,119400.0,2.3097683217048646,2.306999921798706,82.73590128346824,0.0003,0.0012
2026-09-02,159985.SZ,BUY,41500.0,2.379852493572235,2.377000093460083,29.629163544974325,0.0003,0.0012
