symbol,entry_date,exit_date,entry_price,exit_price,startup_anchor_date,peak_date,entry_delay_days,exit_delay_days,holding_days,entry_markup_from_base,post_entry_peak_return,peak_giveback,move_capture_ratio,false_start,entry_forward_max_return_20d,entry_forward_return_20d,post_exit_max_return_10d,fixed_horizon_false_buy,material_premature_exit,failed_operation
512800.SH,2018-09-21,2018-10-17,0.47056399880647665,0.47043478595018384,2018-09-11,2018-09-28,8,8,12,0.02968055102343592,0.04980404173208752,-0.047702839009117315,0.3631026598169661,True,0.04980404173208752,0.024302740003079304,0.045841056579431605,True,False,True
512800.SH,2018-11-06,2018-11-07,0.49058800954818726,0.48741440547704695,2018-10-11,2018-11-08,18,-1,1,0.06649565358403065,-0.001198561725929026,-0.005276742876271889,0.9138132014348846,True,-0.001198561725929026,-0.01750555671308951,0.005304734596765837,True,False,True
512800.SH,2018-11-15,2018-11-22,0.47256640286445617,0.4754288109540939,2018-10-18,2018-11-19,20,3,5,0.02508982105870916,0.024194683421493446,-0.01770906295401975,0.627339751630056,True,0.024194683421493446,0.000917515759341514,0.013821590569992548,True,False,True
510880.SH,2019-01-28,2019-02-28,1.6509788486957548,1.8777439952373505,2019-01-03,2019-03-06,17,-4,18,0.09408807836751043,0.2077683245994073,-0.058302891297626,0.7602969909855659,False,0.17748328953927706,0.17748328953927706,0.06191257333046862,False,True,True
513500.SH,2019-06-13,2019-06-24,0.9285001990437506,0.9394565719425677,2019-06-03,2019-07-04,7,-8,7,0.056314209876021426,0.037156481511736006,-0.024448003730272894,0.7197210715922796,True,0.037156481511736006,0.037156481511736006,0.025060687512050706,True,False,True
513500.SH,2019-07-02,2019-07-08,0.9545704219937323,0.9574079786002637,2019-06-03,2019-07-15,20,-5,4,0.08597316631465546,0.017211505158078122,-0.013997978285371304,0.8522604781717469,True,0.021401880235777826,0.021401880235777826,0.014196703431732516,True,False,True
513500.SH,2019-07-19,2019-08-05,0.9625919784843922,0.9574079786002637,2019-06-26,2019-07-29,17,5,11,0.03282403185778793,0.012890243877787588,-0.018043122883500184,0.5908830725748236,True,0.012890243877787588,-0.021392248302553707,0.010018747747594814,True,False,True
159915.SZ,2019-08-20,2019-09-02,1.5668780572891237,1.5481399523735047,2019-08-07,2019-09-09,9,-5,9,0.08284590765308808,0.06581360898878419,-0.07297006457645905,0.4535424091723831,False,0.06581360898878419,0.03198840284044158,0.07871381687703582,False,True,True
159915.SZ,2019-09-12,2019-09-27,1.6489763551235201,1.5601256361961364,2019-08-15,2019-09-16,20,9,10,0.10078526487261241,0.0006207614993638533,-0.054469297733730215,0.4087212547095527,True,0.0006207614993638533,-0.036371879007608854,0.036454979183644376,True,False,True
513500.SH,2019-09-27,2019-10-11,0.9886622014343739,0.96837831569314,2019-08-29,2019-10-22,20,-7,5,0.026648184760039273,0.0013531498427150623,-0.02184009458113112,0.19919682130754926,True,0.011467818380410444,0.011467818380410444,0.022327734412482148,True,False,True
513500.SH,2019-10-31,2019-11-01,1.0037027468562125,0.9943080790758133,2019-10-09,2019-11-15,16,-10,1,0.0411854364704749,0.01125556234060121,-0.020386115182953413,0.5942763332156827,True,0.03715966887973399,0.03715966887973399,0.020810357528528334,True,False,True
159915.SZ,2019-11-01,2019-11-11,1.6109307675361635,1.639030832386017,2019-10-08,2019-11-19,18,-6,6,0.03530255363766854,0.034184734786046,-0.016187980827196413,0.754825702819951,True,0.034184734786046,-0.0067853590697901645,0.016454343423052853,True,False,True
513500.SH,2019-11-19,2019-12-18,1.0317783439874648,1.0471649524450302,2019-10-23,2019-12-27,19,-7,21,0.04855519866669744,0.032198498278810384,-0.016746576354161546,0.7798136029522666,True,0.021537257657314957,0.01862963607529866,0.01703180070511867,True,False,True
512800.SH,2019-12-20,2019-12-27,0.5686816186189652,0.5663195719003677,2019-11-29,2020-01-03,15,-4,5,0.043452479274262545,0.014627522752968858,-0.018510311313911454,0.6662359911412609,True,0.014627522752968858,-0.008232388695658677,0.018859404767350263,True,False,True
159915.SZ,2019-12-27,2019-12-30,1.7300736448764802,1.692966052389145,2019-11-29,2020-01-13,20,-9,1,0.08129601193523395,0.07625475601580356,-0.09078084704923062,0.35483221781633123,False,0.10862331699804573,0.04966629028723535,0.09984484681675632,False,True,True
510500.SH,2020-03-10,2020-03-17,4.802756331253052,4.58149549331665,2020-02-11,2020-03-10,20,5,5,0.028207306215104477,0.033364900986839974,-0.07686970404485327,-0.3065224884383253,True,0.033364900986839974,-0.04429876595668403,-0.008402337647251734,True,False,True
159915.SZ,2020-04-22,2020-04-24,1.9343184410572059,1.9486587752342226,2020-03-30,2020-05-13,16,-10,2,0.08002145828437035,0.0639406852851141,-0.05312988719256684,0.5904820970470489,False,0.06549163000918723,0.021031481642917793,0.05611106156370149,False,True,True
159941.SZ,2020-05-27,2020-06-04,0.5324337181687354,0.5355501004755496,2020-04-24,2020-06-10,20,-4,6,0.09105268890534646,0.03862688335952824,-0.031554925251676136,0.7315402851946117,True,0.05177411436349755,0.05177411436349755,0.03258308196763404,False,False,False
513500.SH,2020-06-08,2020-06-16,1.0598539411187171,1.0152514066576956,2020-05-14,2020-06-09,17,5,6,0.12511037449245088,0.01334717859333101,-0.05470073951937804,0.5549349897701292,True,0.01334717859333101,-0.028168003694390764,0.02437677508549929,True,False,True
159985.SZ,2020-11-03,2020-11-12,1.1093296401023867,1.171592378091812,2020-09-29,2020-11-23,19,-7,7,0.034822399691835315,0.07452283647738445,-0.0171205141280506,0.829936228595723,False,0.07452283647738445,0.04387366073057142,0.01741873177143627,False,False,False
513500.SH,2021-03-25,2021-04-02,1.194215684700012,1.2456276533961295,2021-03-05,2021-04-16,14,-9,6,0.03664560426073882,0.08188166665861685,-0.03589195041152127,0.6687688059325307,False,0.08188166665861685,0.0617847537266627,0.03722814100228855,False,False,False
159941.SZ,2021-04-07,2021-05-11,0.686849502390623,0.6651990957200526,2021-03-09,2021-04-14,20,16,21,0.1007203336847522,0.03370531109235442,-0.06309983686795895,0.4790592941005229,True,0.03370531109235442,-0.001236825357059601,0.0222503480953824,True,False,True
518880.SH,2021-05-21,2021-06-07,3.815573308849335,3.754489262866974,2021-04-30,2021-06-01,12,4,11,0.052571947268782004,0.009808910413872995,-0.025567263080272795,0.5679355487445894,True,0.009808910413872995,-0.04915992242462419,0.010789966514922478,True,False,True
512760.SH,2021-06-07,2021-08-10,0.6387656114578247,0.8040340071439743,2021-05-10,2021-07-30,20,7,45,0.17636396252569142,0.37609162475126245,-0.08528555207157329,0.7768869186795799,False,0.1882292811687687,0.16631201086121883,0.017369926307325922,False,False,False
159865.SZ,2021-10-21,2021-10-28,0.8279924219608308,0.8020363733291627,2021-09-15,2021-11-04,19,-5,5,0.14363597808920026,0.05798068181696103,-0.08443335032337895,0.5133973097131652,False,0.05798068181696103,0.03744914131636112,0.09221977488280175,False,True,True
512660.SH,2021-10-27,2021-10-29,1.2985564506053926,1.2624832581043244,2021-10-13,2021-11-12,10,-10,2,0.07407482202171267,0.11970488114509137,-0.13171715170800513,0.21829904345494852,False,0.12124503309602197,0.09506217452602561,0.15169843786170234,False,True,True
510630.SH,2021-10-29,2021-11-18,1.3876632372379305,1.4073092390537263,2021-09-24,2021-11-04,20,10,14,0.07155465886028378,0.03555387047645353,-0.020661653748870634,0.7909099955254573,True,0.03555387047645353,0.012493473694920265,0.009728327208436971,True,False,True
159865.SZ,2021-11-24,2021-11-25,0.8380044124126436,0.8240099880933762,2021-10-28,2021-12-09,19,-10,1,0.059424024424189925,-0.001198561725929026,-0.01551974206927087,0.7176081907141175,True,0.017894384066823532,0.017894384066823532,0.015764401514654747,True,False,True
159941.SZ,2021-11-11,2021-11-29,0.7971465167343615,0.7998345862090588,2021-10-14,2021-11-22,20,5,12,0.06999531762714928,0.033687011930156,-0.02932695960758147,0.6941086593481207,True,0.033687011930156,0.012360920435750655,0.012709398106060421,True,False,True
512690.SH,2021-11-25,2021-12-31,0.9611519785165789,0.9748288109540939,2021-11-12,2021-12-14,9,13,26,0.1267901467441226,0.10492415349203355,-0.08208213023625666,0.5829128994971822,False,0.10492415349203355,0.06642861802157962,-0.02239244639561222,False,False,False
512200.SH,2022-01-24,2022-02-09,2.298755203819275,2.26228210477829,2021-12-24,2022-01-24,20,7,7,0.03781277331623478,0.017072220323125054,-0.03238577948443877,0.38440760069781105,True,0.017072220323125054,-0.04731045150789637,0.01976668467914111,True,False,True
159981.SZ,2022-02-15,2022-02-28,1.6489763551235201,1.620053579044342,2022-01-11,2022-03-07,20,-5,9,0.09421127306980615,0.1249403384771599,-0.12665576151664548,0.3248666478489575,False,0.1249403384771599,-0.012114428784781972,0.14502387023998153,False,True,True
515220.SH,2022-02-24,2022-03-16,0.9241075780391695,0.8419883947610856,2022-01-28,2022-03-29,14,-9,14,0.19858306730284148,0.11783521412354503,-0.18490958278825587,0.27094800253888507,False,0.0832072699306583,0.07346807597057636,0.2268577557576903,False,True,True
159981.SZ,2022-03-17,2022-04-06,1.6419679856777192,1.699957621908188,2022-02-17,2022-03-25,20,6,12,0.04251932442318984,0.0846740214515862,-0.04550387163790137,0.6065902531924652,False,0.0846740214515862,0.04752348621480751,0.017672438876197294,False,False,False
510880.SH,2022-04-12,2022-04-22,2.4659556591987615,2.3292016171455385,2022-03-15,2022-04-14,18,6,8,0.16483492641684516,0.027999054392713996,-0.08118282513497921,0.5076591456058828,True,0.027999054392713996,-0.07784232820837955,-0.002233269701885421,True,False,True
518880.SH,2022-05-09,2022-05-16,3.9467303121566775,3.872347693347931,2022-04-06,2022-05-09,20,5,5,0.0288660968404566,-0.001958689919029477,-0.016921096667387503,0.35289081485974333,True,-0.001958689919029477,-0.02349545402641684,0.011531082821381267,True,False,True
159981.SZ,2022-05-30,2022-06-13,1.7390843885421754,1.8327980381011966,2022-05-10,2022-06-08,14,3,9,0.07550056028366647,0.07355341470955845,-0.018319199776828943,0.8631922172546398,False,0.07355341470955845,-0.0374245000273975,-0.009710824930376116,False,False,False
159755.SZ,2022-06-07,2022-07-13,1.1213440047740937,1.1975612009525298,2022-05-09,2022-07-07,20,4,26,0.29935577795217916,0.17715887973023503,-0.09275670199566288,0.732081332754416,False,0.16645736095254526,0.1477298094008821,0.06466373087573163,False,True,True
159611.SZ,2022-07-13,2022-08-03,0.954143609070778,0.8619643757104873,2022-06-16,2022-07-13,19,15,15,0.09545765551183871,0.01557037396485672,-0.11045986395377982,-0.09220017455647801,True,0.01557037396485672,-0.08294727158300041,0.08705185856740627,True,True,True
512760.SH,2022-08-08,2022-08-25,0.6127343885421753,0.5473423780918122,2022-07-13,2022-08-11,18,10,13,0.15392536277450986,-0.010990704078670643,-0.09679476486312122,0.21789816759398314,True,-0.010990704078670643,-0.13502492874481464,0.0012014417300760805,True,False,True
159865.SZ,2022-09-01,2022-09-16,0.8760500000000001,0.8439860285758972,2022-08-10,2022-09-02,16,9,10,0.06059325217672429,0.013640786991714782,-0.049565295383969366,0.2900974654581667,True,0.013640786991714782,-0.10963989339675773,-0.009462245858504414,True,False,True
518880.SH,2022-10-11,2022-10-12,3.808564700698853,3.797437645721436,2022-09-16,2022-10-25,12,-9,1,0.021610723361855655,0.004840459195293301,-0.007724655802246794,0.7013912743596352,True,0.007991274493544198,0.007991274493544198,0.007784790630358973,True,False,True
159985.SZ,2022-10-12,2022-11-01,1.7571059952259065,1.8178160523891451,2022-09-06,2022-11-10,20,-7,14,0.0655584859914633,0.06311175056767926,-0.026865084212299495,0.7708493959790019,False,0.052298485199861355,0.052298485199861355,0.027606741651596822,False,False,False
513500.SH,2022-10-28,2022-11-29,1.2894722133874892,1.3453576771736144,2022-10-13,2022-11-25,11,2,22,0.07277220453973143,0.0601236456242662,-0.015831972838769137,0.8688344750455149,False,0.0601236456242662,0.0601236456242662,0.013113507591081097,False,False,False
512200.SH,2022-11-29,2022-12-12,2.21966040763855,2.1893695123672487,2022-11-01,2022-11-29,20,9,9,0.25192352242002003,0.03934814256252572,-0.05098847569086351,0.7797183013522002,True,0.03934814256252572,-0.07913845590047597,-0.008847038366018078,True,False,True
512690.SH,2022-12-12,2023-01-05,0.8460140286445619,0.8439860285758972,2022-11-25,2023-01-16,11,-7,17,0.16852770081497015,0.10636462022880533,-0.09830551491981954,0.5659719077702529,False,0.06854018214415891,0.06854018214415891,0.10902308547565087,False,True,True
512400.SH,2023-02-01,2023-02-14,1.2054447961807253,1.1665983828544617,2022-12-30,2023-02-01,17,9,9,0.1613148464146772,0.022029376399226752,-0.05308572307159376,0.6628783064907617,True,0.022029376399226752,-0.03687002753680768,0.010630596917470703,True,False,True
159996.SZ,2023-02-27,2023-03-08,1.1353607436656952,1.1006775980949401,2023-02-06,2023-03-01,15,5,7,0.055168001699951175,0.010251553593471074,-0.04038566599177096,0.34757225142757225,True,0.010251553593471074,-0.03026420676845465,0.0002928680189620003,True,False,True
510880.SH,2023-04-26,2023-05-25,2.586099544620514,2.5549304876327517,2023-03-29,2023-05-08,19,13,18,0.05125996118623122,0.09547211768393327,-0.09815371072478818,0.2545052902730951,False,0.09547211768393327,0.0076951415173172055,0.034861835264855534,False,False,False
513500.SH,2023-05-31,2023-06-21,1.4097962181687353,1.4829850885868072,2023-05-05,2023-07-03,18,-6,15,0.06319475454842771,0.07958862108051301,-0.025633947266414214,0.8009445378723699,False,0.06611154265484376,0.06611154265484376,0.026308333705282738,False,False,False
159985.SZ,2023-07-06,2023-08-01,2.0124119904518127,2.156409119987488,2023-06-07,2023-08-15,19,-10,18,0.1453682557801239,0.1116014012884472,-0.036026316039655226,0.8321023638207772,False,0.08625873781843585,0.06986050896312235,0.03737271736677128,False,False,False
512200.SH,2023-08-01,2023-08-21,1.9603495446205141,1.8357944590568547,2023-07-12,2023-08-03,14,12,14,0.1738620329324596,0.02277684096845456,-0.0843918432549543,0.494908728642421,True,0.02277684096845456,-0.006809764082260861,0.06057626282582773,True,True,True
512070.SH,2023-08-21,2023-08-24,0.6808160071611405,0.661205600476265,2023-07-24,2023-09-04,20,-7,3,0.08583099700227614,0.009083172852566435,-0.037546400343503206,0.5700937477710343,True,0.009083172852566435,-0.023230925150273363,0.03901112776439675,True,False,True
159981.SZ,2023-09-11,2023-10-09,1.6740064506053927,1.639030832386017,2023-08-16,2023-09-19,18,8,14,0.0813995312179332,0.031059319238832206,-0.050387671742362694,0.5114093706552232,True,0.031059319238832206,-0.051974971886256216,-0.020762765800439786,True,False,True
510880.SH,2023-09-28,2023-10-11,2.6712015828132634,2.627842841911316,2023-08-31,2023-09-28,20,3,3,0.03615264222897885,-0.0038190938218443105,-0.012460417615091979,0.6005157405199819,True,-0.0038190938218443105,-0.04237849206273847,0.0118565225755205,True,False,True
513200.SH,2023-11-07,2023-11-28,0.9305055732250214,0.8766267080843448,2023-10-23,2023-11-08,11,14,15,0.1602314080661138,-0.008066147453063666,-0.050241897164872484,0.6167498091912332,True,-0.008066147453063666,-0.1391776448257529,-0.0041370885711017324,True,False,True
513310.SH,2023-11-28,2023-12-08,1.2303128980875013,1.1877842847824096,2023-10-31,2023-11-30,20,6,8,0.06797999223069962,0.009499279181907738,-0.04365193213593588,0.3976035678002573,True,0.009499279181907738,-0.01569757778675518,0.03722536920916575,True,False,True
159941.SZ,2023-12-11,2024-01-05,0.8823759952187538,0.8856024114131927,2023-12-05,2024-01-19,4,-10,18,0.02961027081930445,0.06417220728860151,-0.05686645205609375,0.3488099036730979,False,0.04037279777344449,0.03243970630183601,0.060295227733194734,True,True,True
513500.SH,2024-01-05,2024-01-16,1.5902821655750274,1.6146286581516265,2023-12-07,2024-01-30,20,-10,7,0.0373660622893035,0.05704511480207919,-0.03948324589664043,0.5515450319529204,False,0.06144683019193331,0.06144683019193331,0.041106254240716567,False,False,False
159941.SZ,2024-01-16,2024-01-17,0.9214813296437263,0.920507878124714,2024-01-05,2024-01-22,7,-3,1,0.041221852625527244,0.0569937184602487,-0.05492002078451941,0.3989650897552341,False,0.07218664545628584,0.0504824825143777,0.0581115058961561,False,True,True
159611.SZ,2024-01-17,2024-01-18,0.88706317756176,0.87395,2023-12-19,2024-01-29,20,-7,1,0.03266955703619634,0.013456551655988802,-0.027864281800155766,0.373749676942519,True,0.05178532006919445,0.05178532006919445,0.028662954439893973,False,False,False
515220.SH,2024-01-18,2024-01-23,1.0933104076385496,1.0347568133354188,2023-12-28,2024-01-26,14,-3,3,0.027547365469124507,0.04453406092812573,-0.09390818771601461,-0.3749130269856413,True,0.16343898886384034,0.1460606358693688,0.103640918550296,False,True,True
513500.SH,2024-01-24,2024-01-29,1.6644819665312767,1.6495342437505722,2024-01-05,2024-02-08,13,-8,3,0.052137767680237035,0.04837423285810161,-0.05470817235354186,0.4143204400066405,True,0.07120415133503455,0.0645954662218986,0.05787437355694869,False,True,True
510880.SH,2024-01-29,2024-02-05,2.6712015828132634,2.607866860961914,2024-01-22,2024-02-22,5,-7,5,0.08365179546606205,0.08003829026816645,-0.0960600105433077,0.3401593353345348,False,0.08003829026816645,0.07442280059464768,0.10626812804359287,False,True,True
518880.SH,2024-02-05,2024-02-06,4.664590719795227,4.63543059425354,2024-01-25,2024-02-08,7,-2,1,0.012940434413663882,-0.0005553628732015703,-0.005699181470489423,0.5338682393883081,True,0.05025295082303449,0.045965333296026145,0.005731848314193266,False,False,False
512800.SH,2024-02-06,2024-03-05,0.5606720023870468,0.5743099880933762,2024-01-11,2024-02-23,18,7,14,0.06998475977450802,0.0612265746765166,-0.034773175667201284,0.7085911410757212,False,0.0612265746765166,0.020204369520156584,0.01687242695486524,False,False,False
515050.SH,2024-03-05,2024-03-27,0.31237440644502634,0.30962800238132476,2024-02-05,2024-03-19,15,6,16,0.31249747583100573,0.053223277570924266,-0.05888144081639146,0.7871209254571799,False,0.053223277570924266,-0.01080248867684852,0.017349836556040943,False,False,False
512400.SH,2024-03-27,2024-04-17,0.9851808272123338,1.0527352200031281,2024-02-28,2024-04-12,20,3,13,0.11068861353081849,0.12162152221353395,-0.047298459880734556,0.7602532095051366,False,0.12162152221353395,0.07594455099061892,0.03824782679560035,False,False,False
512800.SH,2024-04-17,2024-04-26,0.5917092205286026,0.6052728061914444,2024-03-19,2024-05-13,19,-8,7,0.039910746183102974,0.049501968786287875,-0.025325581171689038,0.6975540406801805,True,0.07316223650525577,0.06809224389383406,0.025983631746623548,False,False,False
513530.SH,2024-04-26,2024-06-12,1.0478214569687843,1.1708302247285842,2024-03-27,2024-05-28,20,10,29,0.08357957466569621,0.20631243974591484,-0.07371030787778143,0.6862969104730359,False,0.20631243974591484,0.1948600268911005,0.06420215773576765,False,True,True
512800.SH,2024-06-11,2024-06-20,0.6197428176641465,0.6112655885696411,2024-06-11,2024-07-02,0,-8,7,0.01597180841074297,0.032686410319508585,-0.04489749651173125,0.04218584904910407,True,0.032686410319508585,0.02139145169650236,0.047008039815364944,True,False,True
159611.SZ,2024-06-20,2024-06-26,1.0242276019096375,1.0197748276233674,2024-05-23,2024-07-09,19,-9,4,0.035619392012146145,0.05542944597529753,-0.05663750646360277,0.33450894128485836,False,0.05542944597529753,0.031997223114525575,0.060037903617818245,False,True,True
159941.SZ,2024-06-26,2024-07-10,1.0939456607937812,1.1578653133153916,2024-05-31,2024-07-11,17,-1,10,0.07354818789020867,0.06495231308627147,-0.006124162035410996,0.9511325136192625,False,0.06495231308627147,-0.001778564725943621,0.006161898500272489,False,False,False
512800.SH,2024-07-11,2024-08-08,0.6387656114578247,0.6232512128591537,2024-06-13,2024-08-22,20,-10,20,0.05931281445528325,0.03480838901591965,-0.057108622889265215,0.34915892789793906,True,0.025415206518232702,-0.018419334096867135,0.060567552398518076,True,True,True
518880.SH,2024-08-19,2024-09-03,5.508602254867554,5.479416860961914,2024-07-25,2024-09-13,17,-8,11,0.03409087833903501,0.018588709336768705,-0.023450935420051833,0.5366787422912701,True,0.018588709336768705,0.018225667144035285,0.02401408825284057,True,False,True
513500.SH,2024-09-03,2024-09-12,2.0064026273250577,1.921797145652771,2024-08-08,2024-09-03,18,7,7,0.11528771521451087,-0.004187894025564409,-0.038139579136322044,0.6170709561243927,True,-0.004187894025564409,-0.02512090853676696,0.027163549273205856,True,False,True
512070.SH,2024-09-12,2024-11-12,0.5877044124126435,0.9188960166692732,2024-08-22,2024-11-07,15,3,36,0.029254698819076497,0.6045481345383243,-0.025560977149551856,0.9352043026217224,False,0.5313820300641665,0.3969607214662063,-0.03579952299701772,False,False,False
513310.SH,2024-12-31,2025-01-03,1.457925796175003,1.4161659572005272,2024-12-09,2025-01-17,16,-10,2,0.05493909433371136,0.043262991605631074,-0.06892443691638095,0.24579836992084853,True,0.07275693632262348,0.043948847856597695,0.07402668445954141,False,True,True
512800.SH,2025-01-03,2025-02-10,0.7268712109804154,0.7351168014287949,2024-12-05,2025-02-18,20,-6,20,0.03248752119182208,0.04695297611554139,-0.03401205903037419,0.5459090420275616,True,0.034571135698831634,0.016686327987280647,0.03520961037695147,True,False,True
513200.SH,2025-02-12,2025-03-27,0.7109142913937568,0.8028265071332454,2025-01-13,2025-04-01,16,-3,31,0.1160349517319359,0.23221603184820938,-0.08353137108171749,0.6938347641027356,False,0.15907080632492487,0.11546496171736176,0.09114482312429018,False,True,True
512400.SH,2025-03-27,2025-04-08,1.0732864267349245,0.9418684185743332,2025-02-28,2025-03-27,19,7,7,0.08963087426155303,-0.002130323001513057,-0.12057102130084163,-0.5015303831332648,True,-0.002130323001513057,-0.04498934242900654,0.1148053503116977,True,True,True
159985.SZ,2025-04-08,2025-05-12,1.9923880095481874,1.9027139714241028,2025-03-28,2025-04-08,6,21,21,0.04477612288496502,0.027912277859574175,-0.07094048776853379,-0.03039694756910513,True,0.027912277859574175,-0.03934372965519295,0.014866145557695276,True,False,True
513530.SH,2025-05-12,2025-06-18,1.3426152866125105,1.5029310695648195,2025-04-09,2025-06-24,20,-4,26,0.10412444883592986,0.12839470904380246,-0.007966281349190973,0.9596357353538048,False,0.09413321636352934,0.09413321636352934,0.008030252600713439,False,False,False
512800.SH,2025-06-16,2025-07-01,0.8249888009548187,0.8539740190505981,2025-05-19,2025-07-10,19,-7,11,0.03382058099143603,0.09819674772703957,-0.05742383888378011,0.5182779650540306,False,0.09819674772703957,0.08486318831318185,0.060922227033386234,False,True,True
513310.SH,2025-07-02,2025-07-08,1.6504442277312277,1.6285909161686896,2025-06-04,2025-07-16,20,-6,4,0.07450795142252531,0.0063957239165379765,-0.01951179826745353,0.7407272225379921,True,0.026390336164640926,0.026390336164640926,0.01990008470573712,True,False,True
515050.SH,2025-07-08,2025-09-30,0.38846561145782477,0.7161396076202393,2025-06-10,2025-09-25,20,3,60,0.09119551880233545,0.8688913241064984,-0.013581822586859471,0.9733502615677312,False,0.20216563282615319,0.18414602162176674,0.0012014417300760805,False,False,False
159766.SZ,2025-11-24,2025-12-19,0.7529023742198945,0.7730711890459061,2025-10-27,2025-12-22,20,-1,19,0.044247375572826764,0.07450851924463531,-0.04441140362820606,0.5917178817321929,False,0.07450851924463531,0.07450851924463531,0.046475443299374364,False,False,False
513500.SH,2025-12-18,2025-12-23,2.4185123407125473,2.456349958968163,2025-11-21,2026-01-05,19,-7,3,0.02696913848181115,0.02046199790033687,-0.004720411867140006,0.8969027890774727,True,0.02046199790033687,0.009298130776557612,0.004742799835768308,True,False,True
512070.SH,2025-12-24,2026-01-13,0.925108824825287,0.94786120095253,2025-12-03,2026-01-06,15,5,12,0.09350922886316138,0.07446820413879252,-0.04641731979024666,0.688251242595735,False,0.07446820413879252,-0.033627212485023206,-0.010403609281189552,False,False,False
159745.SZ,2026-02-24,2026-03-06,0.721865215754509,0.7031551961898804,2026-01-19,2026-02-25,20,7,8,0.07741074294519001,0.0486722625855216,-0.071129234911817,0.3810939629409885,True,0.0486722625855216,-0.10371077500154424,0.014000896795796303,True,False,True
159985.SZ,2026-03-27,2026-04-02,2.170601582813263,2.0415471104621887,2026-02-27,2026-03-30,20,3,4,0.07615350813974286,-0.016401716755344742,-0.0437718409454374,0.20802664549187103,True,-0.0007378933431776424,-0.008569805049261192,0.04234676245069546,True,False,True
515050.SH,2026-04-02,2026-04-03,0.7959540167093277,0.786055600476265,2026-03-31,2026-04-20,2,-10,1,0.035050745286718143,0.22745784000414093,-0.1954395066419219,0.08199810732331898,False,0.2965572432275785,0.27143018750996495,0.24291462016261267,False,True,True
159915.SZ,2026-04-13,2026-05-14,3.434116066837311,4.087089607620239,2026-04-03,2026-05-28,5,-10,20,0.09331933504823686,0.2049680124105504,-0.01230314250436304,0.9489364043177442,False,0.17876035057378048,0.15342635151981132,0.01245639531096443,False,False,False
512800.SH,2026-06-11,2026-06-17,0.8089696281671525,0.7930472295284271,2026-05-28,2026-06-12,10,3,4,0.06303502232746205,0.006218258570055424,-0.02574051682059164,0.6046647555705008,True,0.006218258570055424,-0.05188032672118692,-0.018973942319170156,True,False,True
