date,etfwin 策略,ye 策略
2018-07-02,99993.18086143554,100000.0
2018-07-03,99989.96497017324,100003.07849315068
2018-07-04,99983.4433977294,100006.18808219177
2018-07-05,99976.62101915837,100009.29767123287
2018-07-06,99977.29863343478,100012.40726027396
2018-07-09,99979.17626802446,100023.73602739724
2018-07-10,99980.13558735848,100026.84561643834
2018-07-11,99980.48884186299,100029.95520547943
2018-07-12,99978.14825434715,100033.06479452053
2018-07-13,99983.89889868766,100036.17438356162
2018-07-16,99991.75725182444,100047.5031506849
2018-07-17,99944.42020670205,100050.612739726
2018-07-18,99954.57420429021,100053.7223287671
2018-07-19,99948.51934580832,100056.83191780819
2018-07-20,99943.46718935847,100059.94150684928
2018-07-23,99920.61644520641,100071.27027397256
2018-07-24,99958.84900327444,100074.37986301366
2018-07-25,99945.87819969475,100077.48945205475
2018-07-26,99968.19947643876,100080.59904109585
2018-07-27,99988.02386146308,100083.70863013694
2018-07-30,99909.54358515205,100095.03739726022
2018-07-31,99837.17939452769,100098.14698630132
2018-08-01,99862.42320366444,100101.25657534241
2018-08-02,99866.03778832735,100104.36616438351
2018-08-03,99987.01703481557,100107.4757534246
2018-08-06,100018.15002902629,100118.80452054788
2018-08-07,100038.02883288445,100121.91410958898
2018-08-08,99887.15044150472,100125.02369863007
2018-08-09,99758.39157777131,100128.13328767117
2018-08-10,99760.91253087431,100131.24287671226
2018-08-13,99612.48046188979,100142.57164383554
2018-08-14,99662.26848096341,100145.68123287664
2018-08-15,100048.65505898357,100148.79082191773
2018-08-16,99493.16672274828,100151.90041095883
2018-08-17,100004.47094040632,100155.00999999992
2018-08-20,99951.24813885927,100166.3387671232
2018-08-21,99677.84619463206,100169.4483561643
2018-08-22,99536.53250588657,100172.5579452054
2018-08-23,99709.44517369747,100175.66753424649
2018-08-24,99480.16735082152,100178.77712328758
2018-08-27,99918.5682392645,100190.10589041086
2018-08-28,100795.37001615048,100193.21547945196
2018-08-29,101014.56719403743,100196.32506849305
2018-08-30,101452.96808248044,100199.43465753415
2018-08-31,101124.16578298093,100202.54424657524
2018-09-03,100685.76489453795,100213.87301369853
2018-09-04,101014.56719403743,100216.98260273962
2018-09-05,100570.6761811602,100220.09219178071
2018-09-06,100150.83353318514,100223.20178082181
2018-09-07,99907.2168803805,100226.3113698629
2018-09-10,100037.30337396263,100237.64013698619
2018-09-11,100147.39047680139,100240.74972602728
2018-09-12,100249.87043810784,100243.85931506837
2018-09-13,100042.02405224978,100246.96890410947
2018-09-14,100323.03206380247,100250.07849315056
2018-09-17,100281.7438818407,100261.40726027385
2018-09-18,99632.2865228203,100264.51684931494
2018-09-19,100127.23044913025,100267.62643835603
2018-09-20,100452.43272345273,100270.73602739713
2018-09-21,101211.23587649078,101212.37011856727
2018-09-25,100886.03360216826,100930.14634522356
2018-09-26,101428.03308527678,101738.72160268482
2018-09-27,100560.83132784575,101456.38846842574
2018-09-28,100777.63499777525,102886.93481946518
2018-10-08,99910.43324034421,99139.33963442376
2018-10-09,100157.11345338554,99139.33963442376
2018-10-10,100443.82842953652,99555.73427343897
2018-10-11,95570.3330772683,95808.13908839753
2018-10-12,95903.47527634233,97416.23070540244
2018-10-15,95319.72521125383,96800.89111528106
2018-10-16,95432.43414882607,96954.88703520519
2018-10-17,96390.22452286548,97104.47638333612
2018-10-18,96234.96250492519,97107.49268470598
2018-10-19,96179.60602309927,97110.50898607585
2018-10-22,95984.0096174918,97121.49789018543
2018-10-23,96475.40747515782,97124.5141915553
2018-10-24,96510.50493113621,97127.53049292516
2018-10-25,97001.91115729435,97130.54679429502
2018-10-26,96931.70787684544,97133.56309566488
2018-10-29,96791.30968443974,97144.55199977447
2018-10-30,96580.70821158512,97147.56830114433
2018-10-31,95773.40814463719,97150.5846025142
2018-11-01,95984.0096174918,97153.60090388406
2018-11-02,96019.1070734702,97156.61720525392
2018-11-05,96054.21289794071,97167.6061093635
2018-11-06,96124.4078098975,96851.70036823169
2018-11-07,96159.5052658759,96396.49355049666
2018-11-08,95773.40814463719,97189.69515796239
2018-11-09,95562.80667178257,94215.19208486612
2018-11-12,94860.80734126194,93943.14977467107
2018-11-13,98412.92035383679,93608.37400158298
2018-11-14,96648.92053408123,93611.2659193912
2018-11-15,99546.92077440716,93614.15783719941
2018-11-16,102066.91837114788,93617.04975500763
2018-11-19,105090.9169892738,93627.58550843228
2018-11-20,100176.92017359234,93630.4774262405
2018-11-21,100554.9153069923,93633.36934404871
2018-11-22,99420.91488642193,93636.26126185693
2018-11-23,96270.91789049603,93639.15317966514
2018-11-26,95892.91524691082,93649.6889330898
2018-11-27,96396.91626829602,93652.58085089801
2018-11-28,98916.92137522198,93655.47276870623
2018-11-29,95640.91849131085,93658.36468651444
2018-11-30,96900.91728968121,93661.25660432265
2018-12-03,100970.44375956447,93671.79235774731
2018-12-04,101948.65513610767,93674.68427555553
2018-12-05,101054.7590332024,93677.57619336374
2018-12-06,98117.65878963398,93680.46811117195
2018-12-07,98500.7614688866,93683.36002898017
2018-12-10,97096.0567193024,93693.89578240483
2018-12-11,97606.85775446819,93696.78770021304
2018-12-12,97484.296630365,93699.67961802126
2018-12-13,97413.49332187806,93702.57153582947
2018-12-14,97188.51861478013,93705.46345363768
2018-12-17,97104.29399971351,93715.99920706234
2018-12-18,97633.78928665504,93718.89112487056
2018-12-19,97951.49150852546,93721.78304267877
2018-12-20,97951.49150852546,93724.67496048698
2018-12-21,98586.89595226629,93727.5668782952
2018-12-24,98939.89561561927,93738.10263171986
2018-12-25,99716.4898252903,93740.99454952807
2018-12-26,99681.19238380775,93743.88646733628
2018-12-27,99328.19272045478,93746.7783851445
2018-12-28,99928.29130653726,93749.67030295271
2019-01-02,100316.58841137277,93767.84989199381
2019-01-03,101410.89325909004,93770.74180980203
2019-01-04,100881.38955597267,93773.63372761024
2019-01-07,100457.79500965461,93784.1694810349
2019-01-08,99998.89460567817,93787.06139884311
2019-01-09,99610.58908466682,93789.95331665133
2019-01-10,99822.39056591377,93792.84523445954
2019-01-11,99186.99453834876,93795.73715226776
2019-01-14,99257.58942131385,93806.27290569241
2019-01-15,99045.79635624275,93809.16482350063
2019-01-16,99116.39123920783,93812.05674130884
2019-01-17,97675.40303426539,93814.94865911706
2019-01-18,98925.40184217249,93817.84057692527
2019-01-21,98425.40082889353,93828.37633034993
2019-01-22,96800.39939838205,93831.26824815814
2019-01-23,96675.40100770746,93834.16016596636
2019-01-24,98300.40243821894,93837.05208377457
2019-01-25,98175.40404754435,93839.94400158279
2019-01-28,97550.3971930102,93733.94731142982
2019-01-29,96800.39939838205,94083.33812410972
2019-01-30,95550.40059047495,93762.64077532201
2019-01-31,96160.10810626035,94518.03684893351
2019-02-01,96689.70917952542,95734.17919044603
2019-02-11,97748.91132605558,96587.678376485
2019-02-12,97881.3096214581,97668.77463226426
2019-02-13,98940.51176798824,99432.67566328157
2019-02-14,98808.11347258574,99717.17539196124
2019-02-15,97086.91195738797,97498.08022146333
2019-02-18,98543.3089901257,100912.07696561921
2019-02-19,98344.70760119443,100684.4798958789
2019-02-20,98278.51239932065,100855.17430667985
2019-02-21,98940.51176798824,99830.97392683137
2019-02-22,99470.11284125333,101424.17376403917
2019-02-25,100226.13779799585,106303.47398277231
2019-02-26,100371.16454394703,105722.19282247082
2019-02-27,100265.36273899917,105533.68834572921
2019-02-28,100070.80187005406,105501.28658079478
2019-03-01,100525.02554162388,105504.55164928794
2019-03-04,101883.82217548732,105516.44685476739
2019-03-05,103542.65658220416,105519.71192326055
2019-03-06,105382.54273170595,105522.9769917537
2019-03-07,106891.86927551392,105526.24206024686
2019-03-08,103196.83039689426,105529.50712874002
2019-03-11,106391.6185087574,105541.40233421947
2019-03-12,111746.62049478418,105544.66740271263
2019-03-13,107462.61890596275,105547.93247120579
2019-03-14,104011.62077850227,105551.19753969894
2019-03-15,103059.61884921913,105554.4626081921
2019-03-18,106034.61601203804,105566.35781367155
2019-03-19,107224.62197011833,105569.62288216471
2019-03-20,107819.62140268211,105572.88795065787
2019-03-21,111389.61799806479,105576.15301915102
2019-03-22,109842.61663621789,105579.41808764418
2019-03-25,106748.62100547676,105591.31329312363
2019-03-26,102940.62038129692,105594.57836161679
2019-03-27,102800.65565560703,105597.84343010995
2019-03-28,101333.79675246362,105601.1084986031
2019-03-29,103227.47075348978,105604.37356709626
2019-04-01,104945.61921346669,105616.26877257571
2019-04-02,104862.54773838197,105619.53384106887
2019-04-03,104887.76586364661,105622.79890956203
2019-04-04,105001.64213131402,105626.06397805519
2019-04-08,104995.31049127076,105642.27425202778
2019-04-09,104987.56438800608,105645.53932052094
2019-04-10,104953.45734617328,105648.8043890141
2019-04-11,105022.65853906011,105652.06945750726
2019-04-12,105001.25468840337,105655.33452600041
2019-04-15,104995.36260843015,105667.22973147986
2019-04-16,105005.76650821185,105670.49479997302
2019-04-17,104999.98404820329,105673.75986846618
2019-04-18,104995.60537103956,105677.02493695934
2019-04-19,105009.83443482762,105680.2900054525
2019-04-22,105003.56050465709,105692.18521093194
2019-04-23,105039.4866600073,105695.4502794251
2019-04-24,105183.30461961633,105698.71534791826
2019-04-25,105222.21783000893,105701.98041641142
2019-04-26,105331.62921306914,105705.24548490458
2019-04-29,105419.32955339081,105717.14069038403
2019-04-30,105365.1073053009,105720.40575887718
2019-05-06,105061.19095280982,105745.24616983609
2019-05-07,105181.99135788745,105748.51123832924
2019-05-08,104970.27354737557,105751.7763068224
2019-05-09,104936.431620133,105755.04137531556
2019-05-10,104958.89361597128,105758.30644380872
2019-05-13,104863.25153070486,105770.20164928817
2019-05-14,104524.33030462301,105773.46671778132
2019-05-15,104110.9064695222,105776.73178627448
2019-05-16,104614.10924831906,105779.99685476764
2019-05-17,104618.76178520032,105783.2619232608
2019-05-20,103934.78974032769,105364.61944188886
2019-05-21,103786.09657690891,104907.4185153466
2019-05-22,103821.22618661352,105136.02238502319
2019-05-23,103918.7089399893,104335.91906037147
2019-05-24,104368.96020549991,103764.41960539635
2019-05-27,104420.62766756394,103453.49327637925
2019-05-28,104256.4436391569,103456.69615309157
2019-05-29,104437.7223182658,103459.8990298039
2019-05-30,103900.01295697488,103463.10190651623
2019-05-31,104931.0306180338,103466.30478322855
2019-06-03,106106.81588467695,103477.97341336554
2019-06-04,107117.86030897238,103481.17629007787
2019-06-05,107857.24796983578,103484.3791667902
2019-06-06,107827.32526156495,103487.58204350252
2019-06-10,107585.10372150251,103503.48355035184
2019-06-11,107016.76035992929,103506.68642706417
2019-06-12,108251.2094554598,103509.8893037765
2019-06-13,108422.67424908705,102980.74229258526
2019-06-14,110033.826481343,103426.33655566206
2019-06-17,108623.07321178027,103649.14032715786
2019-06-18,109374.65352748938,103426.33655566206
2019-06-19,108834.2784167535,104317.53836173045
2019-06-20,111183.70637595216,104449.07608552126
2019-06-21,112093.70984732667,104452.310058124
2019-06-24,112894.51255499879,104464.09197593221
2019-06-25,115260.50595938721,104467.32594853496
2019-06-26,113149.31144415894,104470.5599211377
2019-06-27,112858.10651480714,104473.79389374044
2019-06-28,113185.70880591431,104477.02786634318
2019-07-01,110455.70707022706,104488.8097841514
2019-07-02,110612.64130867677,104179.51298902529
2019-07-03,110960.93682445248,104507.70876358052
2019-07-04,111146.55165299171,105382.910537224
2019-07-05,111360.15314682716,105164.1133541872
2019-07-08,110790.55199249976,104617.10735509891
2019-07-09,109793.75633820289,104194.36239542646
2019-07-10,109722.55301102393,104197.5963680292
2019-07-11,111609.35206040138,104200.83034063195
2019-07-12,110861.7553196787,104204.06431323469
2019-07-15,111288.9498196482,104215.8462310429
2019-07-16,111182.14907273048,104219.08020364564
2019-07-17,110576.95049866432,103695.53084979106
2019-07-18,111716.1528073191,102727.13049063733
2019-07-19,113211.35477646583,103803.12946448375
2019-07-22,112356.95728882545,103265.12997756053
2019-07-23,111538.15722092384,103695.53084979106
2019-07-24,111392.47095066533,104233.53033671426
2019-07-25,111967.4704023026,104771.52982363748
2019-07-26,111622.47484404076,104448.73397955945
2019-07-29,112197.47429567802,104986.73346648266
2019-07-30,112197.47429567802,104986.73346648266
2019-07-31,111934.13952590314,104879.12843833018
2019-08-01,110000.29273334434,103695.53084979106
2019-08-02,112473.94583863068,102606.3167599504
2019-08-05,112466.4191954093,102579.5240933261
2019-08-06,112442.10345256525,102582.695874148
2019-08-07,112847.49897719135,102585.86765496992
2019-08-08,113605.26034184745,102589.03943579183
2019-08-09,114168.03445681265,102592.21121661374
2019-08-12,113464.52953680685,102603.7665590795
2019-08-13,116245.02768381765,102606.9383399014
2019-08-14,113263.5281310909,102610.11012072332
2019-08-15,114536.53170927694,102613.28190154523
2019-08-16,114704.02755602529,102616.45368236714
2019-08-19,114134.52889784506,102628.00902483289
2019-08-20,113665.53094252279,101692.8119650937
2019-08-21,113766.03164538076,101431.21533308992
2019-08-22,114101.03132589986,101758.21502123841
2019-08-23,114000.5306230419,101823.61028109559
2019-08-26,118087.52992018392,100842.61121665008
2019-08-27,118154.5330510967,102608.41576968202
2019-08-28,118221.52819498708,102477.61745368013
2019-08-29,119595.03247603109,102019.8116532422
2019-08-30,117685.52710875204,102585.33212565871
2019-09-02,117283.53228434255,102596.88746812446
2019-09-03,117148.83956623137,102600.05924894637
2019-09-04,116347.33099895775,102603.23102976829
2019-09-05,116897.72391277611,102606.4028105902
2019-09-06,117723.3296867019,102609.5745914121
2019-09-09,118824.12371593773,104404.93048283037
2019-09-10,117172.92857128441,103842.43399950441
2019-09-11,116072.12634044945,102404.93388029512
2019-09-12,116484.92922741234,102904.93489357409
2019-09-16,115796.92988354027,103154.93167492327
2019-09-17,112356.9249625808,101154.935072388
2019-09-18,111668.92561870873,101092.43215176043
2019-09-19,113595.32542187035,102654.9306616443
2019-09-20,112081.72850567162,102404.93388029512
2019-09-23,111944.13027721703,101279.93346306261
2019-09-24,111668.92561870873,101842.42994638857
2019-09-25,109467.32935863793,100717.42952915606
2019-09-26,109343.30736810307,97592.43250938828
2019-09-27,109594.36737707714,97315.59013503799
2019-09-30,109035.74136444667,97118.59267133483
2019-10-08,107992.81432575801,96232.09234255561
2019-10-09,107976.02625042015,95050.08994716415
2019-10-10,108093.17384575414,94877.3716037146
2019-10-11,108128.1820763831,94968.38448699703
2019-10-14,108410.37015696334,94979.03352809293
2019-10-15,108337.68334034728,94981.95654179156
2019-10-16,108345.36777965355,94984.87955549019
2019-10-17,108300.91509850312,94987.80256918882
2019-10-18,108101.66188310433,94990.72558288745
2019-10-21,108227.25607982445,95001.37462398334
2019-10-22,108227.72621433067,95004.32873357239
2019-10-23,107703.40613931368,95007.28284316143
2019-10-24,107805.84260760187,95010.23695275048
2019-10-25,107815.51295864939,95013.19106233952
2019-10-28,107809.05195868372,95023.95339110665
2019-10-29,107803.4404086715,95026.9075006957
2019-10-30,107796.60653003633,95029.86161028474
2019-10-31,107793.1936344999,95032.81571987379
2019-11-01,107788.10438934027,95835.98247492044
2019-11-04,107783.46720626412,96366.07916080681
2019-11-05,107782.97041638789,97249.5853396627
2019-11-06,107768.15204707382,96601.68314897745
2019-11-07,107758.4117585927,97367.38382303446
2019-11-08,107752.79615859238,97013.9813514921
2019-11-11,107746.5015169665,94952.4833174917
2019-11-12,107751.60905844775,95011.37904846399
2019-11-13,107751.81434505788,95541.48275577753
2019-11-14,107763.41550463525,96130.48219406336
2019-11-15,107764.41646093695,95188.08028423517
2019-11-18,107772.7914393094,94986.71020219811
2019-11-19,107788.63482982187,95180.35282127427
2019-11-20,107774.67677540211,94541.22838138946
2019-11-21,107742.52005075841,93964.31883460117
2019-11-22,107756.1700211337,94005.83893169754
2019-11-25,107770.41514167993,94515.37836648412
2019-11-26,107805.27938122509,95252.97986127326
2019-11-27,107832.64208418486,95529.58179570622
2019-11-28,107975.86786225316,95990.58135606236
2019-11-29,107983.48038761255,96082.78566457219
2019-12-02,108118.48830222902,97189.18241120763
2019-12-03,107767.88812219378,95621.77511311955
2019-12-04,107682.27922894235,94515.37836648412
2019-12-05,107689.437380906,94607.58267499394
2019-12-06,107667.07080833819,94884.18460942693
2019-12-09,107708.0962493768,95806.18373013921
2019-12-10,107665.9470064294,95437.3774871964
2019-12-11,107658.66766637262,95345.18416978307
2019-12-12,107740.46321574354,95898.37704755252
2019-12-13,107715.3865532211,96174.97898198552
2019-12-16,107853.80625038789,96359.37660790868
2019-12-17,108237.25379333724,96662.99343196939
2019-12-18,107971.34922949801,96483.22835748678
2019-12-19,108000.44913566552,96486.21356296622
2019-12-20,107438.00356022862,96344.66488390556
2019-12-23,106213.46360694495,95327.05776720634
2019-12-24,108375.17490679736,95835.86132555595
2019-12-25,109116.08393199503,95666.26350908866
2019-12-26,109257.20356167853,96344.66488390556
2019-12-27,107554.97279148876,94225.21049825235
2019-12-30,109117.37595778286,95831.81292859597
2019-12-31,108726.77322607815,95998.01409093423
2020-01-02,114976.37813072979,97937.01224175973
2020-01-03,115366.97310190975,97881.61625711007
2020-01-06,117840.77229481516,97292.52677711743
2020-01-07,121486.37968283475,97295.54307848729
2020-01-08,117970.97837906658,97298.55937985715
2020-01-09,119793.77819281397,97301.57568122701
2020-01-10,119272.97713738262,97304.59198259687
2020-01-13,120965.57862740337,97315.58088670646
2020-01-14,120574.97589569865,97318.59718807632
2020-01-15,120054.1748402673,97321.61348944619
2020-01-16,118752.17608195126,97324.62979081605
2020-01-17,118212.03577828541,97327.64609218591
2020-01-20,118832.93411656423,97338.6349962955
2020-01-21,115744.63415322108,97341.65129766536
2020-01-22,116555.13338026805,97344.66759903522
2020-01-23,112988.94064602656,97347.68390040509
2020-02-03,101317.73631748957,97390.56321547358
2020-02-04,101850.05388214081,97393.57951684344
2020-02-05,101929.9979171017,97396.5958182133
2020-02-06,102212.8169903687,97399.61211958317
2020-02-07,102753.07203435931,97402.62842095303
2020-02-10,103340.91939128551,97413.61732506262
2020-02-11,104231.56350619826,97416.63362643248
2020-02-12,105383.34666060958,97419.64992780234
2020-02-13,108737.65978925917,97422.6662291722
2020-02-14,103162.9308198491,97425.68253054206
2020-02-17,103831.2252121875,97436.67143465165
2020-02-18,101468.84604921255,97439.68773602151
2020-02-19,100378.03842058095,97442.70403739138
2020-02-20,101650.64370860967,97445.72033876124
2020-02-21,99469.0392874709,97448.7366401311
2020-02-24,95761.54421113218,97459.72554424069
2020-02-25,96648.18280400209,97462.74184561055
2020-02-26,94015.16502429366,97465.75814698041
2020-02-27,94034.67810948976,97468.77444835028
2020-02-28,87975.88176330217,97471.79074972014
2020-03-02,90458.88376223276,97482.77965382973
2020-03-03,90485.9096292753,97485.79595519959
2020-03-04,90387.50503103923,97488.81225656945
2020-03-05,91123.7179781153,97491.82855793931
2020-03-06,90383.15523812314,97494.84485930917
2020-03-09,85820.35835334798,97505.83376341876
2020-03-10,89864.65573260328,97508.85006478862
2020-03-11,89864.65573260328,97511.86636615849
2020-03-12,87479.55553481122,97514.88266752835
2020-03-13,87479.55553481122,97517.89896889821
2020-03-16,82501.95780941984,97528.8878730078
2020-03-17,81234.4665736748,97531.90417437766
2020-03-18,77952.86603577864,97534.92047574752
2020-03-19,78245.57277264468,97537.93677711739
2020-03-20,78245.57277264468,97540.95307848725
2020-03-23,78245.57277264468,97551.94198259684
2020-03-24,78245.57277264468,97554.9582839667
2020-03-25,78245.57277264468,97557.97458533656
2020-03-26,78245.57277264468,97560.99088670642
2020-03-27,78245.57277264468,97564.00718807628
2020-03-30,78245.57277264468,97574.99609218587
2020-03-31,78193.78101245203,97578.01239355573
2020-04-01,76929.38429728785,97581.0286949256
2020-04-02,76770.50973115777,97584.04499629546
2020-04-03,76770.50973115777,97587.06129766532
2020-04-07,76770.50973115777,97602.03650314477
2020-04-08,76613.73073775183,97605.05280451463
2020-04-09,76802.73205954446,97608.0691058845
2020-04-10,77243.73013693704,97611.08540725436
2020-04-13,77222.73165900125,97622.07431136395
2020-04-14,78104.7278137864,97625.09061273381
2020-04-15,77894.72801405801,97628.10691410367
2020-04-16,78482.7304573716,97631.12321547353
2020-04-17,77201.72817427528,97634.1395168434
2020-04-20,76823.73053748025,97645.12842095298
2020-04-21,77516.73037726295,97648.14472232285
2020-04-22,77306.73057753454,97651.16102369271
2020-04-23,78671.7317791642,97654.17732506257
2020-04-24,79301.73117834938,97657.19362643243
2020-04-27,78713.72873503578,97668.18253054202
2020-04-28,78146.72977644815,97671.19883191188
2020-04-29,79325.7397233652,97674.21513328174
2020-04-30,80641.40024573277,97677.2314346516
2020-05-06,80245.08578986835,97700.17924287078
2020-05-07,79352.288415143,97703.19554424065
2020-05-08,79501.08649940204,97706.21184561051
2020-05-11,78905.88529319476,97717.2007497201
2020-05-12,77864.28983421039,97720.21705108996
2020-05-13,76673.88742179584,97723.23335245982
2020-05-14,75428.35615355313,97726.24965382968
2020-05-15,75410.56961496544,97729.26595519955
2020-05-18,76577.97064264488,97740.25485930913
2020-05-19,77206.57325466347,97743.271160679
2020-05-20,75141.17308338356,97746.28746204886
2020-05-21,73883.97321184349,97749.30376341872
2020-05-22,72806.37102802467,97752.32006478858
2020-05-25,72644.9535166453,97763.30896889817
2020-05-26,72983.35140101418,97766.32527026803
2020-05-27,72103.60455342574,97769.3415716379
2020-05-28,71460.05546349761,97772.35787300776
2020-05-29,71052.65261430023,97775.37417437762
2020-06-01,71896.33355655882,97786.36307848721
2020-06-02,71829.62746908638,97789.37937985707
2020-06-03,71185.62588980171,97792.39568122693
2020-06-04,70578.42603018257,97776.9500472772
2020-06-05,71121.65190398143,97700.44951226591
2020-06-08,71212.99019478066,96300.81171302653
2020-06-09,72050.3478441587,96506.11689038281
2020-06-10,72634.44419244438,97538.15030062717
2020-06-11,70557.64772037177,96656.65114129108
2020-06-12,69584.14864877373,94012.1536632828
2020-06-15,67572.24747279793,91720.25164568942
2020-06-16,71076.84877256065,95775.15198195499
2020-06-17,71076.84877256065,97185.55484021228
2020-06-18,70427.8493914953,97009.25711000484
2020-06-19,70752.34908202797,97714.45853913348
2020-06-22,70557.64772037177,97185.55484021228
2020-06-23,71011.94573978096,97736.20368428002
2020-06-24,71011.94573978096,98111.65783463538
2020-06-29,69584.14864877373,97118.80911210726
2020-06-30,69953.9620659106,97129.87233070342
2020-07-01,69756.90190035771,97132.88863207329
2020-07-02,69926.42160877204,97135.90493344315
2020-07-03,70360.02530876613,97138.92123481301
2020-07-06,72638.52664057231,97149.9101389226
2020-07-07,74696.52643028712,97152.92644029246
2020-07-08,74770.02986494517,97155.94274166232
2020-07-09,77783.53049580073,97158.95904303218
2020-07-10,77710.02706114268,97161.97534440205
2020-07-13,79327.02376667476,97172.96424851163
2020-07-14,78739.03133694148,97175.9805498815
2020-07-15,75578.52383676982,97178.99685125136
2020-07-16,73153.02877847171,97182.01315262122
2020-07-17,73667.5309163711,97185.02945399108
2020-07-20,75211.02418724513,97196.01835810067
2020-07-21,75198.52044122474,97199.03465947053
2020-07-22,75186.2563610627,97202.0509608404
2020-07-23,75186.2563610627,97205.06726221026
2020-07-24,73517.17318225912,97208.08356358012
2020-07-27,72210.57509113364,97219.07246768971
2020-07-28,72683.1739776235,97222.08876905957
2020-07-29,73989.77869678549,97225.10507042943
2020-07-30,72031.52917442367,97228.1213717993
2020-07-31,72822.22430276201,97231.13767316916
2020-08-03,74132.62478875445,97242.12657727874
2020-08-04,72822.22430276201,97245.1428786486
2020-08-05,72817.45918317974,97248.15918001847
2020-08-06,73298.5908107394,97251.17548138833
2020-08-07,73718.584402048,97254.1917827582
2020-08-10,73231.38767048062,97265.18068686778
2020-08-11,71618.584402048,97268.19698823764
2020-08-12,67183.38943287075,97271.2132896075
2020-08-13,68408.0963706522,97274.22959097737
2020-08-14,68408.0963706522,97277.24589234723
2020-08-17,68767.45796562733,97288.23479645682
2020-08-18,68645.96097828448,97291.25109782668
2020-08-19,67625.3596341759,97294.26739919654
2020-08-20,66944.95680691302,97297.2837005664
2020-08-21,67212.2606074959,97300.30000193627
2020-08-24,67090.7578265816,97311.28890604585
2020-08-25,67048.53791166087,97314.30520741572
2020-08-26,66542.94452951179,97317.32150878558
2020-08-27,66803.3411769651,97320.33781015544
2020-08-28,67910.04632995353,97323.3541115253
2020-08-31,66998.64254281746,97334.34301563489
2020-09-01,66838.16013825004,97337.35931700475
2020-09-02,66782.03174562995,97340.37561837462
2020-09-03,66147.19722575374,97343.39191974448
2020-09-04,66334.02708284341,97346.40822111434
2020-09-07,64915.029973907105,97357.39712522393
2020-09-08,65624.52468387567,97360.41342659379
2020-09-09,63109.0263139435,97363.42972796365
2020-09-10,61432.02868215524,97366.44602933351
2020-09-11,61766.198439953965,97369.46233070338
2020-09-14,61749.37355313331,97380.45123481296
2020-09-15,61799.23647568249,97383.46753618283
2020-09-16,60784.44542002701,97386.48383755269
2020-09-17,60898.04395747208,97389.50013892255
2020-09-18,62715.64086985611,97392.51644029241
2020-09-21,62147.641411543125,97403.505344402
2020-09-22,61409.24076151871,97406.52164577186
2020-09-23,61125.24103236222,97409.53794714173
2020-09-24,61182.043686628575,97412.55424851159
2020-09-25,60898.04395747208,97415.57054988145
2020-09-28,61409.24076151871,97426.55945399104
2020-09-29,60898.04395747208,97429.5757553609
2020-09-30,61238.839569807285,97432.59205673076
2020-10-09,64760.44162821793,97467.49876905953
2020-10-12,65271.64520335219,97478.48767316912
2020-10-13,64135.639515638584,97481.50397453898
2020-10-14,64022.04097819353,97484.52027590884
2020-10-15,64022.04097819353,97487.5365772787
2020-10-16,64987.6454741957,97490.55287864857
2020-10-19,64930.842819929356,97501.54178275816
2020-10-20,65101.24401164078,97504.55808412802
2020-10-21,65044.441357374424,97507.57438549788
2020-10-22,65044.441357374424,97510.59068686774
2020-10-23,64249.2448241713,97513.6069882376
2020-10-26,64703.64574503922,97524.59589234719
2020-10-27,64476.441899061436,97527.61219371705
2020-10-28,64192.44216990494,97530.62849508692
2020-10-29,63567.640057325596,97533.64479645678
2020-10-30,63454.04151988053,97536.66109782664
2020-11-02,62886.04206156754,97547.65000193623
2020-11-03,63226.84444499039,97638.11132614424
2020-11-04,63738.04124903702,97959.12670090124
2020-11-05,65044.441357374424,99267.63834891259
2020-11-06,65044.441357374424,99237.12130987832
2020-11-09,64362.84336161637,98197.92436564156
2020-11-10,64573.4313690719,98550.94838335052
2020-11-11,65525.922122898824,100547.07539538344
2020-11-12,65544.36863738728,100293.26084397007
2020-11-13,65498.43759799433,100300.66912276906
2020-11-16,65750.55530856561,100311.99788989234
2020-11-17,65658.49320764375,100315.10747893344
2020-11-18,65363.77589127136,100318.21706797453
2020-11-19,65431.25103818966,100321.32665701563
2020-11-20,65331.372848625906,100324.43624605672
2020-11-23,65767.10863094401,100335.76501318
2020-11-24,66252.91890625429,100338.8746022211
2020-11-25,66315.70801170303,100341.98419126219
2020-11-26,66995.34900950386,100345.09378030329
2020-11-27,67266.27835695934,100348.20336934438
2020-11-30,67253.93057702733,100359.53213646766
2020-12-01,68068.42980025962,100362.64172550876
2020-12-02,67688.3314573641,100365.75131454985
2020-12-03,67579.732855546,100368.86090359095
2020-12-04,67145.33197520925,100371.97049263204
2020-12-07,66982.43083594991,100383.29925975532
2020-12-08,66276.53021453573,100386.40884879642
2020-12-09,67579.732855546,100389.51843783751
2020-12-10,67362.52917884542,100392.6280268786
2020-12-11,67145.33197520925,100395.7376159197
2020-12-14,67199.62803958608,100407.06638304298
2020-12-15,67145.33197520925,100410.17597208408
2020-12-16,67579.732855546,100413.28556112517
2020-12-17,67905.52866100027,100416.39515016627
2020-12-18,67572.25198073818,100419.50473920736
2020-12-21,67498.70369519306,100430.83350633064
2020-12-22,66310.18409975362,100433.94309537174
2020-12-23,66496.1046733172,100437.05268441283
2020-12-24,66533.71426020814,100440.16227345393
2020-12-25,66797.79205018711,100443.27186249502
2020-12-28,67126.81998964501,100454.6006296183
2020-12-29,68270.860513515,100457.7102186594
2020-12-30,68582.42927153541,100460.81980770049
2020-12-31,69108.12548819733,100463.92939674159
2021-01-04,68598.42825858307,100479.36775290596
2021-01-05,69001.76281338526,100482.47734194706
2021-01-06,69754.75373107744,100485.58693098815
2021-01-07,70319.76956619573,100488.69652002925
2021-01-08,70858.84503053737,100491.80610907034
2021-01-11,70510.29833229425,100503.13487619362
2021-01-12,70543.19701968791,100506.24446523472
2021-01-13,70966.31875949504,100509.35405427581
2021-01-14,71352.10066558482,100512.4636433169
2021-01-15,72290.99400277736,100515.573232358
2021-01-18,70657.59537118555,100526.90199948128
2021-01-19,70355.3179580794,100530.01158852238
2021-01-20,70454.706294962,100533.12117756347
2021-01-21,71216.16364734515,100536.23076660457
2021-01-22,71113.4210980831,100539.34035564566
2021-01-25,71314.27472888691,100550.66912276894
2021-01-26,66990.3535506819,100553.77871181004
2021-01-27,66213.43523227764,100556.88830085113
2021-01-28,64459.02913946224,100559.99788989223
2021-01-29,63811.0297574432,100563.10747893332
2021-02-01,64934.23074621273,100574.4362460566
2021-02-02,65884.62880987239,100577.5458350977
2021-02-03,65539.02810949397,100580.6554241388
2021-02-04,65409.43235296322,100583.76501317989
2021-02-05,66014.22971624446,100586.87460222098
2021-02-08,65927.83082861018,100598.20336934426
2021-02-09,65884.62880987239,100601.31295838536
2021-02-10,67094.2286862762,100604.42254742645
2021-02-18,68865.42905706477,100636.29925975522
2021-02-19,68563.03037542413,100639.40884879632
2021-02-22,68563.03037542413,100650.7376159196
2021-02-23,68908.63107580256,100653.8472049607
2021-02-24,66619.03222936702,100656.95679400179
2021-02-25,66653.8968096721,100660.06638304288
2021-02-26,64591.412404485556,100663.17597208398
2021-03-01,64656.26535648427,100674.50473920726
2021-03-02,64441.76896707616,100677.61432824835
2021-03-03,64428.19086254485,100680.72391728945
2021-03-04,63235.57939673157,100683.83350633054
2021-03-05,62583.974839694216,100686.94309537164
2021-03-08,63941.480018145754,100698.27186249492
2021-03-09,64538.77556467743,100701.38145153601
2021-03-10,64484.4795003006,100704.49104057711
2021-03-11,65516.17592716904,100707.6006296182
2021-03-12,65570.47846461029,100710.7102186593
2021-03-15,65950.5768075058,100722.03898578258
2021-03-16,66384.97768784256,100725.14857482367
2021-03-17,66113.47794676512,100728.25816386477
2021-03-18,66167.78048420639,100731.36775290586
2021-03-19,65353.2747879097,100734.47734194696
2021-03-22,65353.2747879097,100745.80610907024
2021-03-23,65624.77452898712,100748.91569811133
2021-03-24,65190.380121714785,100752.02528715243
2021-03-25,65190.380121714785,100926.59958178761
2021-03-26,65896.28074312897,101507.43612119212
2021-03-29,66384.97768784256,102124.13166178223
2021-03-30,66819.37856817932,102792.13301552292
2021-03-31,66493.57628966065,102663.2449266521
2021-04-01,67199.47691107483,103028.91350229041
2021-04-02,67851.07499504776,103217.7855639702
2021-04-06,68719.87675572129,103233.68707081952
2021-04-07,68611.2781539032,103236.88994753185
2021-04-08,68882.77789498062,103240.09282424417
2021-04-09,69045.67903423996,103000.55910023894
2021-04-12,69480.07991457672,103143.28285842582
2021-04-13,69480.07991457672,102902.86599403812
2021-04-14,69805.87572003098,104057.8509829681
2021-04-15,69642.97458077164,102962.75083088095
2021-04-16,70185.98053599091,103695.75013183767
2021-04-19,70077.37546110839,104135.54446958716
2021-04-20,69373.32430620701,102669.5458676737
2021-04-21,68893.53896855561,101936.54656671698
2021-04-22,69250.21867825935,102816.14398025686
2021-04-23,68456.44765754291,101640.71510288471
2021-04-26,69048.6459161813,102332.32615995775
2021-04-27,69640.84417481968,102714.1229230967
2021-04-28,69443.44671626636,102469.23059979896
2021-04-29,69838.24751635143,102468.86758178346
2021-04-30,69246.04337473461,102472.03936260537
2021-05-06,67469.44859881946,102496.17004753687
2021-05-07,67243.0444533724,102499.34182835878
2021-05-10,68914.79511864322,102510.89717082454
2021-05-11,65602.31419623792,102514.06895164645
2021-05-12,65948.51661742627,102517.24073246836
2021-05-13,62544.215736994134,102520.41251329027
2021-05-14,63005.81667245327,102523.58429411218
2021-05-17,64852.21353591381,102535.13963657794
2021-05-18,65544.61149991449,102538.31141739985
2021-05-19,65948.51661742627,102541.48319822176
2021-05-20,63929.01166499555,102544.65497904367
2021-05-21,63648.556855141964,102547.82675986558
2021-05-24,63847.758248269405,102559.38210233134
2021-05-25,63582.15771001562,102562.55388315325
2021-05-26,64246.157076775875,102565.72566397516
2021-05-27,63864.35704511388,102568.89744479707
2021-05-28,63382.95631688818,102572.06922561898
2021-05-31,63847.758248269405,102583.62456808474
2021-06-01,64262.75587362036,102586.79634890665
2021-06-02,63266.75682347998,102589.96812972856
2021-06-03,62951.35593694433,102593.13991055047
2021-06-04,62254.15897649512,102596.31169137238
2021-06-07,62669.156601846065,102607.86703383813
2021-06-08,63017.75903981909,101182.95450565509
2021-06-09,62761.658579662115,102138.75169512919
2021-06-10,64829.558224036955,103572.4522268503
2021-06-11,65575.36074574258,101501.5598988264
2021-06-15,64999.062103584074,103253.85632869891
2021-06-16,60761.562103584074,100386.45526525668
2021-06-17,62693.85945256021,109147.95640465907
2021-06-18,65507.561618640684,110263.05154320887
2021-06-21,65846.56129534509,110740.95488545588
2021-06-22,65948.26200659538,110263.05154320887
2021-06-23,67812.76022846963,115360.65237877062
2021-06-24,66999.15857966212,113130.4526066511
2021-06-25,67948.35848267343,114723.46058246783
2021-06-28,69812.86074574258,116475.75701234034
2021-06-29,69914.56145699289,115201.35442969493
2021-06-30,71812.96126301553,120776.85860750369
2021-07-01,70897.66294415262,117431.55420181445
2021-07-02,70660.36397869851,115201.35442969493
2021-07-05,72490.96061642435,120936.15655657939
2021-07-06,72558.76378472116,118705.95678445986
2021-07-07,76931.86203892496,121414.0598988264
2021-07-08,77948.86106903816,125555.85404989413
2021-07-09,79304.8597758558,124281.45146724871
2021-07-12,83474.556607559,125555.85404989413
2021-07-13,83271.16326744821,119343.15807578257
2021-07-14,79643.85945256021,117909.45754406146
2021-07-15,81271.06275017526,118546.65883538417
2021-07-16,77440.35751278665,116635.05496141604
2021-07-19,76287.76022846963,116794.35291049174
2021-07-20,77982.75861199167,119821.05192300967
2021-07-21,82186.36106903816,124600.05686042002
2021-07-22,82762.65971119668,128741.86050650767
2021-07-23,81982.95964653757,129060.45640465907
2021-07-26,80423.55951721933,131609.25207493
2021-07-27,75677.56404335763,131449.9541258543
2021-07-28,76389.46093971994,128104.65921518496
2021-07-29,80626.96093971994,138140.55344221287
2021-07-30,80452.17463664475,140052.157316181
2021-08-02,84787.67845324936,136866.16035458737
2021-08-03,83453.6797254509,128104.65921518496
2021-08-04,85788.17749909821,133680.15389797383
2021-08-05,88789.67463664475,133680.15389797383
2021-08-06,89523.37711743773,132724.35670849972
2021-08-09,88923.07291917267,128901.15845558337
2021-08-10,92391.47597245636,128104.65921518496
2021-08-11,91991.27317361298,128582.55306241206
2021-08-12,89389.97883490982,130016.25359413317
2021-08-13,89056.47915296022,125077.96020266703
2021-08-16,87322.27762631836,126033.75739214114
2021-08-17,85854.87266473236,120298.95526525668
2021-08-18,88256.07355527344,120458.25321433238
2021-08-19,90056.97819880905,120277.65037363517
2021-08-20,89790.1736824936,120281.38188048449
2021-08-23,93725.47470025482,120294.97640103244
2021-08-24,93191.87361888352,120298.70790788176
2021-08-25,92258.07768992844,120302.43941473108
2021-08-26,91924.57800797882,120306.1709215804
2021-08-27,90390.47788075867,120309.90242842972
2021-08-30,92791.67877129975,120323.49694897767
2021-08-31,92971.83703773588,120327.22845582699
2021-09-01,92843.56843407244,120330.95996267631
2021-09-02,92714.94649302692,120334.69146952563
2021-09-03,92808.27623440475,120338.42297637495
2021-09-06,92862.71434206993,120352.0174969229
2021-09-07,92819.2047826758,120355.74900377222
2021-09-08,92555.07215167613,120359.48051062154
2021-09-09,92085.79563464971,120363.21201747085
2021-09-10,92325.35452323685,120366.94352432017
2021-09-13,92343.97059563485,120380.53804486812
2021-09-14,89560.48764318845,120384.26955171744
2021-09-15,89244.5967202904,120388.00105856676
2021-09-16,87404.59847505111,120391.73256541608
2021-09-17,88435.00275666735,120395.4640722654
2021-09-22,87772.598124099,120418.92160651197
2021-09-23,88876.59707124255,120422.65311336129
2021-09-24,87625.4000192406,120426.3846202106
2021-09-27,85270.19524629138,120439.97914075856
2021-09-28,86594.99573762438,120443.71064760788
2021-09-29,85417.40212495349,120447.4421544572
2021-09-30,85270.19524629138,120451.17366130651
2021-10-08,86153.40142304919,120489.42571610103
2021-10-11,86171.35215430253,120503.02023664898
2021-10-12,86697.18687586341,120506.7517434983
2021-10-13,86386.10797358783,120510.48325034762
2021-10-14,84437.91256381305,120514.21475719694
2021-10-15,83969.98073913943,120517.94626404626
2021-10-18,83854.81880553426,120531.54078459421
2021-10-19,83854.81880553426,120535.27229144353
2021-10-20,83854.81880553426,120539.00379829285
2021-10-21,83653.15303468588,120542.73530514217
2021-10-22,83792.08236304016,120546.46681199149
2021-10-25,83792.08236304016,120560.06133253944
2021-10-26,84340.1861962387,120563.79283938876
2021-10-27,84279.28335037918,120567.52434623807
2021-10-28,83974.783640773,118914.0592569621
2021-10-29,84096.58207264633,119167.06566790982
2021-11-01,85131.8868931839,118393.4916945504
2021-11-02,84949.18561545105,119846.32206052457
2021-11-03,85558.18503466339,118908.59272426592
2021-11-04,85984.48317614288,122126.10706419795
2021-11-05,86349.88573160858,122131.5549645964
2021-11-08,86471.6841634819,120263.74864917433
2021-11-09,86410.7885774681,119754.35520749725
2021-11-10,86045.3860220024,117292.25148301758
2021-11-11,85856.95255635497,118494.58424076164
2021-11-12,85905.99152773136,117936.51847506988
2021-11-15,88969.630068664,121167.85209086948
2021-11-16,89638.3006269521,122389.28703627366
2021-11-17,89978.2030040807,122727.27404922964
2021-11-18,87712.19841190045,119609.20267756464
2021-11-19,87938.8022477216,119918.20790822984
2021-11-22,87712.19841190045,119609.20267756464
2021-11-23,87938.8022477216,119918.20790822984
2021-11-24,88958.50262590115,121308.70842392923
2021-11-25,86692.4980337209,118218.70216186525
2021-11-26,85559.4991142339,116673.70363529207
2021-11-29,84199.89635892575,114819.69987805368
2021-11-30,83973.29927631085,114510.70385630609
2021-12-01,85332.902031619,116364.70761354448
2021-12-02,83520.0983578748,113892.7026038933
2021-12-03,84313.20165343945,114974.2070978451
2021-12-06,83406.79981656735,113738.2045930195
2021-12-07,80806.9805860028,114174.08490343731
2021-12-08,82267.4957164702,114125.20250332303
2021-12-09,81926.700104135,114128.74743482989
2021-12-10,81301.89799155566,114132.29236633674
2021-12-13,81549.23601470355,114145.20716085729
2021-12-14,82024.86347441794,114148.75209236414
2021-12-15,82024.86347441794,114152.297023871
2021-12-16,82024.86347441794,114155.84195537785
2021-12-17,81588.6690903199,114159.3868868847
2021-12-20,79407.66467039708,114172.30168140525
2021-12-21,80839.40638191035,114175.84661291211
2021-12-22,83457.72747198632,114179.39154441896
2021-12-23,82462.72842089226,114182.93647592582
2021-12-24,82860.72922746232,114186.48140743267
2021-12-27,81268.7260011821,114199.39620195322
2021-12-28,81268.7260011821,114202.94113346007
2021-12-29,79975.22486249497,114206.48606496693
2021-12-30,84054.72571651032,114210.03099647378
2021-12-31,85447.72557417443,114213.57592798064
2022-01-04,88731.22481504967,114231.17565400804
2022-01-05,88830.7294646888,114234.7205855149
2022-01-06,87537.22832600167,114238.26551702175
2022-01-07,86044.72974936059,114241.8104485286
2022-01-10,86044.72974936059,114254.72524304915
2022-01-11,83159.22538439324,114258.270174556
2022-01-12,83955.22699753335,114261.81510606286
2022-01-13,82064.72761432221,114265.36003756971
2022-01-14,82761.22457782319,114268.90496907657
2022-01-17,85646.72894279053,114281.81976359712
2022-01-18,83855.72827855637,114285.36469510397
2022-01-19,84552.22524205735,114288.90962661082
2022-01-20,82363.22970191529,114292.45455811768
2022-01-21,81246.2642533212,114295.99948962453
2022-01-24,82337.46908730558,114308.91428414508
2022-01-25,79063.86297768644,110172.45279421091
2022-01-26,79486.265931788,110760.45690645456
2022-01-27,78078.26727456144,108800.45877565623
2022-01-28,77902.26324624114,108555.45316805126
2022-02-07,77689.19280900784,108099.36070169244
2022-02-08,77764.5481341345,108102.71905785683
2022-02-09,78341.42586412259,108106.07741402122
2022-02-10,78949.85783281155,108109.4357701856
2022-02-11,78039.838830188,108112.79412635
2022-02-14,77661.1900224907,108125.02919484314
2022-02-15,76893.95553950137,108062.40937183911
2022-02-16,77165.45528057881,107250.01199336749
2022-02-17,78794.46020010777,104657.72711418994
2022-02-18,78903.05880192586,105919.32274483569
2022-02-21,79446.05828408069,105985.72584771045
2022-02-22,81075.05673054524,107114.52318810351
2022-02-23,81726.65481451817,107114.52318810351
2022-02-24,85201.85538414784,109438.5209717644
2022-02-25,81618.0562127001,106782.52350472339
2022-02-28,80640.65585020848,107977.72394799121
2022-03-01,81726.65481451817,109571.32717751391
2022-03-02,81726.65481451817,112957.72711418994
2022-03-03,81618.0562127001,117406.52128838428
2022-03-04,81509.457610882,114020.12135170825
2022-03-07,85636.2562644846,123249.7252144707
2022-03-08,86939.45890549489,119265.72109841235
2022-03-09,88242.65507344075,122054.52477120288
2022-03-10,86016.35460738011,115680.12768410574
2022-03-11,87482.45838764973,116078.52255486377
2022-03-14,88242.65507344075,112028.12325142749
2022-03-15,85907.75600556203,108243.32052849658
2022-03-16,87482.45838764973,110102.52033852466
2022-03-17,87210.95864657231,109438.5209717644
2022-03-18,89165.75937155553,113488.92027520068
2022-03-21,89437.25911263295,113621.72648095022
2022-03-22,92206.55906084843,115148.92660759814
2022-03-23,92206.55906084843,114816.92692421802
2022-03-24,91663.55957869359,115148.92660759814
2022-03-25,90957.6589572794,118336.12515114673
2022-03-28,89491.55517700978,115680.12768410574
2022-03-29,88514.15481451817,114684.12071846853
2022-03-30,86016.35460738011,115148.92660759814
2022-03-31,86396.45942334004,113488.92027520068
2022-04-01,81563.76014832326,111762.52667092212
2022-04-06,83403.9984726596,113361.17977168917
2022-04-07,80245.94142147304,112640.46169145787
2022-04-08,82242.34258838893,112643.94443118389
2022-04-11,79279.94234272242,112656.63265036196
2022-04-12,77283.54117580653,112660.11539008799
2022-04-13,76317.54209705592,113963.88472035535
2022-04-14,79279.94234272242,116534.28445771344
2022-04-15,79279.94234272242,115019.58480790265
2022-04-18,76671.74713321925,112081.9788546861
2022-04-19,76929.34381672145,114101.58568337567
2022-04-20,73258.54117580653,110108.27964261181
2022-04-21,71358.74068447354,107629.68419507153
2022-04-22,70327.56809153588,107056.06163879695
2022-04-25,69849.6689692977,107068.18341961887
2022-04-26,69247.87038722068,107071.51067989285
2022-04-27,69303.67367759539,107074.83794016682
2022-04-28,69538.49412147462,107078.1652004408
2022-04-29,70464.09069244325,107081.49246071477
2022-05-05,70232.69048873842,107106.8060223586
2022-05-06,70108.0910319513,107110.13328263258
2022-05-09,70410.69031898439,106880.67374028928
2022-05-10,69894.49378196658,106094.77901258238
2022-05-11,69538.49412147462,105552.77952947385
2022-05-12,70214.89177886903,106582.57596292264
2022-05-13,69502.89245788514,105498.5769967056
2022-05-16,69155.30809745529,105042.91698955273
2022-05-17,68861.4093155358,105046.18205804589
2022-05-18,68819.20734352805,105049.44712653905
2022-05-19,68566.00557274558,105052.7121950322
2022-05-20,69494.40871185996,105055.97726352536
2022-05-23,69789.80742401816,105067.87246900481
2022-05-24,68228.40991921167,105071.13753749797
2022-05-25,68243.232890515,105074.40260599113
2022-05-26,68688.04978603093,105077.66767448428
2022-05-27,70262.47656378952,105080.93274297744
2022-05-30,69840.47696624008,104820.30336350262
2022-05-31,70178.07261977402,105327.47378865677
2022-06-01,68912.07382712571,105057.32630980243
2022-06-02,68912.07382712571,104953.25776432759
2022-06-06,69123.07362590042,108908.23584383764
2022-06-07,68399.00013201275,110433.24550765524
2022-06-08,69785.7543854039,112977.55644853378
2022-06-09,68161.66194500854,110954.14940523676
2022-06-10,71074.46390213897,115185.61178111094
2022-06-13,72729.46232380798,117443.92063517752
2022-06-14,72332.25954594543,117243.7232126731
2022-06-15,71835.76396527221,115842.31738944235
2022-06-16,72133.66604866913,117043.52579016867
2022-06-17,75278.15910401275,122549.02053971472
2022-06-20,76337.3612505429,124450.92588563144
2022-06-21,75344.3621975415,122348.8231172103
2022-06-22,75377.45979847839,123149.62474007788
2022-06-23,78257.16415467192,128054.52722211066
2022-06-24,79250.16320767334,129355.82836766425
2022-06-27,79912.16257634094,129856.32789035025
2022-06-28,80905.16162934234,130957.41968054953
2022-06-29,76966.26301827362,125351.82025332635
2022-06-30,78124.7658592694,126352.81929869833
2022-07-01,78521.96074547699,125451.92493100348
2022-07-04,80375.56055607727,127954.4225444335
2022-07-05,80673.46263947418,128855.31691212836
2022-07-06,80143.8615662091,127854.31786675635
2022-07-07,80015.39267997925,132158.62808127585
2022-07-08,79982.93754410927,128154.61996693793
2022-07-11,79799.1932345504,123049.52006240073
2022-07-12,79490.95652996247,119946.41824860754
2022-07-13,79780.52657597249,123049.52006240073
2022-07-14,80161.80307265942,127654.12044425192
2022-07-15,79795.72069879239,125952.42445368948
2022-07-18,80447.88590655988,127453.9230217475
2022-07-19,80258.45598613683,125051.51815314475
2022-07-20,81137.34535616104,124751.22798581305
2022-07-21,80992.22495964234,122348.8231172103
2022-07-22,80913.49498241607,122649.12521739188
2022-07-25,80237.69877436582,120847.32454915228
2022-07-26,81294.94686098612,122048.52101702872
2022-07-27,82417.49236993896,122348.8231172103
2022-07-28,82890.56172225106,120647.12712664786
2022-07-29,82752.79063053238,120666.1369920274
2022-08-01,83864.60098669637,120679.73151257535
2022-08-02,82863.32455331195,120683.46301942467
2022-08-03,81374.60784188617,120687.19452627399
2022-08-04,81682.28516625272,120690.92603312331
2022-08-05,81723.37216540205,120694.65753997263
2022-08-08,81934.84128364432,120708.25206052058
2022-08-09,82039.64895781863,120711.9835673699
2022-08-10,82112.03133968222,120715.71507421922
2022-08-11,82400.93336013662,120719.44658106854
2022-08-12,81726.8305590521,120723.17808791786
2022-08-15,82400.93336013662,120736.7726084658
2022-08-16,83075.03042129385,120740.50411531513
2022-08-17,83556.52996209967,119876.67139377705
2022-08-18,84423.2302835356,118526.27871837727
2022-08-19,81919.4338193308,118357.47083034627
2022-08-22,81726.8305590521,116669.47244014851
2022-08-23,82400.93336013662,114306.27268161885
2022-08-24,79223.03409484732,114981.47404995076
2022-08-25,77240.72338405656,116163.07895984761
2022-08-26,76831.7998219024,117007.07815494649
2022-08-29,76107.2160521518,111943.07292308919
2022-08-30,75783.33661897073,111607.42038002973
2022-08-31,74816.2324293388,111610.87202386535
2022-09-01,74193.73276976237,112083.70171118726
2022-09-02,74995.98269916425,113102.10377503384
2022-09-05,75506.40877001653,112465.60438204755
2022-09-06,74772.45307228694,112974.80541397084
2022-09-07,75481.81064618,111192.60559607495
2022-09-08,75383.62463057169,108773.89879752148
2022-09-09,75591.52741792807,108392.00371433247
2022-09-13,79759.12776353964,111701.79904032697
2022-09-14,79396.72702911505,109792.30086136807
2022-09-15,78309.52482584129,107628.20596028317
2022-09-16,78490.72789314398,107466.89192948137
2022-09-19,78717.22767713675,107479.01371030329
2022-09-20,79079.62841156132,107482.34097057726
2022-09-21,79985.62754753241,107485.66823085124
2022-09-22,80257.42944839604,107488.99549112521
2022-09-23,79532.62797954687,107492.32275139919
2022-09-26,78989.02957800041,107504.44453222111
2022-09-27,79170.22724512228,107507.77179249508
2022-09-28,79940.32543066153,107511.09905276906
2022-09-29,81661.72486904272,107514.42631304303
2022-09-30,80483.92923238881,107517.75357331701
2022-10-10,80710.42901638159,107560.65617605673
2022-10-11,79623.22681310782,107346.6397101487
2022-10-12,80257.42944839604,107420.01238957135
2022-10-13,80438.62711551794,107247.28285469706
2022-10-14,81888.2246530355,108814.13223576575
2022-10-17,79849.72659710058,106105.13481926947
2022-10-18,78807.82651069769,104720.53470444708
2022-10-19,78479.78613677548,104600.13625454932
2022-10-20,78486.71910080305,105081.73723053958
2022-10-21,78117.81514390121,104961.33878064185
2022-10-24,78371.88544545852,105804.13510632544
2022-10-25,78238.08450971331,105623.53384327918
2022-10-26,79397.68553052627,107188.73522114783
2022-10-27,78996.28804002487,106646.93860840824
2022-10-28,78327.28336129867,105743.93229317694
2022-10-31,79620.68531785693,107489.73493409186
2022-11-01,81895.28527532303,110559.93487668067
2022-11-02,81583.08663640701,110138.53671383887
2022-11-03,81493.88778482165,110018.1382639411
2022-11-04,81404.68361650192,109897.7326376441
2022-11-07,81850.68319116317,110499.73206353217
2022-11-08,82475.08578572952,111342.53556561499
2022-11-09,82564.28463731491,111462.93401551276
2022-11-10,83411.68701921188,112606.73723053958
2022-11-11,82073.68829522812,110800.73895287543
2022-11-14,80691.0874870845,108934.53786206275
2022-11-15,80557.28655133929,108753.93659901648
2022-11-16,80958.68404184066,109295.73321175604
2022-11-17,80512.68446717941,108693.73378586798
2022-11-18,79799.08302102768,107730.53183388739
2022-11-21,80200.4858282634,108272.33562302619
2022-11-22,80824.88310609543,109115.13194870978
2022-11-23,81761.48433957779,110379.33361363437
2022-11-24,82653.48348890033,111583.33246541052
2022-11-25,83411.68701921188,112606.73723053958
2022-11-28,81984.48412690844,110680.33332657843
2022-11-29,83912.01155188374,111643.535278559
2022-11-30,82006.25543162928,111961.84160435633
2022-12-01,81736.58243762121,110565.99503156565
2022-12-02,79786.18342028723,110782.1840381939
2022-12-05,80301.38994799719,114884.38548504657
2022-12-06,80374.98461352453,112036.88141166512
2022-12-07,78755.78791247473,113061.98179184741
2022-12-08,80080.58840380773,116251.1814659769
2022-12-09,81920.58664904699,117276.2886351282
2022-12-12,79050.18412219152,116592.883855694
2022-12-13,79786.18342028723,116365.08678852863
2022-12-14,79016.85880567195,116251.1814659769
2022-12-15,79111.11208462286,114200.9807056124
2022-12-16,79593.53856818611,115339.97961937732
2022-12-19,78514.53761832649,110442.2815746004
2022-12-20,78971.03916184837,108847.68173753566
2022-12-21,79635.04050748283,110556.18689715213
2022-12-22,80133.03904311593,112948.08325826473
2022-12-23,80390.77548889635,114542.68309532947
2022-12-26,80917.49481742119,113517.5827151472
2022-12-27,81942.22079998229,114200.9807056124
2022-12-28,82380.21516090607,115795.58733164615
2022-12-29,81723.21926838132,117048.47799002475
2022-12-30,82015.21550899718,116251.1814659769
2023-01-03,82380.21516090607,117959.67983662433
2023-01-04,84862.21801525328,121262.78483330557
2023-01-05,85957.2169709799,122401.7837470705
2023-01-06,85519.213907778,120465.4883092577
2023-01-09,86176.21850258086,123426.87733828372
2023-01-10,85957.2169709799,122971.28320395297
2023-01-11,86395.22003418181,125249.28103148288
2023-01-12,85665.22073036406,123312.98559367008
2023-01-13,86979.22121769164,128210.683638447
2023-01-16,86030.22038227294,129235.77722966019
2023-01-17,86249.21321159575,126616.07701241321
2023-01-18,86614.21286350462,126388.27994524784
2023-01-19,86833.21439510558,127413.38711439911
2023-01-20,88074.22017341826,127868.98124872989
2023-01-30,88585.21794563504,126502.18526779956
2023-01-31,86395.22003418181,121262.78483330557
2023-02-01,87709.22052150939,122908.47561406356
2023-02-02,87563.21369892333,123037.96573803396
2023-02-03,86030.22038227294,123041.79053255451
2023-02-06,84497.21836334441,123055.72491611616
2023-02-07,85081.21954685423,123059.54971063671
2023-02-08,85081.21954685423,123063.37450515726
2023-02-09,86322.21662288878,127204.34051716563
2023-02-10,85008.21613556122,127901.33985245464
2023-02-13,84278.56105079055,132640.93699419734
2023-02-14,84089.83807217135,131804.53945362804
2023-02-15,84819.72864474032,131804.53945362804
2023-02-16,82464.52844942782,132780.3435083651
2023-02-17,81030.92859591219,130828.74370777843
2023-02-20,82976.52796114657,133895.53745949507
2023-02-21,83283.73010958407,131943.93765890834
2023-02-22,83078.92664278719,131665.14124834776
2023-02-23,82771.73059786532,130131.74437248944
2023-02-24,82771.73059786532,128319.54277718301
2023-02-27,81850.13025606844,129992.33785832164
2023-02-28,82874.12927950594,129992.33785832164
2023-03-01,84205.33045138094,131246.9383236193
2023-03-02,84307.72913302157,130828.74370777843
2023-03-03,83898.12830294344,129852.93965304132
2023-03-06,83386.12879122469,129852.93965304132
2023-03-07,81338.13074434969,127343.73872244595
2023-03-08,82161.70208983032,126646.73938715695
2023-03-09,82471.27007490405,126317.73299766815
2023-03-10,81402.06679102365,126321.65107985993
2023-03-13,83462.46329095546,126335.92532643527
2023-03-14,82432.26120319552,126339.84340862706
2023-03-15,81917.16015931554,126343.76149081884
2023-03-16,80886.9657471437,126347.67957301062
2023-03-17,84492.66537871546,126351.59765520241
2023-03-20,85522.85979088728,126365.87190177775
2023-03-21,86037.96083476726,126369.78998396953
2023-03-22,90158.76151021902,126373.70806616131
2023-03-23,93249.36009791083,126377.6261483531
2023-03-24,93249.36009791083,126381.54423054488
2023-03-27,93249.36009791083,126395.81847712022
2023-03-28,90673.862554099,126399.736559312
2023-03-29,91188.96359797902,126403.65464150379
2023-03-30,89128.55942245907,126407.57272369557
2023-03-31,91188.96359797902,126411.49080588736
2023-04-03,94794.66322955076,126425.7650524627
2023-04-04,94794.66322955076,126429.68313465448
2023-04-06,98400.36286112256,126438.77929903804
2023-04-07,100460.75936105437,126442.69738122982
2023-04-10,96855.05972948257,126456.97162780516
2023-04-11,96855.05972948257,126460.88970999695
2023-04-12,99430.5649488825,126464.80779218873
2023-04-13,95309.76427343077,126468.72587438051
2023-04-14,95824.86531731076,126472.6439565723
2023-04-17,94279.56218567077,126486.91820314764
2023-04-18,97885.26181724257,126490.83628533942
2023-04-19,96339.96636119075,126494.7543675312
2023-04-20,100975.86040493433,126498.67244972299
2023-04-21,99109.98668228985,126502.59053191477
2023-04-24,98596.2172038096,126516.86477849011
2023-04-25,98740.7239563006,126520.7828606819
2023-04-26,98596.2172038096,126524.70094287368
2023-04-27,98740.7239563006,126528.61902506546
2023-04-28,100474.71885748087,126532.53710725725
2023-05-04,99896.71768613039,130109.10684015018
2023-05-05,97393.97247620951,131450.31241323217
2023-05-08,97104.33553340229,135809.2048301862
2023-05-09,97304.13163783344,133989.01113416418
2023-05-10,97770.32960536274,130731.80738832218
2023-05-11,97681.53604151997,130396.50885011417
2023-05-12,97037.7297747353,129773.80830194218
2023-05-15,97415.13417842182,129438.50976373417
2023-05-16,97126.53392436299,128480.51067735416
2023-05-17,96771.33849742207,127857.81012918217
2023-05-18,96677.1254816795,129199.0042820142
2023-05-19,97398.58907865887,127139.30510427219
2023-05-22,95950.3969308496,126660.30556108219
2023-05-23,94834.51763775831,124840.11186506016
2023-05-24,94704.23876765257,122828.30921556217
2023-05-25,94671.36338522201,122452.9634861857
2023-05-26,94326.88288656954,122456.75718481584
2023-05-29,94613.7700947476,122470.57828070625
2023-05-30,94808.48494792468,122474.37197933639
2023-05-31,94285.78012077576,121764.73854289479
2023-06-01,94885.6832581312,121938.34665523
2023-06-02,96542.58544023341,122632.73771510548
2023-06-05,98672.88152749842,124889.53970179982
2023-06-06,100645.37964637583,124455.54011569447
2023-06-07,98436.17987211054,125063.14781413502
2023-06-08,96621.47972162074,124455.54011569447
2023-06-09,98751.7852144987,125149.9415229363
2023-06-12,100171.98574121301,126191.53846011586
2023-06-13,102381.18551547831,127753.93903956837
2023-06-14,102516.57637443676,128187.93862567373
2023-06-15,101913.55730450284,127840.74309573598
2023-06-16,102743.95486271512,128882.34003291554
2023-06-19,102743.95486271512,128882.34003291554
2023-06-20,102951.5563145889,129142.74185405202
2023-06-21,102951.5563145889,128755.63160502726
2023-06-26,102605.55664456022,128780.65297489027
2023-06-27,102051.95552265775,128784.63324886287
2023-06-28,103089.95453274381,128788.61352283547
2023-06-29,103574.36067021024,128792.59379680807
2023-06-30,104058.75855839383,128796.57407078067
2023-07-03,105373.55400478971,128811.07489269848
2023-07-04,104958.35935032499,128815.05516667108
2023-07-05,104889.15611660611,128819.03544064368
2023-07-06,104681.55466473234,128923.41871121389
2023-07-07,103989.55532467496,128521.82803996454
2023-07-10,103297.55598461759,128748.3492120817
2023-07-11,103781.95387280118,129325.25324669626
2023-07-12,104266.36001026761,131440.55275765207
2023-07-13,104958.35935032499,130479.06131592538
2023-07-14,104750.75789845121,130543.15667000558
2023-07-17,105304.35902035367,131825.1554473951
2023-07-18,105788.75690853727,132017.45679226663
2023-07-19,107449.56027424466,135030.15239086893
2023-07-20,106688.35770046842,135991.65911522653
2023-07-21,106342.35803043973,134837.8510459974
2023-07-24,106688.35770046842,135094.26302758005
2023-07-25,106480.75624859464,137594.14994564798
2023-07-26,106688.35770046842,138555.65667000558
2023-07-27,106965.15413677823,140158.16278305795
2023-07-28,106203.95981228483,138555.65667000558
2023-07-31,107353.10935187795,137914.65728131082
2023-08-01,108382.28701426962,139324.86204949167
2023-08-02,108631.2808401821,139645.3541025236
2023-08-03,107386.28796412924,138042.86327210214
2023-08-04,108481.87979533651,139453.05275765207
2023-08-07,107286.6833098171,137914.65728131082
2023-08-08,106838.48017528036,137337.75324669626
2023-08-09,109079.48397471884,140222.25813713815
2023-08-10,109228.88501956442,140414.55948200967
2023-08-11,110025.68663432577,141440.16156044748
2023-08-14,110673.08720424154,142273.46229401376
2023-08-15,111569.48160006979,143427.25508061197
2023-08-16,111420.08055522421,143234.95373574045
2023-08-17,113212.88122012594,145542.55459156778
2023-08-18,114507.68235995749,147209.15605870035
2023-08-21,116848.27894046286,150221.85165730264
2023-08-22,113312.48587443808,145670.7605823591
2023-08-23,113212.88122012594,145542.55459156778
2023-08-24,114009.6828348873,146568.15667000558
2023-08-25,116400.08767917135,149644.962905319
2023-08-28,117545.48777415731,151119.26302758005
2023-08-29,118292.48112513998,152080.75446930673
2023-08-30,118043.4872992275,151760.2624162748
2023-08-31,118292.48112513998,152080.75446930673
2023-09-01,117047.47637584188,150478.24835625436
2023-09-04,114906.07723071554,147721.9494566038
2023-09-05,116151.08198001364,149324.45556965616
2023-09-06,117943.88264491537,151632.0564254835
2023-09-07,118093.28368976095,151824.357770355
2023-09-08,115902.07628085592,149003.94823399332
2023-09-11,117047.47637584188,150478.24835625436
2023-09-12,115752.68710925558,148811.66217175272
2023-09-13,113910.07818057516,146439.95067921426
2023-09-14,113312.48587443808,145670.7605823591
2023-09-15,115702.8788454769,148747.5515350416
2023-09-18,114806.48444964865,147593.7587484434
2023-09-19,112554.85096980535,144324.65116825845
2023-09-20,112405.64823673341,145927.15728131082
2023-09-21,112064.04972599122,144452.85715904977
2023-09-22,111600.44842289064,144965.65055695322
2023-09-25,112088.44795749757,144452.85715904977
2023-09-26,112015.25326297853,145708.37240008666
2023-09-27,110380.45540378663,145712.88130419626
2023-09-28,108550.44842289064,145717.39020830585
2023-10-09,107511.0525606392,145781.48815351134
2023-10-10,107511.0525606392,145785.99705762093
2023-10-11,107511.0525606392,145790.50596173052
2023-10-12,107511.0525606392,145795.01486584012
2023-10-13,108217.46084036042,145799.5237699497
2023-10-16,106675.4577154081,145815.95048227848
2023-10-17,106996.15152191705,145820.45938638807
2023-10-18,103483.67970484997,145824.96829049767
2023-10-19,102282.22976056968,145829.47719460726
2023-10-20,102282.22976056968,145833.98609871685
2023-10-23,102173.92333429174,145850.41281104562
2023-10-24,102240.81848543005,145854.92171515521
2023-10-25,101839.42631166296,145859.4306192648
2023-10-26,102288.22720243466,145863.9395233744
2023-10-27,102288.22720243466,145868.448427484
2023-10-30,105275.06668474767,145884.87513981276
2023-10-31,103981.46932032201,145889.38404392236
2023-11-01,104216.66629221532,145893.89294803195
2023-11-02,103393.4698810825,145898.40185214154
2023-11-03,105039.86971285436,145902.91075625113
2023-11-06,109979.06920816991,145919.3374685799
2023-11-07,108215.07089045139,144614.56672118374
2023-11-08,109038.26730158422,145256.6737374533
2023-11-09,107862.26842310521,144155.5785378683
2023-11-10,105980.67161944005,141953.3787628878
2023-11-13,104922.2712269077,140852.27418749218
2023-11-14,105392.67218020055,141953.3787628878
2023-11-15,106568.67105867955,143369.07928793316
2023-11-16,103746.2723484287,140537.67823784237
2023-11-17,104922.2712269077,140694.97621266727
2023-11-20,104922.2712269077,140694.97621266727
2023-11-21,104216.66629221532,140223.07291238193
2023-11-22,101982.26702120397,137391.68123810177
2023-11-23,103746.2723484287,139593.8810130823
2023-11-24,102570.26646044347,138492.77643768673
2023-11-27,102805.470441843,138807.38176314716
2023-11-28,102425.19296009248,138056.39807672246
2023-11-29,102542.6914473266,137566.96369221626
2023-11-30,102425.19296009248,138251.38641547735
2023-12-01,101837.69352037614,137024.43326477136
2023-12-04,101955.19200761025,135701.33182873967
2023-12-05,100780.19312817758,132035.49174292147
2023-12-06,102190.19598562425,132521.36293529085
2023-12-07,101250.1940806598,131333.48432286922
2023-12-08,102777.69542534059,133510.92420122348
2023-12-11,103600.19183952516,134252.93236729078
2023-12-12,104657.69223172372,135392.22077516452
2023-12-13,105832.6911111564,136913.21932462588
2023-12-14,107125.19548136895,138586.32498172656
2023-12-15,105832.6911111564,136913.21932462588
2023-12-18,106537.69604165261,137825.82570699588
2023-12-19,107125.19548136895,138586.32498172656
2023-12-20,107477.6909430713,139042.6191070451
2023-12-21,106067.6950891704,137217.42447403807
2023-12-22,106655.19452888674,137977.92374876875
2023-12-25,106772.69301612086,138130.0217905416
2023-12-26,107376.26823717079,139042.6191070451
2023-12-27,105193.91853330951,139651.02034000296
2023-12-28,104076.02239358709,139194.72621468437
2023-12-29,103761.21706474111,139042.6191070451
2024-01-02,103603.81909120367,138586.32498172656
2024-01-03,102029.82059228704,136304.8271575345
2024-01-04,103367.71744001195,135696.42592457667
2024-01-05,102344.61653936193,133341.48465938063
2024-01-08,104390.81834066198,135513.1631433205
2024-01-09,107853.62066734121,140005.56616179508
2024-01-10,108798.01789033698,141230.76255909965
2024-01-11,113834.81871593282,147765.16363017124
2024-01-12,114621.81796539114,148786.16265646977
2024-01-15,119973.42411983295,155728.97064082185
2024-01-16,114857.91961658285,149092.46479861301
2024-01-17,113677.42074239538,147560.96625916523
2024-01-18,113913.52239358709,147867.26840130848
2024-01-19,114936.62329423713,149194.56956975028
2024-01-22,122177.02389467046,158587.77034871143
2024-01-23,128158.22194326208,166347.3678170876
2024-01-24,120130.82209337041,155933.1680118279
2024-01-25,110450.72006690786,143374.8653828339
2024-01-26,109348.92487037466,141945.47161452335
2024-01-29,112811.7178152828,146437.86246172947
2024-01-30,118005.9166144161,153176.4609038071
2024-01-31,111552.52464521215,144804.2713224129
2024-02-01,111788.61691463277,145110.5612932877
2024-02-02,112733.02351939962,146335.7698618607
2024-02-05,112890.42149293706,146539.9672328667
2024-02-06,109506.3228439121,142149.66898552937
2024-02-07,107302.72306907461,139290.8692776398
2024-02-08,108825.41335011266,139940.3464430405
2024-02-19,108054.71671009804,143187.74930177463
2024-02-20,106758.76201076579,143687.34286962284
2024-02-21,105896.36577053138,147933.94775329364
2024-02-22,107374.76876659464,148183.74453721775
2024-02-23,108914.76729793618,148683.35299430622
2024-02-26,108237.165006829,144936.34167848362
2024-02-27,108606.76759166787,145186.13846240772
2024-02-28,109961.96483059,144936.34167848362
2024-02-29,109284.36253948281,145186.13846240772
2024-03-01,109838.76641674111,145435.9501355721
2024-03-04,110639.56712169717,143937.13965354694
2024-03-05,110331.56741542886,143368.81693646486
2024-03-06,109838.76641674111,143492.5080696686
2024-03-07,109530.7667104728,140695.04497275493
2024-03-08,111009.1623632438,146690.63650593898
2024-03-11,110639.56712169717,147613.038375236
2024-03-12,109422.2903519418,146229.44244370598
2024-03-13,108341.38995106482,146229.44244370598
2024-03-14,106900.18703038953,144845.846512176
2024-03-15,106179.5891493108,147613.038375236
2024-03-18,106541.45351769128,151302.64585242412
2024-03-19,105874.89468613469,151763.83991465706
2024-03-20,105769.38975611534,151302.64585242412
2024-03-21,106191.39689961278,149919.036176063
2024-03-22,103448.39448490943,149457.84211383006
2024-03-25,104081.39262357558,145307.04057440898
2024-03-26,103870.39534011685,143462.23683581493
2024-03-27,102393.39549103583,139588.6324770239
2024-03-28,104292.38990703426,142011.53831011176
2024-03-29,107879.3877438625,146897.3353636873
2024-04-01,109989.39830818975,149771.34975320223
2024-04-02,111149.88965550267,151352.0379675043
2024-04-03,114947.89106407964,156525.23988610628
2024-04-08,114631.38885060155,156094.1368711603
2024-04-09,115053.39599409902,156668.94660121325
2024-04-10,115791.89277449452,157674.84221583727
2024-04-11,115475.39056101644,157243.7392008913
2024-04-12,116635.89448490941,158824.44454556826
2024-04-15,116530.38955489003,158680.7378304613
2024-04-16,111360.88693896138,151639.4342673433
2024-04-17,113787.38714018666,154108.04537022326
2024-04-18,115369.8982075771,155385.54415190432
2024-04-19,114631.38885060155,155130.04744136546
2024-04-22,111993.89136591753,153852.5486596844
2024-04-23,106824.38874998891,153852.5486596844
2024-04-24,107879.3877438625,153341.55523860667
2024-04-25,108934.3867377361,153119.21439862633
2024-04-26,111888.38643589818,154169.1009342448
2024-04-29,111255.39458552205,154272.38352630398
2024-04-30,110200.39559164846,155973.8922643899
2024-05-06,107306.1194213211,159075.21095975742
2024-05-07,106227.717235881,162442.0365383081
2024-05-08,105149.31505044097,160862.43119735047
2024-05-09,105149.31505044097,165314.03379935547
2024-05-10,104610.12199242707,172063.22393912598
2024-05-13,104610.12199242707,179817.62681502628
2024-05-14,103531.71980698698,173355.63297766968
2024-05-15,102992.51871426696,172781.22325438782
2024-05-16,104610.12199242707,173786.4359905176
2024-05-17,105688.51614316099,175653.23763388916
2024-05-20,106766.91832860108,177663.62886924073
2024-05-21,107131.92569698888,175222.43462104126
2024-05-22,108498.02953686315,175078.8279106073
2024-05-23,105909.62857689458,174504.43530577942
2024-05-24,102314.63200535375,172637.63366240784
2024-05-27,103321.227616926,177376.43256682678
2024-05-28,100085.73070253927,180104.8231174402
2024-05-29,100445.23035969335,178381.62818450257
2024-05-30,98072.53090824682,173642.82928008362
2024-05-31,98605.74362311256,174217.23900336548
2024-06-03,97251.03762183082,175653.23763388916
2024-06-04,97619.6159107549,174791.63160819333
2024-06-05,97268.82042716573,172350.4373599939
2024-06-06,97444.21816896032,173930.02558249756
2024-06-07,97268.82042716573,174360.82859534546
2024-06-11,95779.88184313872,168616.83407325073
2024-06-12,95640.88818805755,167598.46494659962
2024-06-13,97530.87994831146,168564.2907622491
2024-06-14,97530.87994831146,168081.33671250122
2024-06-17,97980.89024799407,168856.8544622876
2024-06-18,99240.88475483001,171028.24499573486
2024-06-19,99240.88475483001,171028.24499573486
2024-06-20,99780.8885313803,171958.85150398986
2024-06-21,98520.8832957083,169787.4424811818
2024-06-24,98160.88793056548,169167.05046858566
2024-06-25,96990.88690059722,167150.74869360702
2024-06-26,98520.8832957083,169787.4424811818
2024-06-27,98430.88981884063,169632.35372271316
2024-06-28,99690.88432567657,171803.74425616043
2024-07-01,99510.88664310516,171493.54824986236
2024-07-02,99690.88432567657,171803.74425616043
2024-07-03,101850.88870304168,175526.15179981964
2024-07-04,102210.8840681845,176146.54381241577
2024-07-05,103020.88973300993,177542.45357479824
2024-07-08,104010.88235157073,179248.54085411804
2024-07-09,104460.88192241729,180024.0401145436
2024-07-10,103650.88698642791,178628.1488415219
2024-07-11,104910.88149326383,180799.53937496914
2024-07-12,101040.88303821624,174130.24203743713
2024-07-15,100576.2110766559,179093.4520956494
2024-07-16,99489.01427356295,178783.23759999053
2024-07-17,99217.2123726993,176922.04307284133
2024-07-18,99548.77196622807,173975.1532789685
2024-07-19,97191.97304321248,171338.44100203292
2024-07-22,96062.67294956165,171028.24499573486
2024-07-23,97388.37636781651,172512.06068802127
2024-07-24,96651.87707019765,171208.56193113574
2024-07-25,93853.17505670506,166255.25836754093
2024-07-26,93915.8171990309,164070.00548063367
2024-07-29,91969.81905488111,164720.47185116805
2024-07-30,93429.31766299346,163343.65944134578
2024-07-31,98002.4167814646,165832.56316893254
2024-08-01,98391.62336973287,162816.37872321895
2024-08-02,95764.5223954115,158220.36940915877
2024-08-05,91191.41747740842,151326.37826664737
2024-08-06,92706.31649692352,150848.84106825315
2024-08-07,91494.99412199027,151090.53795646154
2024-08-08,90676.3652149379,150622.6641590746
2024-08-09,90676.3652149379,150627.32854263624
2024-08-12,90676.3652149379,150644.32169332117
2024-08-13,90676.3652149379,150648.9860768828
2024-08-14,90676.3652149379,150653.65046044445
2024-08-15,90676.3652149379,150658.3148440061
2024-08-16,90676.3652149379,150662.97922756773
2024-08-19,88887.82869521539,147706.9355604602
2024-08-20,90951.62383262078,151137.52747749817
2024-08-21,91012.32666913429,151238.43219255932
2024-08-22,91619.32609025399,152247.43123030197
2024-08-23,91012.32666913429,151238.43219255932
2024-08-26,90587.42852155131,150532.13527178302
2024-08-27,90283.92157498757,150027.62372469436
2024-08-28,90708.82695857444,150733.93267368802
2024-08-29,89859.02342740457,149321.326803918
2024-08-30,90344.62441150109,150128.52843975555
2024-09-02,89859.02342740457,149321.326803918
2024-09-03,89859.02342740457,149321.326803918
2024-09-04,86034.92562714974,142964.63046049606
2024-09-05,85585.04754987323,142216.2094405654
2024-09-06,85142.04797235095,141479.21014342338
2024-09-09,84521.84539523683,140447.40585598972
2024-09-10,84078.84581771455,139710.4065588477
2024-09-11,84256.04881730636,140188.65254919132
2024-09-12,85159.42545441125,139911.4606241425
2024-09-13,86383.42428711388,141927.45870153507
2024-09-18,86352.82650497888,141877.06235448917
2024-09-19,86215.12189415429,141650.25476018986
2024-09-20,87179.0249874923,143237.85985509952
2024-09-23,87913.42282799218,144447.4562982758
2024-09-24,87699.22376183007,144094.65783636173
2024-09-25,86088.88625684152,145178.25139562687
2024-09-26,88469.58548012147,145455.45533697208
2024-09-27,94859.89282908807,145238.11971278314
2024-09-30,104132.08548012147,145254.5464251119
2024-10-08,107013.98571911226,145300.76765798862
2024-10-09,104944.11516233106,145305.2765620982
2024-10-10,104944.11516233106,145309.7854662078
2024-10-11,104944.11516233106,145314.2943703174
2024-10-14,106004.05044879517,145330.72108264617
2024-10-15,102995.90698964505,145335.22998675576
2024-10-16,101004.91104609877,145339.73889086535
2024-10-17,99918.9034510365,145344.24779497494
2024-10-18,105710.90440041928,145348.75669908454
2024-10-21,106887.40543610959,145365.1834114133
2024-10-22,107792.40457303434,145369.6923155229
2024-10-23,108787.90793902783,145374.2012196325
2024-10-24,106706.40776641278,145378.7101237421
2024-10-25,111593.40957887082,145383.21902785168
2024-10-28,111502.90534980207,145399.64574018045
2024-10-29,109240.4075074902,145404.15464429004
2024-10-30,107792.40457303434,145408.66354839964
2024-10-31,108244.9041414967,145413.17245250923
2024-11-01,107701.91113240628,145417.68135661882
2024-11-04,108082.58610989474,145434.1080689476
2024-11-05,108082.58610989474,145438.6169730572
2024-11-06,108082.58610989474,145443.12587716678
2024-11-07,108082.58610989474,145447.63478127637
2024-11-08,108082.58610989474,145452.14368538596
2024-11-11,108082.58610989474,145468.57039771474
2024-11-12,108082.58610989474,145473.07930182433
2024-11-13,108082.58610989474,145477.58820593392
2024-11-14,108082.58610989474,145482.0971100435
2024-11-15,108082.58610989474,145486.6060141531
2024-11-18,108082.58610989474,145503.03272648188
2024-11-19,108082.58610989474,145507.54163059147
2024-11-20,108082.58610989474,145512.05053470106
2024-11-21,108082.58610989474,145516.55943881065
2024-11-22,108082.58610989474,145521.06834292025
2024-11-25,108082.58610989474,145537.49505524902
2024-11-26,108082.58610989474,145542.0039593586
2024-11-27,108082.58610989474,145546.5128634682
2024-11-28,108082.58610989474,145551.0217675778
2024-11-29,108082.58610989474,145555.5306716874
2024-12-02,108082.58610989474,145571.95738401616
2024-12-03,108082.58610989474,145576.46628812575
2024-12-04,108082.58610989474,145580.97519223535
2024-12-05,108082.58610989474,145585.48409634494
2024-12-06,108082.58610989474,145589.99300045453
2024-12-09,108082.58610989474,145606.4197127833
2024-12-10,108082.58610989474,145610.9286168929
2024-12-11,108082.58610989474,145615.4375210025
2024-12-12,108082.58610989474,145619.94642511208
2024-12-13,108082.58610989474,145624.45532922167
2024-12-16,108082.58610989474,145640.88204155045
2024-12-17,108082.58610989474,145645.39094566004
2024-12-18,108082.58610989474,145649.89984976963
2024-12-19,108082.58610989474,145654.40875387922
2024-12-20,108082.58610989474,145658.91765798882
2024-12-23,108082.58610989474,145675.3443703176
2024-12-24,108858.90267666006,145679.85327442718
2024-12-25,108858.90267666006,145684.36217853677
2024-12-26,114019.0061437669,145688.87108264636
2024-12-27,111673.50838061002,145693.37998675596
2024-12-30,110266.20552863504,145709.80669908473
2024-12-31,106513.40491350318,145714.31560319432
2025-01-02,106555.10292393024,145724.7834114135
2025-01-03,106042.09933620747,144509.0052912632
2025-01-06,108949.10267931277,145911.79917554054
2025-01-07,108094.10349470432,146713.40080002937
2025-01-08,107495.59591156301,147915.7972643772
2025-01-09,107068.09631925878,146913.79821995887
2025-01-10,106640.59672695454,145911.79917554054
2025-01-13,103990.09517771061,143907.80108670387
2025-01-14,104510.15608861932,146312.60596017036
2025-01-15,105094.96291234979,147515.0024245182
2025-01-16,105438.96258428582,148917.79630879554
2025-01-17,105731.35779455194,148116.20662907753
2025-01-20,105524.95635107049,147515.0024245182
2025-01-21,105524.95635107049,147515.0024245182
2025-01-22,106453.762846737,144709.4027111927
2025-01-23,106556.9553668786,148316.60404900703
2025-01-24,107090.15772893914,148717.39888886604
2025-01-27,106814.96127202996,150721.3969777027
2025-02-05,110891.36107519158,148316.60404900703
2025-02-06,110254.95799139031,148316.60404900703
2025-02-07,110564.56015661248,147915.7972643772
2025-02-10,112250.16100957879,147293.8139220723
2025-02-11,113385.36074712762,147298.38501796272
2025-02-12,112594.16068151483,147408.8711452473
2025-02-13,113144.5617969323,147848.57891774105
2025-02-14,113746.55917242059,153636.1783263676
2025-02-17,111837.3581226159,156736.68768978046
2025-02-18,112886.55589178094,157563.48936533855
2025-02-19,116032.52899558506,161284.07842492984
2025-02-20,117304.2294672247,162317.5897595875
2025-02-21,122249.73317296467,168931.9785234921
2025-02-24,119988.92859132252,166244.8884782784
2025-02-25,120130.23519427738,163557.7861127846
2025-02-26,124934.43229706249,170172.18719696926
2025-02-27,124651.83593542538,170378.88453578876
2025-02-28,118999.8329034563,163144.37911486553
2025-03-03,117728.13243181667,161904.18276166843
2025-03-04,118434.63175804577,162730.98443722652
2025-03-05,119706.3322296854,165211.3894639008
2025-03-06,119988.92859132252,167485.08483147548
2025-03-07,120412.8315559145,166658.2831559174
2025-03-10,117586.83425099812,163351.0887739651
2025-03-11,117869.43061263523,163971.18079042362
2025-03-12,118717.22811968288,163971.18079042362
2025-03-13,117728.13243181667,162110.88010048794
2025-03-14,123521.4336446043,170378.88453578876
2025-03-17,122673.62771542034,169552.08286023067
2025-03-18,126347.43094952068,173686.07891774105
2025-03-19,127901.72778279742,175339.68226885723
2025-03-20,129597.33121902905,175339.68226885723
2025-03-21,123521.4336446043,169138.68818259166
2025-03-24,122814.9343183752,168311.88650703357
2025-03-25,121119.3308821436,165418.0868027203
2025-03-26,121825.83020837269,165831.4814803593
2025-03-27,122250.86183429163,166069.22673934617
2025-03-28,124506.26907229822,169131.03656524338
2025-03-31,125830.86695552271,170929.23369163193
2025-04-01,126618.46961856287,171998.43730682053
2025-04-02,126135.1619708578,171342.32692474045
2025-04-03,127298.66299510401,172921.8283151976
2025-04-07,123414.36285853785,167648.72812980332
2025-04-08,124273.56886744898,168815.13628715195
2025-04-09,125830.86695552271,170929.23369163193
2025-04-10,128551.66606784266,174622.83248656907
2025-04-11,130502.7612197439,177271.52590507187
2025-04-14,131469.36797976893,178583.7350820891
2025-04-15,131433.56203914087,178535.1270174376
2025-04-16,134619.7615611593,182860.5263685576
2025-04-17,135729.56647754114,184367.13304275193
2025-04-18,136051.76873088282,184804.53610175767
2025-04-21,138575.66504359644,188230.8310961119
2025-04-22,143193.86319995325,194500.22859328904
2025-04-23,134566.06545329493,182787.63165229477
2025-04-24,136033.86149287623,184780.22627586045
2025-04-25,135103.06920886438,183516.63675063767
2025-04-28,133939.56818461817,181937.13536018052
2025-04-29,134870.36900401514,183200.73647254624
2025-04-30,134046.96893573203,182082.93637984907
2025-05-06,136570.86524844568,185509.23137420334
2025-05-07,137626.965521578,186942.93174499192
2025-05-08,135586.36832118433,184172.7355455748
2025-05-09,135120.96791148584,183540.93498939194
2025-05-12,132346.4641559164,179774.42989104905
2025-05-13,129357.28408663756,176045.809223047
2025-05-14,130238.68149488456,177562.71552621434
2025-05-15,129651.08906000144,176262.519349447
2025-05-16,129395.43538232916,179296.31903945515
2025-05-19,129395.43538232916,180163.10787974903
2025-05-20,131197.44440456503,187314.21914278576
2025-05-21,131557.839764558,190564.7160428674
2025-05-22,130296.44526382559,187530.91635285923
2025-05-23,129845.94569345587,187964.31077300617
2025-05-26,128494.43624158972,184930.511082998
2025-05-27,126572.22895661065,189264.51986610005
2025-05-28,126581.51461588027,188180.19121275502
2025-05-29,127194.51403127791,187945.89422927456
2025-05-30,126213.7266586888,189351.70406089383
2025-06-03,127807.52806173445,192631.903725725
2025-06-04,129401.31484972121,192866.20070920544
2025-06-05,128910.92116342665,191460.39087758618
2025-06-06,130504.72256647234,191928.99880991536
2025-06-09,130872.52513872267,192631.903725725
2025-06-10,129909.0543189795,193569.0916596468
2025-06-11,130012.9352711013,194271.99657545643
2025-06-12,129574.54091532741,194974.90149126606
2025-06-13,128149.73966105495,193334.79467616635
2025-06-16,127018.48008790512,195677.79244170742
2025-06-17,125949.67792192001,195209.19847474652
2025-06-18,126016.47308030624,197317.89925680714
2025-06-19,125381.87925973434,197083.6022733267
2025-06-20,124897.57454553146,199192.3030553873
2025-06-23,125920.14373461349,201769.59780440884
2025-06-24,127613.9387540017,202238.19177136975
2025-06-25,129872.34333078013,204346.89255343037
2025-06-26,130436.94447497472,206455.593335491
2025-06-27,133824.54292694677,200832.39590511876
2025-06-30,136647.54023472412,200598.0989216383
2025-07-01,136647.54023472412,200063.38429899607
2025-07-02,133259.9417827521,200069.60347707826
2025-07-03,136647.54023472412,200075.82265516045
2025-07-04,134953.7368021403,199599.1799525111
2025-07-07,133824.54292694677,196858.56816247423
2025-07-08,140035.13868669613,204954.56948951204
2025-07-09,140035.13868669613,204954.56948951204
2025-07-10,140035.13868669613,205460.56297496278
2025-07-11,139470.53754250152,203942.5674386354
2025-07-14,139470.53754250152,204954.56948951204
2025-07-15,147939.5378790294,216086.56188920457
2025-07-16,147939.5378790294,214568.56635287718
2025-07-17,153585.54932097543,224688.57178166826
2025-07-18,153020.93976358522,223170.5762453409
2025-07-21,153585.54932097543,224182.5632162424
2025-07-22,153020.93976358522,223170.5762453409
2025-07-23,152456.34703258617,222158.57419446428
2025-07-24,153585.54932097543,222664.56767991502
2025-07-25,153585.54932097543,223676.5697307916
2025-07-28,156408.54662875284,228230.57141974883
2025-07-29,163183.74353269686,235314.57069591005
2025-07-30,163748.3362636958,235314.57069591005
2025-07-31,164877.53855208505,236326.57274678664
2025-08-01,162054.5412443076,231266.56249240358
2025-08-04,163183.74353269686,231772.57105782945
2025-08-05,166006.74084047426,232784.57310870604
2025-08-06,166571.3335714732,233796.5751595827
2025-08-07,166006.74084047426,233290.56659415681
2025-08-08,166006.74084047426,232278.56454328017
2025-08-11,169394.34770564182,238350.56176856474
2025-08-12,175040.3423211967,244422.57407382448
2025-08-13,186332.34837869747,258084.564060721
2025-08-14,181815.53922514064,252518.57540086226
2025-08-15,183509.33424452884,255048.57298806627
2025-08-18,191413.73343686206,265168.56333688216
2025-08-19,198753.5398981963,269722.5650258394
2025-08-20,199318.13262919534,272252.56261304335
2025-08-21,197624.33760980715,271746.5691275926
2025-08-22,204964.14407114137,282878.5766072603
2025-08-25,219079.14743641962,297046.57515958266
2025-08-26,214562.3382828628,297552.5686450334
2025-08-27,220208.33289841755,300082.5662322374
2025-08-28,240533.94043664087,322346.5811915727
2025-08-29,240533.94043664087,326394.5592351289
2025-09-01,254648.94380191906,342080.5684037538
2025-09-02,239969.34770564182,322852.57467702345
2025-09-03,244486.14003280742,326900.5828805299
2025-09-04,221902.14474419702,299576.57274678664
2025-09-05,237146.3335714732,319310.55995896773
2025-09-08,225289.73478297336,309190.5696101518
2025-09-09,220772.94245580776,302612.56381944136
2025-09-10,230935.74622491945,314250.56478455977
2025-09-11,254084.33424452884,345622.5831218095
2025-09-12,246744.54460958584,340056.56430200057
2025-09-15,242792.34501341928,337526.5667147966
2025-09-16,244486.14003280742,338538.58384564833
2025-09-17,245050.73276380647,340562.5577874513
2025-09-18,250132.1346483623,344610.5659909578
2025-09-19,252390.53922514064,349164.567679915
2025-09-22,255213.5365329181,359790.5816741319
2025-09-23,257471.94110969652,361308.56213048415
2025-09-24,255778.14609030832,362320.5792613359
2025-09-25,261424.14070586307,367380.57443574385
2025-09-26,253519.7415135299,353718.5693688722
2025-09-29,256907.34837869747,361814.5556159349
2025-09-30,251825.94649414165,358778.56454328017
2025-10-09,254084.33424452884,362826.57274678664
2025-10-10,254267.08356613584,350682.5782962175
2025-10-13,254267.08356613584,343092.5553746553
2025-10-14,254267.08356613584,323358.5681624742
2025-10-15,254267.08356613584,332972.5650258394
2025-10-16,254267.08356613584,335502.56261304335
2025-10-17,254267.08356613584,321334.56406072096
2025-10-20,254267.08356613584,331960.5780549379
2025-10-21,254267.08356613584,352706.5823979707
2025-10-22,254267.08356613584,350176.5546508165
2025-10-23,254267.08356613584,343598.5790200563
2025-10-24,254267.08356613584,362320.5792613359
2025-10-27,254267.08356613584,381042.5795026155
2025-10-28,254267.08356613584,381548.57298806624
2025-10-29,254267.08356613584,387114.56164792494
2025-10-30,254267.08356613584,374464.57371190505
2025-10-31,254267.08356613584,356248.5669560762
2025-11-03,254267.08356613584,353188.1556979886
2025-11-04,254267.08356613584,353199.1325473036
2025-11-05,254267.08356613584,353210.1093966187
2025-11-06,254267.08356613584,353221.0862459337
2025-11-07,254267.08356613584,353232.06309524877
2025-11-10,254267.08356613584,353272.05364319397
2025-11-11,254267.08356613584,353283.030492509
2025-11-12,254267.08356613584,353294.00734182406
2025-11-13,254267.08356613584,353304.9841911391
2025-11-14,254267.08356613584,353315.96104045416
2025-11-17,254267.08356613584,353355.95158839936
2025-11-18,254267.08356613584,353366.9284377144
2025-11-19,254267.08356613584,353377.90528702945
2025-11-20,254267.08356613584,353388.8821363445
2025-11-21,254267.08356613584,353399.85898565955
2025-11-24,251455.06761549946,353439.84953360475
2025-11-25,254233.473246088,353450.8263829198
2025-11-26,252844.27043079372,353461.80323223484
2025-11-27,251936.76831006192,353472.7800815499
2025-11-28,253527.07278012412,353483.75693086494
2025-12-01,256149.66894864224,353523.74747881014
2025-12-02,254782.57490872525,353534.7243281252
2025-12-03,254336.15404843472,353545.70117744023
2025-12-04,253443.36554288058,353556.6780267553
2025-12-05,255452.15298413418,353567.65487607033
2025-12-08,254726.75234555386,353607.6454240155
2025-12-09,252941.1487269321,353618.6222733306
2025-12-10,254457.04149199228,353629.5991226456
2025-12-11,249038.8896308504,353640.5759719607
2025-12-12,248337.4651213029,353651.5528212757
2025-12-15,249376.17247609247,353691.5433692209
2025-12-16,246423.5708525573,353702.52021853597
2025-12-17,248285.58810261835,353713.497067851
2025-12-18,248498.37267903442,354713.11104269896
2025-12-19,248365.36963490595,358368.09012862126
2025-12-22,253632.16841725458,359099.1068598834
2025-12-23,257343.77661613913,359042.522245673
2025-12-24,261615.5803766677,359053.68567033054
2025-12-25,263915.7703485915,363559.34258189396
2025-12-26,269501.9767728278,365107.7457198162
2025-12-29,266215.9799066016,362010.9394439716
2025-12-30,271473.57097534626,358139.9431356449
2025-12-31,270816.3794365355,357752.8481194038
2026-01-05,273773.78053335636,370914.24018230627
2026-01-06,284288.98225693195,384849.84535064886
2026-01-07,282974.5795932242,381365.9440585632
2026-01-08,280017.1784964034,368978.7420281429
2026-01-09,280674.3700352141,367043.24387397955
2026-01-12,278045.5842938849,366656.1488577384
2026-01-13,279688.582726998,366879.43428851105
2026-01-14,281331.5811601111,366890.8153844015
2026-01-15,284288.98225693195,366902.1964802919
2026-01-16,282317.3880544135,366913.5775761823
2026-01-19,291518.18711428135,366955.04086385353
2026-01-20,295789.97128872364,366966.42195974395
2026-01-21,297761.5850773284,366977.8030556344
2026-01-22,301704.7734823654,366989.1841515248
2026-01-23,304333.57880978077,367000.5652474152
2026-01-26,303347.7719154785,367042.0285350864
2026-01-27,299733.17927984684,367053.44072686724
2026-01-28,299283.7623655639,367064.85291864804
2026-01-29,299283.7623655639,367076.26511042885
2026-01-30,299283.7623655639,367087.67730220966
2026-02-02,299283.7623655639,367129.2538775521
2026-02-03,308611.6333544633,367140.6660693329
2026-02-04,306902.91122479097,367152.0782611137
2026-02-05,306902.91122479097,367163.49045289453
2026-02-06,306179.1860916264,367174.90264467534
2026-02-09,313631.26922687405,367216.4792200178
2026-02-10,313631.26922687405,367227.8914117986
2026-02-11,313631.26922687405,367239.3036035794
2026-02-12,313631.26922687405,367250.7157953602
2026-02-13,310196.50333962386,367262.127987141
2026-02-24,315060.40488567046,367424.36209673004
2026-02-25,315060.40488567046,367435.77428851085
2026-02-26,315060.40488567046,367447.18648029165
2026-02-27,315060.40488567046,367458.59867207246
2026-03-02,315060.40488567046,367500.1752474149
2026-03-03,315060.40488567046,367511.5874391957
2026-03-04,315060.40488567046,367522.9996309765
2026-03-05,315060.40488567046,367534.41182275733
2026-03-06,314588.4264417595,367545.82401453814
2026-03-09,305302.04221686785,367587.4005898806
2026-03-10,312865.2687940751,367598.8127816614
2026-03-11,308311.2533960496,367610.2249734422
2026-03-12,304411.98945646465,367621.637165223
2026-03-13,313125.7105101205,367633.0493570038
2026-03-16,305166.60845170985,367674.6259323463
2026-03-17,303547.7971304513,367686.0381241271
2026-03-18,303682.68735300074,367697.4503159079
2026-03-19,302738.39146982203,367708.8625076887
2026-03-20,297477.2868383981,367812.4430911269
2026-03-23,300849.7997034646,360096.42745420604
2026-03-24,302468.61102472316,374242.4369590011
2026-03-25,291271.8863237954,385816.4412514892
2026-03-26,291541.6989315606,382279.92929384386
2026-03-27,286280.59430013667,378421.94063827663
2026-03-30,288034.29584394465,364275.93113348156
2026-03-31,279265.78812490474,354630.94033167034
2026-04-01,275353.68220697413,354630.94033167034
2026-04-02,275155.12691002147,353136.0858888369
2026-04-03,271351.7254994418,353147.06273815193
2026-04-07,272725.84764003597,353201.5601354122
2026-04-08,292799.4518423065,367357.9011365924
2026-04-09,293778.66841792903,371242.3025772128
2026-04-10,299164.2574453338,383327.1013423953
2026-04-13,297695.447173117,385053.5048410449
2026-04-14,303570.6590795501,394117.0910522495
2026-04-15,298674.6637487396,386779.9083396945
2026-04-16,309445.87098598323,398433.08693619113
2026-04-17,324623.4506750091,415265.5017540011
2026-04-20,328540.2586126312,421739.4955799136
2026-04-21,327561.0712194427,422602.68446655606
2026-04-22,346165.8651494964,445477.4729415927
2026-04-23,341759.4635152801,441593.09722633695
2026-04-24,328050.66491603694,426055.49146385526
2026-04-27,331967.44367122493,434255.914513782
2026-04-28,325113.04437160335,426055.49146385526
2026-04-29,325113.04437160335,427781.8949625049
2026-04-30,323644.26328182063,426918.7060758624
2026-05-06,330988.25627803645,436845.4811737094
2026-05-07,346165.8651494964,455404.27376480435
2026-05-08,350082.6439046844,456699.0828201327
2026-05-11,363301.8488073333,474826.30669327115
2026-05-12,367708.25044154964,479142.3025772128
2026-05-13,381417.0490407928,498995.90422363614
2026-05-14,377989.86398219905,489069.1034004245
2026-05-15,367218.6567449554,478279.11369057035
2026-05-18,371625.0583791717,486911.10545845365
2026-05-19,370156.2481069549,488205.914513782
2026-05-20,368670.1797204751,491658.7215110812
2026-05-21,375401.3790326851,471805.11986465787
2026-05-22,381892.19576890644,497701.0951683078
2026-05-25,395594.9769693154,520144.31492538785
2026-05-26,388142.5726133126,521007.5038120303
2026-05-27,396556.59324701,516691.50792808866
2026-05-28,395835.38820321736,531365.8733531986
2026-05-29,407374.5829301613,518849.5058700595
2026-06-01,424202.59553964314,498995.90422363614
2026-06-02,417230.9849935311,527481.4976379428
2026-06-03,410499.785681321,548629.9083396945
2026-06-04,402326.17628152546,552514.2840549502
2026-06-05,394633.3893495339,532229.1136905703
2026-06-08,377324.5829301613,513238.7009307896
2026-06-09,394743.38719077926,541292.6741764102
2026-06-10,377748.7069660139,521439.07252998685
2026-06-11,378419.89832458016,512807.08076210355
2026-06-12,384796.3162475538,510217.5141021762
2026-06-15,411140.88712272164,546040.2902290378
2026-06-16,412315.5220085096,558988.2778808627
2026-06-17,412818.9255290937,575389.0725299868
2026-06-18,424397.126489253,596969.1034004245
2026-06-22,437485.49800452706,607327.4729415927
2026-06-23,410805.3114467573,579273.4996959718
2026-06-24,414329.09608420846,598695.4811737094
2026-06-25,435304.09608420846,621138.7009307896
2026-06-26,423390.3194480848,586610.6824085269
2026-06-29,417517.3050456953,577978.6906406436
2026-06-30,422551.30024489877,576250.1356836886
2026-07-01,416174.9223285627,576268.0469165653
2026-07-02,400737.3210483503,576285.958149442
2026-07-03,410134.120088191,576303.8693823187
2026-07-06,414664.7117668104,576369.1230809488
2026-07-07,404596.7213684034,576387.0343138255
2026-07-08,393354.09608420846,576404.9455467022
2026-07-09,404194.26982831984,576422.856779579
2026-07-10,396340.28583002114,576440.7680124557
2026-07-13,392056.2984271052,572462.2311603695
2026-07-14,393468.12719487987,568428.3459231514
2026-07-15,397560.0001663612,568446.0083889047
2026-07-16,382471.14461101516,568463.6708546581
2026-07-17,378021.1276356123,568481.3333204115
2026-07-20,388167.1561542891,575061.0464961284
2026-07-21,391193.1490246199,579178.5355690641
2026-07-22,394041.15479625686,583396.1441162748
2026-07-23,399381.149703636,591304.1365746183
2026-07-24,407747.13748134597,603693.3184746427
2026-07-27,401339.1351047896,594203.714955203
