signal_date,main_strategy_target,expanded_strategy_target,state,expanded_target_is_new_etf,combined_target_count
2018-07-02,CASH,CASH,both_cash,False,0
2018-07-03,CASH,CASH,both_cash,False,0
2018-07-04,CASH,CASH,both_cash,False,0
2018-07-05,CASH,CASH,both_cash,False,0
2018-07-06,CASH,CASH,both_cash,False,0
2018-07-09,CASH,CASH,both_cash,False,0
2018-07-10,CASH,CASH,both_cash,False,0
2018-07-11,CASH,CASH,both_cash,False,0
2018-07-12,CASH,CASH,both_cash,False,0
2018-07-13,CASH,CASH,both_cash,False,0
2018-07-16,CASH,CASH,both_cash,False,0
2018-07-17,CASH,CASH,both_cash,False,0
2018-07-18,CASH,CASH,both_cash,False,0
2018-07-19,CASH,CASH,both_cash,False,0
2018-07-20,CASH,CASH,both_cash,False,0
2018-07-23,CASH,CASH,both_cash,False,0
2018-07-24,CASH,CASH,both_cash,False,0
2018-07-25,CASH,CASH,both_cash,False,0
2018-07-26,CASH,CASH,both_cash,False,0
2018-07-27,CASH,CASH,both_cash,False,0
2018-07-30,CASH,CASH,both_cash,False,0
2018-07-31,CASH,CASH,both_cash,False,0
2018-08-01,CASH,CASH,both_cash,False,0
2018-08-02,CASH,CASH,both_cash,False,0
2018-08-03,CASH,CASH,both_cash,False,0
2018-08-06,CASH,CASH,both_cash,False,0
2018-08-07,CASH,CASH,both_cash,False,0
2018-08-08,CASH,CASH,both_cash,False,0
2018-08-09,CASH,CASH,both_cash,False,0
2018-08-10,CASH,CASH,both_cash,False,0
2018-08-13,CASH,CASH,both_cash,False,0
2018-08-14,CASH,CASH,both_cash,False,0
2018-08-15,CASH,CASH,both_cash,False,0
2018-08-16,CASH,CASH,both_cash,False,0
2018-08-17,CASH,CASH,both_cash,False,0
2018-08-20,CASH,CASH,both_cash,False,0
2018-08-21,CASH,CASH,both_cash,False,0
2018-08-22,CASH,CASH,both_cash,False,0
2018-08-23,CASH,CASH,both_cash,False,0
2018-08-24,CASH,CASH,both_cash,False,0
2018-08-27,CASH,CASH,both_cash,False,0
2018-08-28,CASH,CASH,both_cash,False,0
2018-08-29,CASH,CASH,both_cash,False,0
2018-08-30,CASH,CASH,both_cash,False,0
2018-08-31,CASH,CASH,both_cash,False,0
2018-09-03,CASH,CASH,both_cash,False,0
2018-09-04,CASH,CASH,both_cash,False,0
2018-09-05,CASH,CASH,both_cash,False,0
2018-09-06,CASH,CASH,both_cash,False,0
2018-09-07,CASH,CASH,both_cash,False,0
2018-09-10,CASH,CASH,both_cash,False,0
2018-09-11,CASH,CASH,both_cash,False,0
2018-09-12,CASH,CASH,both_cash,False,0
2018-09-13,CASH,CASH,both_cash,False,0
2018-09-14,CASH,CASH,both_cash,False,0
2018-09-17,CASH,CASH,both_cash,False,0
2018-09-18,CASH,CASH,both_cash,False,0
2018-09-19,CASH,CASH,both_cash,False,0
2018-09-20,512800.SH,512800.SH,same_etf,False,1
2018-09-21,512800.SH,512800.SH,same_etf,False,1
2018-09-25,512800.SH,512800.SH,same_etf,False,1
2018-09-26,512800.SH,512800.SH,same_etf,False,1
2018-09-27,512800.SH,512800.SH,same_etf,False,1
2018-09-28,512800.SH,512800.SH,same_etf,False,1
2018-10-08,512800.SH,512800.SH,same_etf,False,1
2018-10-09,512800.SH,512800.SH,same_etf,False,1
2018-10-10,512800.SH,512800.SH,same_etf,False,1
2018-10-11,CASH,CASH,both_cash,False,0
2018-10-12,CASH,CASH,both_cash,False,0
2018-10-15,CASH,CASH,both_cash,False,0
2018-10-16,CASH,CASH,both_cash,False,0
2018-10-17,CASH,CASH,both_cash,False,0
2018-10-18,CASH,CASH,both_cash,False,0
2018-10-19,CASH,CASH,both_cash,False,0
2018-10-22,CASH,CASH,both_cash,False,0
2018-10-23,CASH,CASH,both_cash,False,0
2018-10-24,CASH,CASH,both_cash,False,0
2018-10-25,CASH,CASH,both_cash,False,0
2018-10-26,CASH,CASH,both_cash,False,0
2018-10-29,CASH,CASH,both_cash,False,0
2018-10-30,CASH,CASH,both_cash,False,0
2018-10-31,CASH,CASH,both_cash,False,0
2018-11-01,CASH,CASH,both_cash,False,0
2018-11-02,CASH,CASH,both_cash,False,0
2018-11-05,512800.SH,512800.SH,same_etf,False,1
2018-11-06,512800.SH,512800.SH,same_etf,False,1
2018-11-07,512800.SH,512800.SH,same_etf,False,1
2018-11-08,512800.SH,512800.SH,same_etf,False,1
2018-11-09,CASH,CASH,both_cash,False,0
2018-11-12,CASH,CASH,both_cash,False,0
2018-11-13,CASH,CASH,both_cash,False,0
2018-11-14,CASH,CASH,both_cash,False,0
2018-11-15,CASH,CASH,both_cash,False,0
2018-11-16,CASH,CASH,both_cash,False,0
2018-11-19,CASH,CASH,both_cash,False,0
2018-11-20,CASH,CASH,both_cash,False,0
2018-11-21,CASH,CASH,both_cash,False,0
2018-11-22,CASH,CASH,both_cash,False,0
2018-11-23,CASH,CASH,both_cash,False,0
2018-11-26,CASH,CASH,both_cash,False,0
2018-11-27,CASH,CASH,both_cash,False,0
2018-11-28,CASH,CASH,both_cash,False,0
2018-11-29,CASH,CASH,both_cash,False,0
2018-11-30,CASH,CASH,both_cash,False,0
2018-12-03,CASH,CASH,both_cash,False,0
2018-12-04,CASH,CASH,both_cash,False,0
2018-12-05,CASH,CASH,both_cash,False,0
2018-12-06,CASH,CASH,both_cash,False,0
2018-12-07,CASH,CASH,both_cash,False,0
2018-12-10,CASH,CASH,both_cash,False,0
2018-12-11,CASH,CASH,both_cash,False,0
2018-12-12,CASH,CASH,both_cash,False,0
2018-12-13,CASH,CASH,both_cash,False,0
2018-12-14,CASH,CASH,both_cash,False,0
2018-12-17,CASH,CASH,both_cash,False,0
2018-12-18,CASH,CASH,both_cash,False,0
2018-12-19,CASH,CASH,both_cash,False,0
2018-12-20,CASH,CASH,both_cash,False,0
2018-12-21,CASH,CASH,both_cash,False,0
2018-12-24,CASH,CASH,both_cash,False,0
2018-12-25,CASH,CASH,both_cash,False,0
2018-12-26,CASH,CASH,both_cash,False,0
2018-12-27,CASH,CASH,both_cash,False,0
2018-12-28,CASH,CASH,both_cash,False,0
2019-01-02,CASH,CASH,both_cash,False,0
2019-01-03,CASH,CASH,both_cash,False,0
2019-01-04,CASH,CASH,both_cash,False,0
2019-01-07,CASH,CASH,both_cash,False,0
2019-01-08,CASH,CASH,both_cash,False,0
2019-01-09,CASH,CASH,both_cash,False,0
2019-01-10,CASH,CASH,both_cash,False,0
2019-01-11,CASH,CASH,both_cash,False,0
2019-01-14,CASH,CASH,both_cash,False,0
2019-01-15,CASH,CASH,both_cash,False,0
2019-01-16,CASH,CASH,both_cash,False,0
2019-01-17,CASH,CASH,both_cash,False,0
2019-01-18,CASH,CASH,both_cash,False,0
2019-01-21,CASH,CASH,both_cash,False,0
2019-01-22,CASH,CASH,both_cash,False,0
2019-01-23,CASH,CASH,both_cash,False,0
2019-01-24,CASH,CASH,both_cash,False,0
2019-01-25,510880.SH,510880.SH,same_etf,False,1
2019-01-28,510880.SH,510880.SH,same_etf,False,1
2019-01-29,510880.SH,510880.SH,same_etf,False,1
2019-01-30,510880.SH,510880.SH,same_etf,False,1
2019-01-31,510880.SH,510880.SH,same_etf,False,1
2019-02-01,510880.SH,510880.SH,same_etf,False,1
2019-02-11,510880.SH,510880.SH,same_etf,False,1
2019-02-12,510880.SH,510880.SH,same_etf,False,1
2019-02-13,510880.SH,510880.SH,same_etf,False,1
2019-02-14,510880.SH,510880.SH,same_etf,False,1
2019-02-15,510880.SH,510880.SH,same_etf,False,1
2019-02-18,510880.SH,510880.SH,same_etf,False,1
2019-02-19,510880.SH,510880.SH,same_etf,False,1
2019-02-20,510880.SH,510880.SH,same_etf,False,1
2019-02-21,510880.SH,510880.SH,same_etf,False,1
2019-02-22,CASH,CASH,both_cash,False,0
2019-02-25,CASH,CASH,both_cash,False,0
2019-02-26,CASH,CASH,both_cash,False,0
2019-02-27,CASH,CASH,both_cash,False,0
2019-02-28,CASH,CASH,both_cash,False,0
2019-03-01,CASH,CASH,both_cash,False,0
2019-03-04,CASH,CASH,both_cash,False,0
2019-03-05,CASH,CASH,both_cash,False,0
2019-03-06,CASH,CASH,both_cash,False,0
2019-03-07,CASH,CASH,both_cash,False,0
2019-03-08,CASH,CASH,both_cash,False,0
2019-03-11,CASH,CASH,both_cash,False,0
2019-03-12,CASH,CASH,both_cash,False,0
2019-03-13,CASH,CASH,both_cash,False,0
2019-03-14,CASH,CASH,both_cash,False,0
2019-03-15,CASH,CASH,both_cash,False,0
2019-03-18,CASH,CASH,both_cash,False,0
2019-03-19,CASH,CASH,both_cash,False,0
2019-03-20,CASH,CASH,both_cash,False,0
2019-03-21,CASH,CASH,both_cash,False,0
2019-03-22,CASH,CASH,both_cash,False,0
2019-03-25,CASH,CASH,both_cash,False,0
2019-03-26,CASH,CASH,both_cash,False,0
2019-03-27,CASH,CASH,both_cash,False,0
2019-03-28,CASH,CASH,both_cash,False,0
2019-03-29,CASH,CASH,both_cash,False,0
2019-04-01,CASH,CASH,both_cash,False,0
2019-04-02,CASH,CASH,both_cash,False,0
2019-04-03,CASH,CASH,both_cash,False,0
2019-04-04,CASH,CASH,both_cash,False,0
2019-04-08,CASH,CASH,both_cash,False,0
2019-04-09,CASH,CASH,both_cash,False,0
2019-04-10,CASH,CASH,both_cash,False,0
2019-04-11,CASH,CASH,both_cash,False,0
2019-04-12,CASH,CASH,both_cash,False,0
2019-04-15,CASH,CASH,both_cash,False,0
2019-04-16,CASH,CASH,both_cash,False,0
2019-04-17,CASH,CASH,both_cash,False,0
2019-04-18,CASH,CASH,both_cash,False,0
2019-04-19,CASH,CASH,both_cash,False,0
2019-04-22,CASH,CASH,both_cash,False,0
2019-04-23,CASH,CASH,both_cash,False,0
2019-04-24,CASH,CASH,both_cash,False,0
2019-04-25,CASH,CASH,both_cash,False,0
2019-04-26,CASH,CASH,both_cash,False,0
2019-04-29,CASH,CASH,both_cash,False,0
2019-04-30,CASH,CASH,both_cash,False,0
2019-05-06,CASH,CASH,both_cash,False,0
2019-05-07,CASH,CASH,both_cash,False,0
2019-05-08,CASH,CASH,both_cash,False,0
2019-05-09,CASH,CASH,both_cash,False,0
2019-05-10,CASH,CASH,both_cash,False,0
2019-05-13,CASH,CASH,both_cash,False,0
2019-05-14,CASH,CASH,both_cash,False,0
2019-05-15,CASH,CASH,both_cash,False,0
2019-05-16,CASH,CASH,both_cash,False,0
2019-05-17,513500.SH,513500.SH,same_etf,False,1
2019-05-20,513500.SH,513500.SH,same_etf,False,1
2019-05-21,513500.SH,513500.SH,same_etf,False,1
2019-05-22,513500.SH,513500.SH,same_etf,False,1
2019-05-23,513500.SH,513500.SH,same_etf,False,1
2019-05-24,CASH,CASH,both_cash,False,0
2019-05-27,CASH,CASH,both_cash,False,0
2019-05-28,CASH,CASH,both_cash,False,0
2019-05-29,CASH,CASH,both_cash,False,0
2019-05-30,CASH,CASH,both_cash,False,0
2019-05-31,CASH,CASH,both_cash,False,0
2019-06-03,CASH,CASH,both_cash,False,0
2019-06-04,CASH,CASH,both_cash,False,0
2019-06-05,CASH,CASH,both_cash,False,0
2019-06-06,CASH,CASH,both_cash,False,0
2019-06-10,CASH,CASH,both_cash,False,0
2019-06-11,CASH,CASH,both_cash,False,0
2019-06-12,513500.SH,513500.SH,same_etf,False,1
2019-06-13,513500.SH,513500.SH,same_etf,False,1
2019-06-14,513500.SH,513500.SH,same_etf,False,1
2019-06-17,513500.SH,513500.SH,same_etf,False,1
2019-06-18,513500.SH,513500.SH,same_etf,False,1
2019-06-19,CASH,CASH,both_cash,False,0
2019-06-20,CASH,CASH,both_cash,False,0
2019-06-21,CASH,CASH,both_cash,False,0
2019-06-24,CASH,CASH,both_cash,False,0
2019-06-25,CASH,CASH,both_cash,False,0
2019-06-26,CASH,CASH,both_cash,False,0
2019-06-27,CASH,CASH,both_cash,False,0
2019-06-28,CASH,CASH,both_cash,False,0
2019-07-01,513500.SH,513500.SH,same_etf,False,1
2019-07-02,513500.SH,513500.SH,same_etf,False,1
2019-07-03,513500.SH,513500.SH,same_etf,False,1
2019-07-04,513500.SH,513500.SH,same_etf,False,1
2019-07-05,513500.SH,513500.SH,same_etf,False,1
2019-07-08,CASH,CASH,both_cash,False,0
2019-07-09,CASH,CASH,both_cash,False,0
2019-07-10,CASH,CASH,both_cash,False,0
2019-07-11,CASH,CASH,both_cash,False,0
2019-07-12,CASH,CASH,both_cash,False,0
2019-07-15,CASH,CASH,both_cash,False,0
2019-07-16,513500.SH,513500.SH,same_etf,False,1
2019-07-17,513500.SH,513500.SH,same_etf,False,1
2019-07-18,513500.SH,513500.SH,same_etf,False,1
2019-07-19,513500.SH,513500.SH,same_etf,False,1
2019-07-22,513500.SH,513500.SH,same_etf,False,1
2019-07-23,513500.SH,513500.SH,same_etf,False,1
2019-07-24,513500.SH,513500.SH,same_etf,False,1
2019-07-25,513500.SH,513500.SH,same_etf,False,1
2019-07-26,513500.SH,513500.SH,same_etf,False,1
2019-07-29,513500.SH,513500.SH,same_etf,False,1
2019-07-30,513500.SH,513500.SH,same_etf,False,1
2019-07-31,513500.SH,513500.SH,same_etf,False,1
2019-08-01,CASH,CASH,both_cash,False,0
2019-08-02,CASH,CASH,both_cash,False,0
2019-08-05,CASH,CASH,both_cash,False,0
2019-08-06,CASH,CASH,both_cash,False,0
2019-08-07,CASH,CASH,both_cash,False,0
2019-08-08,CASH,CASH,both_cash,False,0
2019-08-09,CASH,CASH,both_cash,False,0
2019-08-12,CASH,CASH,both_cash,False,0
2019-08-13,CASH,CASH,both_cash,False,0
2019-08-14,CASH,CASH,both_cash,False,0
2019-08-15,CASH,CASH,both_cash,False,0
2019-08-16,CASH,CASH,both_cash,False,0
2019-08-19,159915.SZ,159915.SZ,same_etf,False,1
2019-08-20,159915.SZ,159915.SZ,same_etf,False,1
2019-08-21,159915.SZ,159915.SZ,same_etf,False,1
2019-08-22,159915.SZ,159915.SZ,same_etf,False,1
2019-08-23,159915.SZ,159915.SZ,same_etf,False,1
2019-08-26,159915.SZ,159915.SZ,same_etf,False,1
2019-08-27,159915.SZ,159915.SZ,same_etf,False,1
2019-08-28,159915.SZ,159915.SZ,same_etf,False,1
2019-08-29,CASH,CASH,both_cash,False,0
2019-08-30,CASH,CASH,both_cash,False,0
2019-09-02,CASH,CASH,both_cash,False,0
2019-09-03,CASH,CASH,both_cash,False,0
2019-09-04,CASH,CASH,both_cash,False,0
2019-09-05,CASH,CASH,both_cash,False,0
2019-09-06,159915.SZ,159915.SZ,same_etf,False,1
2019-09-09,159915.SZ,159915.SZ,same_etf,False,1
2019-09-10,159915.SZ,159915.SZ,same_etf,False,1
2019-09-11,159915.SZ,159915.SZ,same_etf,False,1
2019-09-12,159915.SZ,159915.SZ,same_etf,False,1
2019-09-16,159915.SZ,159915.SZ,same_etf,False,1
2019-09-17,159915.SZ,159915.SZ,same_etf,False,1
2019-09-18,159915.SZ,159915.SZ,same_etf,False,1
2019-09-19,159915.SZ,159915.SZ,same_etf,False,1
2019-09-20,159915.SZ,159915.SZ,same_etf,False,1
2019-09-23,159915.SZ,159915.SZ,same_etf,False,1
2019-09-24,159915.SZ,159915.SZ,same_etf,False,1
2019-09-25,159915.SZ,159915.SZ,same_etf,False,1
2019-09-26,513500.SH,513500.SH,same_etf,False,1
2019-09-27,513500.SH,513500.SH,same_etf,False,1
2019-09-30,513500.SH,513500.SH,same_etf,False,1
2019-10-08,513500.SH,513500.SH,same_etf,False,1
2019-10-09,CASH,CASH,both_cash,False,0
2019-10-10,CASH,CASH,both_cash,False,0
2019-10-11,CASH,CASH,both_cash,False,0
2019-10-14,CASH,CASH,both_cash,False,0
2019-10-15,CASH,CASH,both_cash,False,0
2019-10-16,CASH,CASH,both_cash,False,0
2019-10-17,CASH,CASH,both_cash,False,0
2019-10-18,CASH,CASH,both_cash,False,0
2019-10-21,CASH,CASH,both_cash,False,0
2019-10-22,CASH,CASH,both_cash,False,0
2019-10-23,CASH,CASH,both_cash,False,0
2019-10-24,CASH,CASH,both_cash,False,0
2019-10-25,CASH,CASH,both_cash,False,0
2019-10-28,CASH,CASH,both_cash,False,0
2019-10-29,CASH,CASH,both_cash,False,0
2019-10-30,CASH,CASH,both_cash,False,0
2019-10-31,159915.SZ,159915.SZ,same_etf,False,1
2019-11-01,159915.SZ,159915.SZ,same_etf,False,1
2019-11-04,159915.SZ,159915.SZ,same_etf,False,1
2019-11-05,159915.SZ,159915.SZ,same_etf,False,1
2019-11-06,159915.SZ,159915.SZ,same_etf,False,1
2019-11-07,159915.SZ,159915.SZ,same_etf,False,1
2019-11-08,159915.SZ,159915.SZ,same_etf,False,1
2019-11-11,159915.SZ,159915.SZ,same_etf,False,1
2019-11-12,159915.SZ,159915.SZ,same_etf,False,1
2019-11-13,159915.SZ,159915.SZ,same_etf,False,1
2019-11-14,159915.SZ,159915.SZ,same_etf,False,1
2019-11-15,CASH,CASH,both_cash,False,0
2019-11-18,513500.SH,513500.SH,same_etf,False,1
2019-11-19,513500.SH,513500.SH,same_etf,False,1
2019-11-20,513500.SH,513500.SH,same_etf,False,1
2019-11-21,513500.SH,513500.SH,same_etf,False,1
2019-11-22,513500.SH,513500.SH,same_etf,False,1
2019-11-25,513500.SH,513500.SH,same_etf,False,1
2019-11-26,513500.SH,513500.SH,same_etf,False,1
2019-11-27,513500.SH,513500.SH,same_etf,False,1
2019-11-28,513500.SH,513500.SH,same_etf,False,1
2019-11-29,513500.SH,513500.SH,same_etf,False,1
2019-12-02,513500.SH,513500.SH,same_etf,False,1
2019-12-03,513500.SH,513500.SH,same_etf,False,1
2019-12-04,513500.SH,513500.SH,same_etf,False,1
2019-12-05,513500.SH,513500.SH,same_etf,False,1
2019-12-06,513500.SH,513500.SH,same_etf,False,1
2019-12-09,513500.SH,513500.SH,same_etf,False,1
2019-12-10,513500.SH,513500.SH,same_etf,False,1
2019-12-11,513500.SH,513500.SH,same_etf,False,1
2019-12-12,513500.SH,513500.SH,same_etf,False,1
2019-12-13,513500.SH,513500.SH,same_etf,False,1
2019-12-16,CASH,CASH,both_cash,False,0
2019-12-17,CASH,CASH,both_cash,False,0
2019-12-18,CASH,CASH,both_cash,False,0
2019-12-19,512800.SH,512800.SH,same_etf,False,1
2019-12-20,512800.SH,512800.SH,same_etf,False,1
2019-12-23,512800.SH,512800.SH,same_etf,False,1
2019-12-24,512800.SH,512800.SH,same_etf,False,1
2019-12-25,512800.SH,512800.SH,same_etf,False,1
2019-12-26,159915.SZ,159915.SZ,same_etf,False,1
2019-12-27,159915.SZ,159915.SZ,same_etf,False,1
2019-12-30,159915.SZ,159915.SZ,same_etf,False,1
2019-12-31,159915.SZ,159915.SZ,same_etf,False,1
2020-01-02,159915.SZ,159915.SZ,same_etf,False,1
2020-01-03,CASH,CASH,both_cash,False,0
2020-01-06,CASH,CASH,both_cash,False,0
2020-01-07,CASH,CASH,both_cash,False,0
2020-01-08,CASH,CASH,both_cash,False,0
2020-01-09,CASH,CASH,both_cash,False,0
2020-01-10,CASH,CASH,both_cash,False,0
2020-01-13,CASH,CASH,both_cash,False,0
2020-01-14,CASH,CASH,both_cash,False,0
2020-01-15,CASH,CASH,both_cash,False,0
2020-01-16,CASH,CASH,both_cash,False,0
2020-01-17,CASH,CASH,both_cash,False,0
2020-01-20,CASH,CASH,both_cash,False,0
2020-01-21,CASH,CASH,both_cash,False,0
2020-01-22,CASH,CASH,both_cash,False,0
2020-01-23,CASH,CASH,both_cash,False,0
2020-02-03,CASH,CASH,both_cash,False,0
2020-02-04,CASH,CASH,both_cash,False,0
2020-02-05,CASH,CASH,both_cash,False,0
2020-02-06,CASH,CASH,both_cash,False,0
2020-02-07,CASH,CASH,both_cash,False,0
2020-02-10,CASH,CASH,both_cash,False,0
2020-02-11,CASH,CASH,both_cash,False,0
2020-02-12,CASH,CASH,both_cash,False,0
2020-02-13,CASH,CASH,both_cash,False,0
2020-02-14,CASH,CASH,both_cash,False,0
2020-02-17,CASH,CASH,both_cash,False,0
2020-02-18,CASH,CASH,both_cash,False,0
2020-02-19,CASH,CASH,both_cash,False,0
2020-02-20,CASH,CASH,both_cash,False,0
2020-02-21,CASH,CASH,both_cash,False,0
2020-02-24,CASH,CASH,both_cash,False,0
2020-02-25,CASH,CASH,both_cash,False,0
2020-02-26,CASH,CASH,both_cash,False,0
2020-02-27,CASH,CASH,both_cash,False,0
2020-02-28,CASH,CASH,both_cash,False,0
2020-03-02,CASH,CASH,both_cash,False,0
2020-03-03,CASH,CASH,both_cash,False,0
2020-03-04,CASH,CASH,both_cash,False,0
2020-03-05,CASH,CASH,both_cash,False,0
2020-03-06,CASH,CASH,both_cash,False,0
2020-03-09,CASH,CASH,both_cash,False,0
2020-03-10,CASH,CASH,both_cash,False,0
2020-03-11,CASH,CASH,both_cash,False,0
2020-03-12,CASH,CASH,both_cash,False,0
2020-03-13,CASH,CASH,both_cash,False,0
2020-03-16,CASH,CASH,both_cash,False,0
2020-03-17,CASH,CASH,both_cash,False,0
2020-03-18,CASH,CASH,both_cash,False,0
2020-03-19,CASH,CASH,both_cash,False,0
2020-03-20,CASH,CASH,both_cash,False,0
2020-03-23,CASH,CASH,both_cash,False,0
2020-03-24,CASH,CASH,both_cash,False,0
2020-03-25,CASH,CASH,both_cash,False,0
2020-03-26,CASH,CASH,both_cash,False,0
2020-03-27,CASH,CASH,both_cash,False,0
2020-03-30,CASH,CASH,both_cash,False,0
2020-03-31,CASH,CASH,both_cash,False,0
2020-04-01,CASH,CASH,both_cash,False,0
2020-04-02,CASH,CASH,both_cash,False,0
2020-04-03,CASH,CASH,both_cash,False,0
2020-04-07,CASH,CASH,both_cash,False,0
2020-04-08,CASH,CASH,both_cash,False,0
2020-04-09,CASH,CASH,both_cash,False,0
2020-04-10,CASH,CASH,both_cash,False,0
2020-04-13,CASH,CASH,both_cash,False,0
2020-04-14,CASH,CASH,both_cash,False,0
2020-04-15,CASH,CASH,both_cash,False,0
2020-04-16,CASH,CASH,both_cash,False,0
2020-04-17,CASH,CASH,both_cash,False,0
2020-04-20,CASH,CASH,both_cash,False,0
2020-04-21,CASH,CASH,both_cash,False,0
2020-04-22,CASH,CASH,both_cash,False,0
2020-04-23,CASH,CASH,both_cash,False,0
2020-04-24,CASH,CASH,both_cash,False,0
2020-04-27,CASH,CASH,both_cash,False,0
2020-04-28,CASH,CASH,both_cash,False,0
2020-04-29,CASH,CASH,both_cash,False,0
2020-04-30,CASH,CASH,both_cash,False,0
2020-05-06,CASH,CASH,both_cash,False,0
2020-05-07,CASH,CASH,both_cash,False,0
2020-05-08,CASH,CASH,both_cash,False,0
2020-05-11,CASH,CASH,both_cash,False,0
2020-05-12,CASH,CASH,both_cash,False,0
2020-05-13,CASH,CASH,both_cash,False,0
2020-05-14,CASH,CASH,both_cash,False,0
2020-05-15,CASH,CASH,both_cash,False,0
2020-05-18,CASH,CASH,both_cash,False,0
2020-05-19,CASH,CASH,both_cash,False,0
2020-05-20,CASH,CASH,both_cash,False,0
2020-05-21,CASH,CASH,both_cash,False,0
2020-05-22,CASH,CASH,both_cash,False,0
2020-05-25,CASH,CASH,both_cash,False,0
2020-05-26,CASH,CASH,both_cash,False,0
2020-05-27,CASH,CASH,both_cash,False,0
2020-05-28,CASH,CASH,both_cash,False,0
2020-05-29,CASH,CASH,both_cash,False,0
2020-06-01,CASH,CASH,both_cash,False,0
2020-06-02,CASH,CASH,both_cash,False,0
2020-06-03,518880.SH,518880.SH,same_etf,False,1
2020-06-04,518880.SH,518880.SH,same_etf,False,1
2020-06-05,159941.SZ,159941.SZ,same_etf,False,1
2020-06-08,159941.SZ,159941.SZ,same_etf,False,1
2020-06-09,159941.SZ,159941.SZ,same_etf,False,1
2020-06-10,159941.SZ,159941.SZ,same_etf,False,1
2020-06-11,159941.SZ,159941.SZ,same_etf,False,1
2020-06-12,159941.SZ,159941.SZ,same_etf,False,1
2020-06-15,159941.SZ,159941.SZ,same_etf,False,1
2020-06-16,159941.SZ,159941.SZ,same_etf,False,1
2020-06-17,159941.SZ,159941.SZ,same_etf,False,1
2020-06-18,159941.SZ,159941.SZ,same_etf,False,1
2020-06-19,159941.SZ,159941.SZ,same_etf,False,1
2020-06-22,CASH,CASH,both_cash,False,0
2020-06-23,CASH,CASH,both_cash,False,0
2020-06-24,CASH,CASH,both_cash,False,0
2020-06-29,CASH,CASH,both_cash,False,0
2020-06-30,CASH,CASH,both_cash,False,0
2020-07-01,CASH,CASH,both_cash,False,0
2020-07-02,CASH,CASH,both_cash,False,0
2020-07-03,CASH,CASH,both_cash,False,0
2020-07-06,CASH,CASH,both_cash,False,0
2020-07-07,CASH,CASH,both_cash,False,0
2020-07-08,CASH,CASH,both_cash,False,0
2020-07-09,CASH,CASH,both_cash,False,0
2020-07-10,CASH,CASH,both_cash,False,0
2020-07-13,CASH,CASH,both_cash,False,0
2020-07-14,CASH,CASH,both_cash,False,0
2020-07-15,CASH,CASH,both_cash,False,0
2020-07-16,CASH,CASH,both_cash,False,0
2020-07-17,CASH,CASH,both_cash,False,0
2020-07-20,CASH,CASH,both_cash,False,0
2020-07-21,CASH,CASH,both_cash,False,0
2020-07-22,CASH,CASH,both_cash,False,0
2020-07-23,CASH,CASH,both_cash,False,0
2020-07-24,CASH,CASH,both_cash,False,0
2020-07-27,CASH,CASH,both_cash,False,0
2020-07-28,CASH,CASH,both_cash,False,0
2020-07-29,CASH,CASH,both_cash,False,0
2020-07-30,CASH,CASH,both_cash,False,0
2020-07-31,CASH,CASH,both_cash,False,0
2020-08-03,CASH,CASH,both_cash,False,0
2020-08-04,CASH,CASH,both_cash,False,0
2020-08-05,CASH,CASH,both_cash,False,0
2020-08-06,CASH,CASH,both_cash,False,0
2020-08-07,CASH,CASH,both_cash,False,0
2020-08-10,CASH,CASH,both_cash,False,0
2020-08-11,CASH,CASH,both_cash,False,0
2020-08-12,CASH,CASH,both_cash,False,0
2020-08-13,CASH,CASH,both_cash,False,0
2020-08-14,CASH,CASH,both_cash,False,0
2020-08-17,CASH,CASH,both_cash,False,0
2020-08-18,CASH,CASH,both_cash,False,0
2020-08-19,CASH,CASH,both_cash,False,0
2020-08-20,CASH,CASH,both_cash,False,0
2020-08-21,CASH,CASH,both_cash,False,0
2020-08-24,CASH,CASH,both_cash,False,0
2020-08-25,CASH,CASH,both_cash,False,0
2020-08-26,CASH,CASH,both_cash,False,0
2020-08-27,CASH,CASH,both_cash,False,0
2020-08-28,CASH,CASH,both_cash,False,0
2020-08-31,CASH,CASH,both_cash,False,0
2020-09-01,CASH,CASH,both_cash,False,0
2020-09-02,CASH,CASH,both_cash,False,0
2020-09-03,CASH,CASH,both_cash,False,0
2020-09-04,CASH,CASH,both_cash,False,0
2020-09-07,CASH,CASH,both_cash,False,0
2020-09-08,CASH,CASH,both_cash,False,0
2020-09-09,CASH,CASH,both_cash,False,0
2020-09-10,CASH,CASH,both_cash,False,0
2020-09-11,CASH,CASH,both_cash,False,0
2020-09-14,CASH,CASH,both_cash,False,0
2020-09-15,CASH,CASH,both_cash,False,0
2020-09-16,CASH,CASH,both_cash,False,0
2020-09-17,CASH,CASH,both_cash,False,0
2020-09-18,CASH,CASH,both_cash,False,0
2020-09-21,CASH,CASH,both_cash,False,0
2020-09-22,CASH,CASH,both_cash,False,0
2020-09-23,CASH,CASH,both_cash,False,0
2020-09-24,CASH,CASH,both_cash,False,0
2020-09-25,CASH,CASH,both_cash,False,0
2020-09-28,CASH,CASH,both_cash,False,0
2020-09-29,CASH,CASH,both_cash,False,0
2020-09-30,CASH,CASH,both_cash,False,0
2020-10-09,CASH,CASH,both_cash,False,0
2020-10-12,CASH,CASH,both_cash,False,0
2020-10-13,CASH,CASH,both_cash,False,0
2020-10-14,CASH,CASH,both_cash,False,0
2020-10-15,CASH,CASH,both_cash,False,0
2020-10-16,CASH,CASH,both_cash,False,0
2020-10-19,CASH,CASH,both_cash,False,0
2020-10-20,CASH,CASH,both_cash,False,0
2020-10-21,CASH,CASH,both_cash,False,0
2020-10-22,CASH,CASH,both_cash,False,0
2020-10-23,CASH,CASH,both_cash,False,0
2020-10-26,CASH,CASH,both_cash,False,0
2020-10-27,CASH,CASH,both_cash,False,0
2020-10-28,CASH,CASH,both_cash,False,0
2020-10-29,CASH,CASH,both_cash,False,0
2020-10-30,CASH,CASH,both_cash,False,0
2020-11-02,159985.SZ,159985.SZ,same_etf,False,1
2020-11-03,159985.SZ,159985.SZ,same_etf,False,1
2020-11-04,159985.SZ,159985.SZ,same_etf,False,1
2020-11-05,159985.SZ,159985.SZ,same_etf,False,1
2020-11-06,159985.SZ,159985.SZ,same_etf,False,1
2020-11-09,CASH,CASH,both_cash,False,0
2020-11-10,CASH,CASH,both_cash,False,0
2020-11-11,CASH,CASH,both_cash,False,0
2020-11-12,CASH,CASH,both_cash,False,0
2020-11-13,CASH,CASH,both_cash,False,0
2020-11-16,CASH,CASH,both_cash,False,0
2020-11-17,CASH,CASH,both_cash,False,0
2020-11-18,CASH,CASH,both_cash,False,0
2020-11-19,CASH,CASH,both_cash,False,0
2020-11-20,CASH,CASH,both_cash,False,0
2020-11-23,CASH,CASH,both_cash,False,0
2020-11-24,CASH,CASH,both_cash,False,0
2020-11-25,CASH,CASH,both_cash,False,0
2020-11-26,CASH,CASH,both_cash,False,0
2020-11-27,CASH,CASH,both_cash,False,0
2020-11-30,CASH,CASH,both_cash,False,0
2020-12-01,CASH,CASH,both_cash,False,0
2020-12-02,CASH,CASH,both_cash,False,0
2020-12-03,CASH,CASH,both_cash,False,0
2020-12-04,CASH,CASH,both_cash,False,0
2020-12-07,CASH,CASH,both_cash,False,0
2020-12-08,CASH,CASH,both_cash,False,0
2020-12-09,CASH,CASH,both_cash,False,0
2020-12-10,CASH,CASH,both_cash,False,0
2020-12-11,CASH,CASH,both_cash,False,0
2020-12-14,CASH,CASH,both_cash,False,0
2020-12-15,CASH,CASH,both_cash,False,0
2020-12-16,CASH,CASH,both_cash,False,0
2020-12-17,CASH,CASH,both_cash,False,0
2020-12-18,CASH,CASH,both_cash,False,0
2020-12-21,CASH,CASH,both_cash,False,0
2020-12-22,CASH,CASH,both_cash,False,0
2020-12-23,CASH,CASH,both_cash,False,0
2020-12-24,CASH,CASH,both_cash,False,0
2020-12-25,CASH,CASH,both_cash,False,0
2020-12-28,CASH,CASH,both_cash,False,0
2020-12-29,CASH,CASH,both_cash,False,0
2020-12-30,CASH,CASH,both_cash,False,0
2020-12-31,CASH,CASH,both_cash,False,0
2021-01-04,CASH,CASH,both_cash,False,0
2021-01-05,CASH,CASH,both_cash,False,0
2021-01-06,CASH,CASH,both_cash,False,0
2021-01-07,CASH,CASH,both_cash,False,0
2021-01-08,CASH,CASH,both_cash,False,0
2021-01-11,CASH,CASH,both_cash,False,0
2021-01-12,CASH,CASH,both_cash,False,0
2021-01-13,CASH,CASH,both_cash,False,0
2021-01-14,CASH,CASH,both_cash,False,0
2021-01-15,CASH,CASH,both_cash,False,0
2021-01-18,CASH,CASH,both_cash,False,0
2021-01-19,CASH,CASH,both_cash,False,0
2021-01-20,CASH,CASH,both_cash,False,0
2021-01-21,CASH,CASH,both_cash,False,0
2021-01-22,CASH,CASH,both_cash,False,0
2021-01-25,CASH,CASH,both_cash,False,0
2021-01-26,CASH,CASH,both_cash,False,0
2021-01-27,CASH,CASH,both_cash,False,0
2021-01-28,CASH,CASH,both_cash,False,0
2021-01-29,CASH,CASH,both_cash,False,0
2021-02-01,CASH,CASH,both_cash,False,0
2021-02-02,CASH,CASH,both_cash,False,0
2021-02-03,CASH,CASH,both_cash,False,0
2021-02-04,CASH,CASH,both_cash,False,0
2021-02-05,CASH,CASH,both_cash,False,0
2021-02-08,CASH,CASH,both_cash,False,0
2021-02-09,CASH,CASH,both_cash,False,0
2021-02-10,CASH,CASH,both_cash,False,0
2021-02-18,CASH,CASH,both_cash,False,0
2021-02-19,CASH,CASH,both_cash,False,0
2021-02-22,CASH,CASH,both_cash,False,0
2021-02-23,CASH,CASH,both_cash,False,0
2021-02-24,CASH,CASH,both_cash,False,0
2021-02-25,CASH,CASH,both_cash,False,0
2021-02-26,CASH,CASH,both_cash,False,0
2021-03-01,CASH,CASH,both_cash,False,0
2021-03-02,CASH,CASH,both_cash,False,0
2021-03-03,CASH,CASH,both_cash,False,0
2021-03-04,CASH,CASH,both_cash,False,0
2021-03-05,CASH,CASH,both_cash,False,0
2021-03-08,CASH,CASH,both_cash,False,0
2021-03-09,CASH,CASH,both_cash,False,0
2021-03-10,CASH,CASH,both_cash,False,0
2021-03-11,CASH,CASH,both_cash,False,0
2021-03-12,CASH,CASH,both_cash,False,0
2021-03-15,CASH,CASH,both_cash,False,0
2021-03-16,CASH,CASH,both_cash,False,0
2021-03-17,CASH,CASH,both_cash,False,0
2021-03-18,CASH,CASH,both_cash,False,0
2021-03-19,CASH,CASH,both_cash,False,0
2021-03-22,CASH,CASH,both_cash,False,0
2021-03-23,CASH,CASH,both_cash,False,0
2021-03-24,513500.SH,513500.SH,same_etf,False,1
2021-03-25,513500.SH,513500.SH,same_etf,False,1
2021-03-26,513500.SH,513500.SH,same_etf,False,1
2021-03-29,513500.SH,513500.SH,same_etf,False,1
2021-03-30,CASH,CASH,both_cash,False,0
2021-03-31,CASH,CASH,both_cash,False,0
2021-04-01,CASH,CASH,both_cash,False,0
2021-04-02,CASH,CASH,both_cash,False,0
2021-04-06,CASH,CASH,both_cash,False,0
2021-04-07,CASH,CASH,both_cash,False,0
2021-04-08,159941.SZ,159941.SZ,same_etf,False,1
2021-04-09,159941.SZ,159941.SZ,same_etf,False,1
2021-04-12,159941.SZ,159941.SZ,same_etf,False,1
2021-04-13,159941.SZ,159941.SZ,same_etf,False,1
2021-04-14,159941.SZ,159941.SZ,same_etf,False,1
2021-04-15,159941.SZ,159941.SZ,same_etf,False,1
2021-04-16,159941.SZ,159941.SZ,same_etf,False,1
2021-04-19,159941.SZ,159941.SZ,same_etf,False,1
2021-04-20,159941.SZ,159941.SZ,same_etf,False,1
2021-04-21,159941.SZ,159941.SZ,same_etf,False,1
2021-04-22,CASH,CASH,both_cash,False,0
2021-04-23,CASH,CASH,both_cash,False,0
2021-04-26,CASH,CASH,both_cash,False,0
2021-04-27,CASH,CASH,both_cash,False,0
2021-04-28,CASH,CASH,both_cash,False,0
2021-04-29,CASH,CASH,both_cash,False,0
2021-04-30,CASH,CASH,both_cash,False,0
2021-05-06,CASH,CASH,both_cash,False,0
2021-05-07,CASH,CASH,both_cash,False,0
2021-05-10,CASH,CASH,both_cash,False,0
2021-05-11,CASH,CASH,both_cash,False,0
2021-05-12,CASH,CASH,both_cash,False,0
2021-05-13,CASH,CASH,both_cash,False,0
2021-05-14,CASH,CASH,both_cash,False,0
2021-05-17,CASH,CASH,both_cash,False,0
2021-05-18,CASH,CASH,both_cash,False,0
2021-05-19,CASH,CASH,both_cash,False,0
2021-05-20,CASH,CASH,both_cash,False,0
2021-05-21,CASH,CASH,both_cash,False,0
2021-05-24,CASH,CASH,both_cash,False,0
2021-05-25,CASH,CASH,both_cash,False,0
2021-05-26,CASH,CASH,both_cash,False,0
2021-05-27,CASH,CASH,both_cash,False,0
2021-05-28,CASH,CASH,both_cash,False,0
2021-05-31,CASH,CASH,both_cash,False,0
2021-06-01,CASH,CASH,both_cash,False,0
2021-06-02,CASH,CASH,both_cash,False,0
2021-06-03,CASH,CASH,both_cash,False,0
2021-06-04,CASH,CASH,both_cash,False,0
2021-06-07,512760.SH,512760.SH,same_etf,False,1
2021-06-08,512760.SH,512760.SH,same_etf,False,1
2021-06-09,512760.SH,512760.SH,same_etf,False,1
2021-06-10,512760.SH,512760.SH,same_etf,False,1
2021-06-11,512760.SH,512760.SH,same_etf,False,1
2021-06-15,512760.SH,512760.SH,same_etf,False,1
2021-06-16,512760.SH,512760.SH,same_etf,False,1
2021-06-17,512760.SH,512760.SH,same_etf,False,1
2021-06-18,512760.SH,512760.SH,same_etf,False,1
2021-06-21,512760.SH,512760.SH,same_etf,False,1
2021-06-22,512760.SH,512760.SH,same_etf,False,1
2021-06-23,512760.SH,512760.SH,same_etf,False,1
2021-06-24,512760.SH,512760.SH,same_etf,False,1
2021-06-25,512760.SH,512760.SH,same_etf,False,1
2021-06-28,512760.SH,512760.SH,same_etf,False,1
2021-06-29,512760.SH,512760.SH,same_etf,False,1
2021-06-30,512760.SH,512760.SH,same_etf,False,1
2021-07-01,512760.SH,512760.SH,same_etf,False,1
2021-07-02,512760.SH,512760.SH,same_etf,False,1
2021-07-05,512760.SH,512760.SH,same_etf,False,1
2021-07-06,512760.SH,512760.SH,same_etf,False,1
2021-07-07,512760.SH,512760.SH,same_etf,False,1
2021-07-08,512760.SH,512760.SH,same_etf,False,1
2021-07-09,512760.SH,512760.SH,same_etf,False,1
2021-07-12,512760.SH,512760.SH,same_etf,False,1
2021-07-13,512760.SH,512760.SH,same_etf,False,1
2021-07-14,512760.SH,512760.SH,same_etf,False,1
2021-07-15,512760.SH,512760.SH,same_etf,False,1
2021-07-16,512760.SH,512760.SH,same_etf,False,1
2021-07-19,512760.SH,512760.SH,same_etf,False,1
2021-07-20,512760.SH,512760.SH,same_etf,False,1
2021-07-21,512760.SH,512760.SH,same_etf,False,1
2021-07-22,512760.SH,512760.SH,same_etf,False,1
2021-07-23,512760.SH,512760.SH,same_etf,False,1
2021-07-26,512760.SH,512760.SH,same_etf,False,1
2021-07-27,512760.SH,512760.SH,same_etf,False,1
2021-07-28,512760.SH,512760.SH,same_etf,False,1
2021-07-29,512760.SH,512760.SH,same_etf,False,1
2021-07-30,512760.SH,512760.SH,same_etf,False,1
2021-08-02,512760.SH,512760.SH,same_etf,False,1
2021-08-03,512760.SH,512760.SH,same_etf,False,1
2021-08-04,512760.SH,512760.SH,same_etf,False,1
2021-08-05,512760.SH,512760.SH,same_etf,False,1
2021-08-06,512760.SH,512760.SH,same_etf,False,1
2021-08-09,512760.SH,512760.SH,same_etf,False,1
2021-08-10,512760.SH,512760.SH,same_etf,False,1
2021-08-11,512760.SH,512760.SH,same_etf,False,1
2021-08-12,512760.SH,512760.SH,same_etf,False,1
2021-08-13,512760.SH,512760.SH,same_etf,False,1
2021-08-16,512760.SH,512760.SH,same_etf,False,1
2021-08-17,512760.SH,512760.SH,same_etf,False,1
2021-08-18,CASH,CASH,both_cash,False,0
2021-08-19,CASH,CASH,both_cash,False,0
2021-08-20,CASH,CASH,both_cash,False,0
2021-08-23,CASH,CASH,both_cash,False,0
2021-08-24,CASH,CASH,both_cash,False,0
2021-08-25,CASH,CASH,both_cash,False,0
2021-08-26,CASH,CASH,both_cash,False,0
2021-08-27,CASH,CASH,both_cash,False,0
2021-08-30,CASH,CASH,both_cash,False,0
2021-08-31,CASH,CASH,both_cash,False,0
2021-09-01,CASH,CASH,both_cash,False,0
2021-09-02,CASH,CASH,both_cash,False,0
2021-09-03,CASH,CASH,both_cash,False,0
2021-09-06,CASH,CASH,both_cash,False,0
2021-09-07,CASH,CASH,both_cash,False,0
2021-09-08,CASH,CASH,both_cash,False,0
2021-09-09,CASH,CASH,both_cash,False,0
2021-09-10,CASH,CASH,both_cash,False,0
2021-09-13,CASH,CASH,both_cash,False,0
2021-09-14,CASH,CASH,both_cash,False,0
2021-09-15,CASH,CASH,both_cash,False,0
2021-09-16,CASH,CASH,both_cash,False,0
2021-09-17,CASH,CASH,both_cash,False,0
2021-09-22,CASH,CASH,both_cash,False,0
2021-09-23,CASH,CASH,both_cash,False,0
2021-09-24,CASH,CASH,both_cash,False,0
2021-09-27,CASH,CASH,both_cash,False,0
2021-09-28,CASH,CASH,both_cash,False,0
2021-09-29,CASH,CASH,both_cash,False,0
2021-09-30,CASH,CASH,both_cash,False,0
2021-10-08,CASH,CASH,both_cash,False,0
2021-10-11,CASH,CASH,both_cash,False,0
2021-10-12,CASH,CASH,both_cash,False,0
2021-10-13,CASH,CASH,both_cash,False,0
2021-10-14,CASH,CASH,both_cash,False,0
2021-10-15,CASH,CASH,both_cash,False,0
2021-10-18,CASH,CASH,both_cash,False,0
2021-10-19,CASH,CASH,both_cash,False,0
2021-10-20,CASH,CASH,both_cash,False,0
2021-10-21,CASH,CASH,both_cash,False,0
2021-10-22,CASH,CASH,both_cash,False,0
2021-10-25,CASH,CASH,both_cash,False,0
2021-10-26,CASH,CASH,both_cash,False,0
2021-10-27,159865.SZ,159865.SZ,same_etf,False,1
2021-10-28,510630.SH,510630.SH,same_etf,False,1
2021-10-29,510630.SH,510630.SH,same_etf,False,1
2021-11-01,510630.SH,510630.SH,same_etf,False,1
2021-11-02,510630.SH,510630.SH,same_etf,False,1
2021-11-03,510630.SH,510630.SH,same_etf,False,1
2021-11-04,510630.SH,510630.SH,same_etf,False,1
2021-11-05,510630.SH,510630.SH,same_etf,False,1
2021-11-08,510630.SH,510630.SH,same_etf,False,1
2021-11-09,510630.SH,510630.SH,same_etf,False,1
2021-11-10,CASH,512980.SH,expanded_only,True,1
2021-11-11,CASH,512980.SH,expanded_only,True,1
2021-11-12,CASH,512980.SH,expanded_only,True,1
2021-11-15,CASH,512980.SH,expanded_only,True,1
2021-11-16,159865.SZ,512980.SH,different_etfs,True,2
2021-11-17,159865.SZ,512980.SH,different_etfs,True,2
2021-11-18,159865.SZ,512980.SH,different_etfs,True,2
2021-11-19,159865.SZ,512980.SH,different_etfs,True,2
2021-11-22,159865.SZ,512980.SH,different_etfs,True,2
2021-11-23,159865.SZ,512980.SH,different_etfs,True,2
2021-11-24,512690.SH,512980.SH,different_etfs,True,2
2021-11-25,512690.SH,512980.SH,different_etfs,True,2
2021-11-26,512690.SH,512980.SH,different_etfs,True,2
2021-11-29,512690.SH,512980.SH,different_etfs,True,2
2021-11-30,512690.SH,512980.SH,different_etfs,True,2
2021-12-01,512690.SH,512980.SH,different_etfs,True,2
2021-12-02,512690.SH,512980.SH,different_etfs,True,2
2021-12-03,512690.SH,512980.SH,different_etfs,True,2
2021-12-06,512690.SH,CASH,main_only,False,1
2021-12-07,512690.SH,CASH,main_only,False,1
2021-12-08,512690.SH,CASH,main_only,False,1
2021-12-09,512690.SH,CASH,main_only,False,1
2021-12-10,512690.SH,CASH,main_only,False,1
2021-12-13,512690.SH,CASH,main_only,False,1
2021-12-14,512690.SH,CASH,main_only,False,1
2021-12-15,512690.SH,CASH,main_only,False,1
2021-12-16,512690.SH,CASH,main_only,False,1
2021-12-17,512690.SH,CASH,main_only,False,1
2021-12-20,512690.SH,CASH,main_only,False,1
2021-12-21,512690.SH,CASH,main_only,False,1
2021-12-22,512690.SH,CASH,main_only,False,1
2021-12-23,512690.SH,CASH,main_only,False,1
2021-12-24,512690.SH,CASH,main_only,False,1
2021-12-27,CASH,CASH,both_cash,False,0
2021-12-28,CASH,CASH,both_cash,False,0
2021-12-29,CASH,CASH,both_cash,False,0
2021-12-30,CASH,CASH,both_cash,False,0
2021-12-31,CASH,CASH,both_cash,False,0
2022-01-04,CASH,CASH,both_cash,False,0
2022-01-05,CASH,CASH,both_cash,False,0
2022-01-06,CASH,CASH,both_cash,False,0
2022-01-07,CASH,CASH,both_cash,False,0
2022-01-10,CASH,CASH,both_cash,False,0
2022-01-11,CASH,CASH,both_cash,False,0
2022-01-12,CASH,CASH,both_cash,False,0
2022-01-13,CASH,CASH,both_cash,False,0
2022-01-14,CASH,CASH,both_cash,False,0
2022-01-17,CASH,CASH,both_cash,False,0
2022-01-18,CASH,CASH,both_cash,False,0
2022-01-19,CASH,CASH,both_cash,False,0
2022-01-20,CASH,CASH,both_cash,False,0
2022-01-21,CASH,CASH,both_cash,False,0
2022-01-24,512200.SH,512200.SH,same_etf,False,1
2022-01-25,512200.SH,512200.SH,same_etf,False,1
2022-01-26,512200.SH,512200.SH,same_etf,False,1
2022-01-27,512200.SH,512200.SH,same_etf,False,1
2022-01-28,CASH,CASH,both_cash,False,0
2022-02-07,CASH,CASH,both_cash,False,0
2022-02-08,CASH,CASH,both_cash,False,0
2022-02-09,CASH,CASH,both_cash,False,0
2022-02-10,CASH,CASH,both_cash,False,0
2022-02-11,CASH,CASH,both_cash,False,0
2022-02-14,159981.SZ,159981.SZ,same_etf,False,1
2022-02-15,159981.SZ,159981.SZ,same_etf,False,1
2022-02-16,159981.SZ,159981.SZ,same_etf,False,1
2022-02-17,159981.SZ,159981.SZ,same_etf,False,1
2022-02-18,159981.SZ,159981.SZ,same_etf,False,1
2022-02-21,159981.SZ,159981.SZ,same_etf,False,1
2022-02-22,159981.SZ,159981.SZ,same_etf,False,1
2022-02-23,159981.SZ,159981.SZ,same_etf,False,1
2022-02-24,159981.SZ,159981.SZ,same_etf,False,1
2022-02-25,159981.SZ,159981.SZ,same_etf,False,1
2022-02-28,159981.SZ,159981.SZ,same_etf,False,1
2022-03-01,159981.SZ,159981.SZ,same_etf,False,1
2022-03-02,159981.SZ,159981.SZ,same_etf,False,1
2022-03-03,159981.SZ,159981.SZ,same_etf,False,1
2022-03-04,159981.SZ,159981.SZ,same_etf,False,1
2022-03-07,159981.SZ,159981.SZ,same_etf,False,1
2022-03-08,159981.SZ,159981.SZ,same_etf,False,1
2022-03-09,159981.SZ,159981.SZ,same_etf,False,1
2022-03-10,159981.SZ,159981.SZ,same_etf,False,1
2022-03-11,159981.SZ,159981.SZ,same_etf,False,1
2022-03-14,159981.SZ,159981.SZ,same_etf,False,1
2022-03-15,159981.SZ,159981.SZ,same_etf,False,1
2022-03-16,159981.SZ,159981.SZ,same_etf,False,1
2022-03-17,159981.SZ,159981.SZ,same_etf,False,1
2022-03-18,159981.SZ,159981.SZ,same_etf,False,1
2022-03-21,159981.SZ,159981.SZ,same_etf,False,1
2022-03-22,159981.SZ,159981.SZ,same_etf,False,1
2022-03-23,159981.SZ,159981.SZ,same_etf,False,1
2022-03-24,159981.SZ,159981.SZ,same_etf,False,1
2022-03-25,159981.SZ,159981.SZ,same_etf,False,1
2022-03-28,159981.SZ,159981.SZ,same_etf,False,1
2022-03-29,159981.SZ,159981.SZ,same_etf,False,1
2022-03-30,159981.SZ,159981.SZ,same_etf,False,1
2022-03-31,159981.SZ,159981.SZ,same_etf,False,1
2022-04-01,CASH,CASH,both_cash,False,0
2022-04-06,CASH,CASH,both_cash,False,0
2022-04-07,CASH,CASH,both_cash,False,0
2022-04-08,CASH,CASH,both_cash,False,0
2022-04-11,CASH,CASH,both_cash,False,0
2022-04-12,510880.SH,510880.SH,same_etf,False,1
2022-04-13,510880.SH,510880.SH,same_etf,False,1
2022-04-14,510880.SH,510880.SH,same_etf,False,1
2022-04-15,510880.SH,510880.SH,same_etf,False,1
2022-04-18,510880.SH,510880.SH,same_etf,False,1
2022-04-19,510880.SH,510880.SH,same_etf,False,1
2022-04-20,510880.SH,510880.SH,same_etf,False,1
2022-04-21,CASH,CASH,both_cash,False,0
2022-04-22,CASH,CASH,both_cash,False,0
2022-04-25,CASH,CASH,both_cash,False,0
2022-04-26,CASH,CASH,both_cash,False,0
2022-04-27,CASH,CASH,both_cash,False,0
2022-04-28,CASH,CASH,both_cash,False,0
2022-04-29,CASH,CASH,both_cash,False,0
2022-05-05,CASH,CASH,both_cash,False,0
2022-05-06,518880.SH,518880.SH,same_etf,False,1
2022-05-09,518880.SH,518880.SH,same_etf,False,1
2022-05-10,518880.SH,518880.SH,same_etf,False,1
2022-05-11,518880.SH,518880.SH,same_etf,False,1
2022-05-12,518880.SH,518880.SH,same_etf,False,1
2022-05-13,CASH,CASH,both_cash,False,0
2022-05-16,CASH,CASH,both_cash,False,0
2022-05-17,CASH,CASH,both_cash,False,0
2022-05-18,CASH,CASH,both_cash,False,0
2022-05-19,CASH,CASH,both_cash,False,0
2022-05-20,CASH,CASH,both_cash,False,0
2022-05-23,CASH,CASH,both_cash,False,0
2022-05-24,CASH,CASH,both_cash,False,0
2022-05-25,CASH,CASH,both_cash,False,0
2022-05-26,CASH,CASH,both_cash,False,0
2022-05-27,159981.SZ,159981.SZ,same_etf,False,1
2022-05-30,159981.SZ,159981.SZ,same_etf,False,1
2022-05-31,159981.SZ,159981.SZ,same_etf,False,1
2022-06-01,159981.SZ,159981.SZ,same_etf,False,1
2022-06-02,159981.SZ,159981.SZ,same_etf,False,1
2022-06-06,159755.SZ,159755.SZ,same_etf,False,1
2022-06-07,159755.SZ,159755.SZ,same_etf,False,1
2022-06-08,159755.SZ,159755.SZ,same_etf,False,1
2022-06-09,159755.SZ,159755.SZ,same_etf,False,1
2022-06-10,159755.SZ,159755.SZ,same_etf,False,1
2022-06-13,159755.SZ,159755.SZ,same_etf,False,1
2022-06-14,159755.SZ,159755.SZ,same_etf,False,1
2022-06-15,159755.SZ,159755.SZ,same_etf,False,1
2022-06-16,159755.SZ,159755.SZ,same_etf,False,1
2022-06-17,159755.SZ,159755.SZ,same_etf,False,1
2022-06-20,159755.SZ,159755.SZ,same_etf,False,1
2022-06-21,159755.SZ,159755.SZ,same_etf,False,1
2022-06-22,159755.SZ,159755.SZ,same_etf,False,1
2022-06-23,159755.SZ,159755.SZ,same_etf,False,1
2022-06-24,159755.SZ,159755.SZ,same_etf,False,1
2022-06-27,159755.SZ,159755.SZ,same_etf,False,1
2022-06-28,159755.SZ,159755.SZ,same_etf,False,1
2022-06-29,159755.SZ,159755.SZ,same_etf,False,1
2022-06-30,159755.SZ,159755.SZ,same_etf,False,1
2022-07-01,159755.SZ,159755.SZ,same_etf,False,1
2022-07-04,159755.SZ,159755.SZ,same_etf,False,1
2022-07-05,159755.SZ,159755.SZ,same_etf,False,1
2022-07-06,159755.SZ,159755.SZ,same_etf,False,1
2022-07-07,159755.SZ,159755.SZ,same_etf,False,1
2022-07-08,159755.SZ,159755.SZ,same_etf,False,1
2022-07-11,159755.SZ,159755.SZ,same_etf,False,1
2022-07-12,159755.SZ,159755.SZ,same_etf,False,1
2022-07-13,159755.SZ,159755.SZ,same_etf,False,1
2022-07-14,159755.SZ,159755.SZ,same_etf,False,1
2022-07-15,159755.SZ,159755.SZ,same_etf,False,1
2022-07-18,159755.SZ,159755.SZ,same_etf,False,1
2022-07-19,159755.SZ,159755.SZ,same_etf,False,1
2022-07-20,159755.SZ,159755.SZ,same_etf,False,1
2022-07-21,159755.SZ,159755.SZ,same_etf,False,1
2022-07-22,159755.SZ,159755.SZ,same_etf,False,1
2022-07-25,159755.SZ,159755.SZ,same_etf,False,1
2022-07-26,159755.SZ,159755.SZ,same_etf,False,1
2022-07-27,159755.SZ,159755.SZ,same_etf,False,1
2022-07-28,CASH,CASH,both_cash,False,0
2022-07-29,CASH,CASH,both_cash,False,0
2022-08-01,CASH,CASH,both_cash,False,0
2022-08-02,CASH,CASH,both_cash,False,0
2022-08-03,CASH,CASH,both_cash,False,0
2022-08-04,CASH,CASH,both_cash,False,0
2022-08-05,CASH,CASH,both_cash,False,0
2022-08-08,CASH,CASH,both_cash,False,0
2022-08-09,CASH,CASH,both_cash,False,0
2022-08-10,CASH,CASH,both_cash,False,0
2022-08-11,CASH,CASH,both_cash,False,0
2022-08-12,CASH,CASH,both_cash,False,0
2022-08-15,CASH,CASH,both_cash,False,0
2022-08-16,159941.SZ,159941.SZ,same_etf,False,1
2022-08-17,159941.SZ,159941.SZ,same_etf,False,1
2022-08-18,159941.SZ,159941.SZ,same_etf,False,1
2022-08-19,159941.SZ,159941.SZ,same_etf,False,1
2022-08-22,159941.SZ,159941.SZ,same_etf,False,1
2022-08-23,159941.SZ,159941.SZ,same_etf,False,1
2022-08-24,159941.SZ,159941.SZ,same_etf,False,1
2022-08-25,159941.SZ,159941.SZ,same_etf,False,1
2022-08-26,159941.SZ,159941.SZ,same_etf,False,1
2022-08-29,CASH,CASH,both_cash,False,0
2022-08-30,CASH,CASH,both_cash,False,0
2022-08-31,159865.SZ,159865.SZ,same_etf,False,1
2022-09-01,159865.SZ,159865.SZ,same_etf,False,1
2022-09-02,159865.SZ,159865.SZ,same_etf,False,1
2022-09-05,159865.SZ,159865.SZ,same_etf,False,1
2022-09-06,159865.SZ,159865.SZ,same_etf,False,1
2022-09-07,159865.SZ,159865.SZ,same_etf,False,1
2022-09-08,159865.SZ,159865.SZ,same_etf,False,1
2022-09-09,159865.SZ,159865.SZ,same_etf,False,1
2022-09-13,159865.SZ,159865.SZ,same_etf,False,1
2022-09-14,159865.SZ,159865.SZ,same_etf,False,1
2022-09-15,CASH,CASH,both_cash,False,0
2022-09-16,CASH,CASH,both_cash,False,0
2022-09-19,CASH,CASH,both_cash,False,0
2022-09-20,CASH,CASH,both_cash,False,0
2022-09-21,CASH,CASH,both_cash,False,0
2022-09-22,CASH,CASH,both_cash,False,0
2022-09-23,CASH,CASH,both_cash,False,0
2022-09-26,CASH,CASH,both_cash,False,0
2022-09-27,CASH,CASH,both_cash,False,0
2022-09-28,CASH,CASH,both_cash,False,0
2022-09-29,CASH,CASH,both_cash,False,0
2022-09-30,CASH,CASH,both_cash,False,0
2022-10-10,518880.SH,518880.SH,same_etf,False,1
2022-10-11,159985.SZ,159985.SZ,same_etf,False,1
2022-10-12,159985.SZ,159985.SZ,same_etf,False,1
2022-10-13,159985.SZ,159985.SZ,same_etf,False,1
2022-10-14,159985.SZ,159985.SZ,same_etf,False,1
2022-10-17,159985.SZ,159985.SZ,same_etf,False,1
2022-10-18,159985.SZ,159985.SZ,same_etf,False,1
2022-10-19,159985.SZ,159985.SZ,same_etf,False,1
2022-10-20,159985.SZ,159985.SZ,same_etf,False,1
2022-10-21,159985.SZ,159985.SZ,same_etf,False,1
2022-10-24,159985.SZ,159985.SZ,same_etf,False,1
2022-10-25,159985.SZ,159985.SZ,same_etf,False,1
2022-10-26,159985.SZ,159985.SZ,same_etf,False,1
2022-10-27,159985.SZ,159985.SZ,same_etf,False,1
2022-10-28,159985.SZ,159985.SZ,same_etf,False,1
2022-10-31,159985.SZ,159985.SZ,same_etf,False,1
2022-11-01,159985.SZ,159985.SZ,same_etf,False,1
2022-11-02,159985.SZ,159985.SZ,same_etf,False,1
2022-11-03,159985.SZ,159985.SZ,same_etf,False,1
2022-11-04,159985.SZ,159985.SZ,same_etf,False,1
2022-11-07,159985.SZ,159985.SZ,same_etf,False,1
2022-11-08,159985.SZ,159985.SZ,same_etf,False,1
2022-11-09,159985.SZ,159985.SZ,same_etf,False,1
2022-11-10,159985.SZ,159985.SZ,same_etf,False,1
2022-11-11,159985.SZ,159985.SZ,same_etf,False,1
2022-11-14,159985.SZ,159985.SZ,same_etf,False,1
2022-11-15,159985.SZ,159985.SZ,same_etf,False,1
2022-11-16,159985.SZ,159985.SZ,same_etf,False,1
2022-11-17,159985.SZ,159985.SZ,same_etf,False,1
2022-11-18,159985.SZ,159985.SZ,same_etf,False,1
2022-11-21,159985.SZ,159985.SZ,same_etf,False,1
2022-11-22,159985.SZ,159985.SZ,same_etf,False,1
2022-11-23,159985.SZ,159985.SZ,same_etf,False,1
2022-11-24,159985.SZ,159985.SZ,same_etf,False,1
2022-11-25,159985.SZ,159985.SZ,same_etf,False,1
2022-11-28,159985.SZ,159985.SZ,same_etf,False,1
2022-11-29,513200.SH,513200.SH,same_etf,False,1
2022-11-30,513200.SH,513200.SH,same_etf,False,1
2022-12-01,513200.SH,513200.SH,same_etf,False,1
2022-12-02,513200.SH,513200.SH,same_etf,False,1
2022-12-05,513200.SH,513200.SH,same_etf,False,1
2022-12-06,513200.SH,513200.SH,same_etf,False,1
2022-12-07,513200.SH,513200.SH,same_etf,False,1
2022-12-08,513200.SH,513200.SH,same_etf,False,1
2022-12-09,513200.SH,513200.SH,same_etf,False,1
2022-12-12,513200.SH,513200.SH,same_etf,False,1
2022-12-13,513200.SH,513200.SH,same_etf,False,1
2022-12-14,513200.SH,513200.SH,same_etf,False,1
2022-12-15,513200.SH,513200.SH,same_etf,False,1
2022-12-16,513200.SH,513200.SH,same_etf,False,1
2022-12-19,513200.SH,513200.SH,same_etf,False,1
2022-12-20,513200.SH,513200.SH,same_etf,False,1
2022-12-21,513200.SH,513200.SH,same_etf,False,1
2022-12-22,513200.SH,513200.SH,same_etf,False,1
2022-12-23,513200.SH,513200.SH,same_etf,False,1
2022-12-26,513200.SH,513200.SH,same_etf,False,1
2022-12-27,513200.SH,513200.SH,same_etf,False,1
2022-12-28,513200.SH,513200.SH,same_etf,False,1
2022-12-29,513200.SH,513200.SH,same_etf,False,1
2022-12-30,513200.SH,513200.SH,same_etf,False,1
2023-01-03,513200.SH,513200.SH,same_etf,False,1
2023-01-04,513200.SH,513200.SH,same_etf,False,1
2023-01-05,513200.SH,513200.SH,same_etf,False,1
2023-01-06,513200.SH,513200.SH,same_etf,False,1
2023-01-09,513200.SH,513200.SH,same_etf,False,1
2023-01-10,513200.SH,513200.SH,same_etf,False,1
2023-01-11,513200.SH,513200.SH,same_etf,False,1
2023-01-12,513200.SH,513200.SH,same_etf,False,1
2023-01-13,513200.SH,513200.SH,same_etf,False,1
2023-01-16,513200.SH,513200.SH,same_etf,False,1
2023-01-17,513200.SH,513200.SH,same_etf,False,1
2023-01-18,513200.SH,513200.SH,same_etf,False,1
2023-01-19,513200.SH,513200.SH,same_etf,False,1
2023-01-20,513200.SH,513200.SH,same_etf,False,1
2023-01-30,513200.SH,513200.SH,same_etf,False,1
2023-01-31,CASH,CASH,both_cash,False,0
2023-02-01,CASH,CASH,both_cash,False,0
2023-02-02,CASH,CASH,both_cash,False,0
2023-02-03,CASH,CASH,both_cash,False,0
2023-02-06,CASH,CASH,both_cash,False,0
2023-02-07,CASH,CASH,both_cash,False,0
2023-02-08,512690.SH,512690.SH,same_etf,False,1
2023-02-09,512690.SH,512690.SH,same_etf,False,1
2023-02-10,512690.SH,512690.SH,same_etf,False,1
2023-02-13,512690.SH,512690.SH,same_etf,False,1
2023-02-14,512690.SH,512690.SH,same_etf,False,1
2023-02-15,512690.SH,512690.SH,same_etf,False,1
2023-02-16,512690.SH,512690.SH,same_etf,False,1
2023-02-17,512690.SH,512690.SH,same_etf,False,1
2023-02-20,512690.SH,512690.SH,same_etf,False,1
2023-02-21,512690.SH,512690.SH,same_etf,False,1
2023-02-22,512690.SH,512690.SH,same_etf,False,1
2023-02-23,512690.SH,512690.SH,same_etf,False,1
2023-02-24,512690.SH,512690.SH,same_etf,False,1
2023-02-27,512690.SH,512690.SH,same_etf,False,1
2023-02-28,512690.SH,512690.SH,same_etf,False,1
2023-03-01,512690.SH,512690.SH,same_etf,False,1
2023-03-02,512690.SH,512690.SH,same_etf,False,1
2023-03-03,512690.SH,512690.SH,same_etf,False,1
2023-03-06,512690.SH,512690.SH,same_etf,False,1
2023-03-07,512690.SH,512690.SH,same_etf,False,1
2023-03-08,CASH,CASH,both_cash,False,0
2023-03-09,CASH,CASH,both_cash,False,0
2023-03-10,CASH,CASH,both_cash,False,0
2023-03-13,CASH,CASH,both_cash,False,0
2023-03-14,CASH,CASH,both_cash,False,0
2023-03-15,CASH,CASH,both_cash,False,0
2023-03-16,CASH,CASH,both_cash,False,0
2023-03-17,CASH,CASH,both_cash,False,0
2023-03-20,CASH,CASH,both_cash,False,0
2023-03-21,CASH,CASH,both_cash,False,0
2023-03-22,CASH,CASH,both_cash,False,0
2023-03-23,CASH,CASH,both_cash,False,0
2023-03-24,CASH,CASH,both_cash,False,0
2023-03-27,CASH,CASH,both_cash,False,0
2023-03-28,CASH,CASH,both_cash,False,0
2023-03-29,CASH,CASH,both_cash,False,0
2023-03-30,CASH,CASH,both_cash,False,0
2023-03-31,CASH,CASH,both_cash,False,0
2023-04-03,CASH,CASH,both_cash,False,0
2023-04-04,CASH,CASH,both_cash,False,0
2023-04-06,CASH,CASH,both_cash,False,0
2023-04-07,CASH,CASH,both_cash,False,0
2023-04-10,CASH,CASH,both_cash,False,0
2023-04-11,CASH,CASH,both_cash,False,0
2023-04-12,CASH,CASH,both_cash,False,0
2023-04-13,CASH,CASH,both_cash,False,0
2023-04-14,CASH,CASH,both_cash,False,0
2023-04-17,CASH,CASH,both_cash,False,0
2023-04-18,CASH,CASH,both_cash,False,0
2023-04-19,CASH,CASH,both_cash,False,0
2023-04-20,CASH,CASH,both_cash,False,0
2023-04-21,CASH,CASH,both_cash,False,0
2023-04-24,CASH,CASH,both_cash,False,0
2023-04-25,CASH,CASH,both_cash,False,0
2023-04-26,CASH,CASH,both_cash,False,0
2023-04-27,CASH,CASH,both_cash,False,0
2023-04-28,510880.SH,510880.SH,same_etf,False,1
2023-05-04,510880.SH,510880.SH,same_etf,False,1
2023-05-05,510880.SH,510880.SH,same_etf,False,1
2023-05-08,510880.SH,510880.SH,same_etf,False,1
2023-05-09,510880.SH,510880.SH,same_etf,False,1
2023-05-10,510880.SH,510880.SH,same_etf,False,1
2023-05-11,510880.SH,510880.SH,same_etf,False,1
2023-05-12,510880.SH,510880.SH,same_etf,False,1
2023-05-15,510880.SH,510880.SH,same_etf,False,1
2023-05-16,510880.SH,510880.SH,same_etf,False,1
2023-05-17,510880.SH,510880.SH,same_etf,False,1
2023-05-18,510880.SH,510880.SH,same_etf,False,1
2023-05-19,510880.SH,510880.SH,same_etf,False,1
2023-05-22,510880.SH,510880.SH,same_etf,False,1
2023-05-23,510880.SH,510880.SH,same_etf,False,1
2023-05-24,CASH,CASH,both_cash,False,0
2023-05-25,CASH,CASH,both_cash,False,0
2023-05-26,CASH,CASH,both_cash,False,0
2023-05-29,CASH,CASH,both_cash,False,0
2023-05-30,513500.SH,513500.SH,same_etf,False,1
2023-05-31,513500.SH,513500.SH,same_etf,False,1
2023-06-01,513500.SH,513500.SH,same_etf,False,1
2023-06-02,513500.SH,513500.SH,same_etf,False,1
2023-06-05,513500.SH,513500.SH,same_etf,False,1
2023-06-06,513500.SH,513500.SH,same_etf,False,1
2023-06-07,513500.SH,513500.SH,same_etf,False,1
2023-06-08,513500.SH,513500.SH,same_etf,False,1
2023-06-09,513500.SH,513500.SH,same_etf,False,1
2023-06-12,513500.SH,513500.SH,same_etf,False,1
2023-06-13,513500.SH,513500.SH,same_etf,False,1
2023-06-14,513500.SH,513500.SH,same_etf,False,1
2023-06-15,513500.SH,513500.SH,same_etf,False,1
2023-06-16,513500.SH,513500.SH,same_etf,False,1
2023-06-19,513500.SH,513500.SH,same_etf,False,1
2023-06-20,CASH,CASH,both_cash,False,0
2023-06-21,CASH,CASH,both_cash,False,0
2023-06-26,CASH,CASH,both_cash,False,0
2023-06-27,CASH,CASH,both_cash,False,0
2023-06-28,CASH,CASH,both_cash,False,0
2023-06-29,CASH,CASH,both_cash,False,0
2023-06-30,CASH,CASH,both_cash,False,0
2023-07-03,CASH,CASH,both_cash,False,0
2023-07-04,CASH,CASH,both_cash,False,0
2023-07-05,159985.SZ,159985.SZ,same_etf,False,1
2023-07-06,159985.SZ,159985.SZ,same_etf,False,1
2023-07-07,159985.SZ,159985.SZ,same_etf,False,1
2023-07-10,159985.SZ,159985.SZ,same_etf,False,1
2023-07-11,159985.SZ,159985.SZ,same_etf,False,1
2023-07-12,159985.SZ,159985.SZ,same_etf,False,1
2023-07-13,159985.SZ,159985.SZ,same_etf,False,1
2023-07-14,159985.SZ,159985.SZ,same_etf,False,1
2023-07-17,159985.SZ,159985.SZ,same_etf,False,1
2023-07-18,159985.SZ,159985.SZ,same_etf,False,1
2023-07-19,159985.SZ,159985.SZ,same_etf,False,1
2023-07-20,159985.SZ,159985.SZ,same_etf,False,1
2023-07-21,159985.SZ,159985.SZ,same_etf,False,1
2023-07-24,159985.SZ,159985.SZ,same_etf,False,1
2023-07-25,159985.SZ,159985.SZ,same_etf,False,1
2023-07-26,159985.SZ,159985.SZ,same_etf,False,1
2023-07-27,159985.SZ,159985.SZ,same_etf,False,1
2023-07-28,159985.SZ,159985.SZ,same_etf,False,1
2023-07-31,159985.SZ,159985.SZ,same_etf,False,1
2023-08-01,159985.SZ,159985.SZ,same_etf,False,1
2023-08-02,159985.SZ,159985.SZ,same_etf,False,1
2023-08-03,159985.SZ,159985.SZ,same_etf,False,1
2023-08-04,159985.SZ,159985.SZ,same_etf,False,1
2023-08-07,159985.SZ,159985.SZ,same_etf,False,1
2023-08-08,159985.SZ,159985.SZ,same_etf,False,1
2023-08-09,159985.SZ,159985.SZ,same_etf,False,1
2023-08-10,159985.SZ,159985.SZ,same_etf,False,1
2023-08-11,159985.SZ,159985.SZ,same_etf,False,1
2023-08-14,159985.SZ,159985.SZ,same_etf,False,1
2023-08-15,159985.SZ,159985.SZ,same_etf,False,1
2023-08-16,159985.SZ,159985.SZ,same_etf,False,1
2023-08-17,159985.SZ,159985.SZ,same_etf,False,1
2023-08-18,159985.SZ,159985.SZ,same_etf,False,1
2023-08-21,159985.SZ,159985.SZ,same_etf,False,1
2023-08-22,159985.SZ,159985.SZ,same_etf,False,1
2023-08-23,159985.SZ,159985.SZ,same_etf,False,1
2023-08-24,159985.SZ,159985.SZ,same_etf,False,1
2023-08-25,159985.SZ,159985.SZ,same_etf,False,1
2023-08-28,159985.SZ,159985.SZ,same_etf,False,1
2023-08-29,159985.SZ,159985.SZ,same_etf,False,1
2023-08-30,159985.SZ,159985.SZ,same_etf,False,1
2023-08-31,159985.SZ,159985.SZ,same_etf,False,1
2023-09-01,159985.SZ,159985.SZ,same_etf,False,1
2023-09-04,159985.SZ,159985.SZ,same_etf,False,1
2023-09-05,159985.SZ,159985.SZ,same_etf,False,1
2023-09-06,159985.SZ,159985.SZ,same_etf,False,1
2023-09-07,159985.SZ,159985.SZ,same_etf,False,1
2023-09-08,159985.SZ,159985.SZ,same_etf,False,1
2023-09-11,159985.SZ,159985.SZ,same_etf,False,1
2023-09-12,159985.SZ,159985.SZ,same_etf,False,1
2023-09-13,159985.SZ,159985.SZ,same_etf,False,1
2023-09-14,159985.SZ,159985.SZ,same_etf,False,1
2023-09-15,159985.SZ,159985.SZ,same_etf,False,1
2023-09-18,159985.SZ,159985.SZ,same_etf,False,1
2023-09-19,159985.SZ,159985.SZ,same_etf,False,1
2023-09-20,159985.SZ,159985.SZ,same_etf,False,1
2023-09-21,159985.SZ,159985.SZ,same_etf,False,1
2023-09-22,159985.SZ,159985.SZ,same_etf,False,1
2023-09-25,CASH,CASH,both_cash,False,0
2023-09-26,CASH,CASH,both_cash,False,0
2023-09-27,CASH,CASH,both_cash,False,0
2023-09-28,CASH,CASH,both_cash,False,0
2023-10-09,CASH,CASH,both_cash,False,0
2023-10-10,CASH,CASH,both_cash,False,0
2023-10-11,CASH,CASH,both_cash,False,0
2023-10-12,CASH,CASH,both_cash,False,0
2023-10-13,CASH,CASH,both_cash,False,0
2023-10-16,CASH,CASH,both_cash,False,0
2023-10-17,CASH,CASH,both_cash,False,0
2023-10-18,CASH,CASH,both_cash,False,0
2023-10-19,CASH,CASH,both_cash,False,0
2023-10-20,CASH,CASH,both_cash,False,0
2023-10-23,CASH,CASH,both_cash,False,0
2023-10-24,CASH,CASH,both_cash,False,0
2023-10-25,CASH,CASH,both_cash,False,0
2023-10-26,CASH,CASH,both_cash,False,0
2023-10-27,CASH,CASH,both_cash,False,0
2023-10-30,CASH,CASH,both_cash,False,0
2023-10-31,CASH,CASH,both_cash,False,0
2023-11-01,CASH,CASH,both_cash,False,0
2023-11-02,CASH,CASH,both_cash,False,0
2023-11-03,CASH,CASH,both_cash,False,0
2023-11-06,513200.SH,513200.SH,same_etf,False,1
2023-11-07,513200.SH,513200.SH,same_etf,False,1
2023-11-08,513200.SH,513200.SH,same_etf,False,1
2023-11-09,513200.SH,513200.SH,same_etf,False,1
2023-11-10,513200.SH,513200.SH,same_etf,False,1
2023-11-13,513200.SH,513200.SH,same_etf,False,1
2023-11-14,513200.SH,513200.SH,same_etf,False,1
2023-11-15,513200.SH,513200.SH,same_etf,False,1
2023-11-16,513200.SH,513200.SH,same_etf,False,1
2023-11-17,513200.SH,513200.SH,same_etf,False,1
2023-11-20,513200.SH,513200.SH,same_etf,False,1
2023-11-21,513200.SH,513200.SH,same_etf,False,1
2023-11-22,513200.SH,513200.SH,same_etf,False,1
2023-11-23,513200.SH,513200.SH,same_etf,False,1
2023-11-24,513200.SH,513200.SH,same_etf,False,1
2023-11-27,513310.SH,513310.SH,same_etf,False,1
2023-11-28,513310.SH,513310.SH,same_etf,False,1
2023-11-29,513310.SH,513310.SH,same_etf,False,1
2023-11-30,513310.SH,513310.SH,same_etf,False,1
2023-12-01,513310.SH,513310.SH,same_etf,False,1
2023-12-04,CASH,CASH,both_cash,False,0
2023-12-05,CASH,CASH,both_cash,False,0
2023-12-06,159941.SZ,159941.SZ,same_etf,False,1
2023-12-07,159941.SZ,159941.SZ,same_etf,False,1
2023-12-08,159941.SZ,159941.SZ,same_etf,False,1
2023-12-11,159941.SZ,159941.SZ,same_etf,False,1
2023-12-12,159941.SZ,159941.SZ,same_etf,False,1
2023-12-13,159941.SZ,159941.SZ,same_etf,False,1
2023-12-14,159941.SZ,159941.SZ,same_etf,False,1
2023-12-15,159941.SZ,159941.SZ,same_etf,False,1
2023-12-18,159941.SZ,159941.SZ,same_etf,False,1
2023-12-19,159941.SZ,159941.SZ,same_etf,False,1
2023-12-20,159941.SZ,159941.SZ,same_etf,False,1
2023-12-21,159941.SZ,159941.SZ,same_etf,False,1
2023-12-22,159941.SZ,159941.SZ,same_etf,False,1
2023-12-25,159941.SZ,159941.SZ,same_etf,False,1
2023-12-26,159941.SZ,159941.SZ,same_etf,False,1
2023-12-27,159941.SZ,159941.SZ,same_etf,False,1
2023-12-28,159941.SZ,159941.SZ,same_etf,False,1
2023-12-29,159941.SZ,159941.SZ,same_etf,False,1
2024-01-02,159941.SZ,159941.SZ,same_etf,False,1
2024-01-03,159941.SZ,159941.SZ,same_etf,False,1
2024-01-04,518880.SH,513520.SH,different_etfs,True,2
2024-01-05,518880.SH,513520.SH,different_etfs,True,2
2024-01-08,518880.SH,513520.SH,different_etfs,True,2
2024-01-09,518880.SH,513520.SH,different_etfs,True,2
2024-01-10,518880.SH,513520.SH,different_etfs,True,2
2024-01-11,518880.SH,513520.SH,different_etfs,True,2
2024-01-12,518880.SH,513520.SH,different_etfs,True,2
2024-01-15,518880.SH,513520.SH,different_etfs,True,2
2024-01-16,518880.SH,513520.SH,different_etfs,True,2
2024-01-17,518880.SH,513520.SH,different_etfs,True,2
2024-01-18,518880.SH,513520.SH,different_etfs,True,2
2024-01-19,518880.SH,513520.SH,different_etfs,True,2
2024-01-22,513500.SH,513520.SH,different_etfs,True,2
2024-01-23,513500.SH,513520.SH,different_etfs,True,2
2024-01-24,513500.SH,513520.SH,different_etfs,True,2
2024-01-25,512800.SH,513520.SH,different_etfs,True,2
2024-01-26,512800.SH,513520.SH,different_etfs,True,2
2024-01-29,512800.SH,513520.SH,different_etfs,True,2
2024-01-30,512800.SH,513520.SH,different_etfs,True,2
2024-01-31,512800.SH,513520.SH,different_etfs,True,2
2024-02-01,512800.SH,513520.SH,different_etfs,True,2
2024-02-02,512800.SH,513520.SH,different_etfs,True,2
2024-02-05,512800.SH,513520.SH,different_etfs,True,2
2024-02-06,512800.SH,513520.SH,different_etfs,True,2
2024-02-07,512800.SH,512800.SH,same_etf,False,1
2024-02-08,512800.SH,512800.SH,same_etf,False,1
2024-02-19,512800.SH,512800.SH,same_etf,False,1
2024-02-20,512800.SH,512800.SH,same_etf,False,1
2024-02-21,512800.SH,512800.SH,same_etf,False,1
2024-02-22,512800.SH,512800.SH,same_etf,False,1
2024-02-23,512800.SH,512800.SH,same_etf,False,1
2024-02-26,512800.SH,512800.SH,same_etf,False,1
2024-02-27,512800.SH,512800.SH,same_etf,False,1
2024-02-28,512800.SH,512800.SH,same_etf,False,1
2024-02-29,512800.SH,512800.SH,same_etf,False,1
2024-03-01,512800.SH,512800.SH,same_etf,False,1
2024-03-04,515050.SH,515050.SH,same_etf,False,1
2024-03-05,515050.SH,515050.SH,same_etf,False,1
2024-03-06,515050.SH,515050.SH,same_etf,False,1
2024-03-07,515050.SH,515050.SH,same_etf,False,1
2024-03-08,515050.SH,515050.SH,same_etf,False,1
2024-03-11,515050.SH,515050.SH,same_etf,False,1
2024-03-12,515050.SH,515050.SH,same_etf,False,1
2024-03-13,515050.SH,515050.SH,same_etf,False,1
2024-03-14,515050.SH,515050.SH,same_etf,False,1
2024-03-15,515050.SH,515050.SH,same_etf,False,1
2024-03-18,515050.SH,515050.SH,same_etf,False,1
2024-03-19,515050.SH,515050.SH,same_etf,False,1
2024-03-20,515050.SH,515050.SH,same_etf,False,1
2024-03-21,515050.SH,515050.SH,same_etf,False,1
2024-03-22,515050.SH,515050.SH,same_etf,False,1
2024-03-25,515050.SH,515050.SH,same_etf,False,1
2024-03-26,512400.SH,512400.SH,same_etf,False,1
2024-03-27,512400.SH,512400.SH,same_etf,False,1
2024-03-28,512400.SH,512400.SH,same_etf,False,1
2024-03-29,512400.SH,512400.SH,same_etf,False,1
2024-04-01,512400.SH,512400.SH,same_etf,False,1
2024-04-02,512400.SH,512400.SH,same_etf,False,1
2024-04-03,512400.SH,512400.SH,same_etf,False,1
2024-04-08,512400.SH,512400.SH,same_etf,False,1
2024-04-09,512400.SH,512400.SH,same_etf,False,1
2024-04-10,512400.SH,512400.SH,same_etf,False,1
2024-04-11,512400.SH,512400.SH,same_etf,False,1
2024-04-12,512400.SH,512400.SH,same_etf,False,1
2024-04-15,512400.SH,512400.SH,same_etf,False,1
2024-04-16,512800.SH,512800.SH,same_etf,False,1
2024-04-17,512800.SH,512800.SH,same_etf,False,1
2024-04-18,512800.SH,512800.SH,same_etf,False,1
2024-04-19,512800.SH,512800.SH,same_etf,False,1
2024-04-22,512800.SH,512800.SH,same_etf,False,1
2024-04-23,512800.SH,512800.SH,same_etf,False,1
2024-04-24,513530.SH,513530.SH,same_etf,False,1
2024-04-25,513530.SH,513530.SH,same_etf,False,1
2024-04-26,513530.SH,513530.SH,same_etf,False,1
2024-04-29,513530.SH,513530.SH,same_etf,False,1
2024-04-30,513530.SH,513530.SH,same_etf,False,1
2024-05-06,513530.SH,513530.SH,same_etf,False,1
2024-05-07,513530.SH,513530.SH,same_etf,False,1
2024-05-08,513530.SH,513530.SH,same_etf,False,1
2024-05-09,513530.SH,513530.SH,same_etf,False,1
2024-05-10,513530.SH,513530.SH,same_etf,False,1
2024-05-13,513530.SH,513530.SH,same_etf,False,1
2024-05-14,513530.SH,513530.SH,same_etf,False,1
2024-05-15,513530.SH,513530.SH,same_etf,False,1
2024-05-16,513530.SH,513530.SH,same_etf,False,1
2024-05-17,513530.SH,513530.SH,same_etf,False,1
2024-05-20,513530.SH,513530.SH,same_etf,False,1
2024-05-21,513530.SH,513530.SH,same_etf,False,1
2024-05-22,513530.SH,513530.SH,same_etf,False,1
2024-05-23,513530.SH,513530.SH,same_etf,False,1
2024-05-24,513530.SH,513530.SH,same_etf,False,1
2024-05-27,513530.SH,513530.SH,same_etf,False,1
2024-05-28,513530.SH,513530.SH,same_etf,False,1
2024-05-29,513530.SH,513530.SH,same_etf,False,1
2024-05-30,513530.SH,513530.SH,same_etf,False,1
2024-05-31,513530.SH,513530.SH,same_etf,False,1
2024-06-03,513530.SH,513530.SH,same_etf,False,1
2024-06-04,513530.SH,513530.SH,same_etf,False,1
2024-06-05,513530.SH,513530.SH,same_etf,False,1
2024-06-06,513530.SH,513530.SH,same_etf,False,1
2024-06-07,513530.SH,513530.SH,same_etf,False,1
2024-06-11,159941.SZ,159941.SZ,same_etf,False,1
2024-06-12,159941.SZ,159941.SZ,same_etf,False,1
2024-06-13,159941.SZ,159941.SZ,same_etf,False,1
2024-06-14,159941.SZ,159941.SZ,same_etf,False,1
2024-06-17,159941.SZ,159941.SZ,same_etf,False,1
2024-06-18,159941.SZ,159941.SZ,same_etf,False,1
2024-06-19,159941.SZ,159941.SZ,same_etf,False,1
2024-06-20,159941.SZ,159941.SZ,same_etf,False,1
2024-06-21,159941.SZ,159941.SZ,same_etf,False,1
2024-06-24,159941.SZ,159941.SZ,same_etf,False,1
2024-06-25,159941.SZ,159941.SZ,same_etf,False,1
2024-06-26,159941.SZ,159941.SZ,same_etf,False,1
2024-06-27,159941.SZ,159941.SZ,same_etf,False,1
2024-06-28,159941.SZ,159941.SZ,same_etf,False,1
2024-07-01,159941.SZ,159941.SZ,same_etf,False,1
2024-07-02,159941.SZ,159941.SZ,same_etf,False,1
2024-07-03,159941.SZ,159941.SZ,same_etf,False,1
2024-07-04,159941.SZ,159941.SZ,same_etf,False,1
2024-07-05,159941.SZ,159941.SZ,same_etf,False,1
2024-07-08,159941.SZ,159941.SZ,same_etf,False,1
2024-07-09,159941.SZ,159941.SZ,same_etf,False,1
2024-07-10,159941.SZ,159941.SZ,same_etf,False,1
2024-07-11,159941.SZ,159941.SZ,same_etf,False,1
2024-07-12,159941.SZ,159941.SZ,same_etf,False,1
2024-07-15,159941.SZ,159941.SZ,same_etf,False,1
2024-07-16,159941.SZ,159941.SZ,same_etf,False,1
2024-07-17,159941.SZ,159941.SZ,same_etf,False,1
2024-07-18,159941.SZ,159941.SZ,same_etf,False,1
2024-07-19,159941.SZ,159941.SZ,same_etf,False,1
2024-07-22,513500.SH,513500.SH,same_etf,False,1
2024-07-23,513500.SH,513500.SH,same_etf,False,1
2024-07-24,513500.SH,513500.SH,same_etf,False,1
2024-07-25,159611.SZ,159611.SZ,same_etf,False,1
2024-07-26,159611.SZ,159611.SZ,same_etf,False,1
2024-07-29,512800.SH,513520.SH,different_etfs,True,2
2024-07-30,512800.SH,513520.SH,different_etfs,True,2
2024-07-31,512800.SH,512760.SH,different_etfs,False,2
2024-08-01,512800.SH,512760.SH,different_etfs,False,2
2024-08-02,512800.SH,512760.SH,different_etfs,False,2
2024-08-05,512800.SH,512800.SH,same_etf,False,1
2024-08-06,512800.SH,512800.SH,same_etf,False,1
2024-08-07,CASH,CASH,both_cash,False,0
2024-08-08,CASH,CASH,both_cash,False,0
2024-08-09,CASH,CASH,both_cash,False,0
2024-08-12,CASH,CASH,both_cash,False,0
2024-08-13,CASH,CASH,both_cash,False,0
2024-08-14,CASH,CASH,both_cash,False,0
2024-08-15,CASH,CASH,both_cash,False,0
2024-08-16,518880.SH,513520.SH,different_etfs,True,2
2024-08-19,518880.SH,513520.SH,different_etfs,True,2
2024-08-20,518880.SH,513520.SH,different_etfs,True,2
2024-08-21,518880.SH,513520.SH,different_etfs,True,2
2024-08-22,518880.SH,513520.SH,different_etfs,True,2
2024-08-23,518880.SH,513520.SH,different_etfs,True,2
2024-08-26,518880.SH,513520.SH,different_etfs,True,2
2024-08-27,518880.SH,513520.SH,different_etfs,True,2
2024-08-28,518880.SH,513520.SH,different_etfs,True,2
2024-08-29,518880.SH,513520.SH,different_etfs,True,2
2024-08-30,518880.SH,513520.SH,different_etfs,True,2
2024-09-02,518880.SH,513520.SH,different_etfs,True,2
2024-09-03,518880.SH,513520.SH,different_etfs,True,2
2024-09-04,518880.SH,513500.SH,different_etfs,False,2
2024-09-05,518880.SH,513500.SH,different_etfs,False,2
2024-09-06,518880.SH,513500.SH,different_etfs,False,2
2024-09-09,518880.SH,513500.SH,different_etfs,False,2
2024-09-10,518880.SH,518880.SH,same_etf,False,1
2024-09-11,518880.SH,518880.SH,same_etf,False,1
2024-09-12,518880.SH,518880.SH,same_etf,False,1
2024-09-13,518880.SH,518880.SH,same_etf,False,1
2024-09-18,518880.SH,518880.SH,same_etf,False,1
2024-09-19,518880.SH,518880.SH,same_etf,False,1
2024-09-20,518880.SH,518880.SH,same_etf,False,1
2024-09-23,518880.SH,518880.SH,same_etf,False,1
2024-09-24,518880.SH,518880.SH,same_etf,False,1
2024-09-25,518880.SH,518880.SH,same_etf,False,1
2024-09-26,CASH,CASH,both_cash,False,0
2024-09-27,CASH,CASH,both_cash,False,0
2024-09-30,CASH,CASH,both_cash,False,0
2024-10-08,CASH,CASH,both_cash,False,0
2024-10-09,CASH,CASH,both_cash,False,0
2024-10-10,CASH,CASH,both_cash,False,0
2024-10-11,CASH,CASH,both_cash,False,0
2024-10-14,CASH,CASH,both_cash,False,0
2024-10-15,CASH,CASH,both_cash,False,0
2024-10-16,CASH,CASH,both_cash,False,0
2024-10-17,CASH,CASH,both_cash,False,0
2024-10-18,CASH,CASH,both_cash,False,0
2024-10-21,CASH,CASH,both_cash,False,0
2024-10-22,CASH,CASH,both_cash,False,0
2024-10-23,CASH,CASH,both_cash,False,0
2024-10-24,CASH,CASH,both_cash,False,0
2024-10-25,CASH,CASH,both_cash,False,0
2024-10-28,CASH,CASH,both_cash,False,0
2024-10-29,CASH,CASH,both_cash,False,0
2024-10-30,CASH,CASH,both_cash,False,0
2024-10-31,CASH,CASH,both_cash,False,0
2024-11-01,CASH,CASH,both_cash,False,0
2024-11-04,CASH,CASH,both_cash,False,0
2024-11-05,CASH,CASH,both_cash,False,0
2024-11-06,CASH,CASH,both_cash,False,0
2024-11-07,CASH,CASH,both_cash,False,0
2024-11-08,CASH,CASH,both_cash,False,0
2024-11-11,CASH,CASH,both_cash,False,0
2024-11-12,CASH,CASH,both_cash,False,0
2024-11-13,CASH,CASH,both_cash,False,0
2024-11-14,CASH,CASH,both_cash,False,0
2024-11-15,CASH,CASH,both_cash,False,0
2024-11-18,CASH,CASH,both_cash,False,0
2024-11-19,CASH,CASH,both_cash,False,0
2024-11-20,CASH,CASH,both_cash,False,0
2024-11-21,CASH,CASH,both_cash,False,0
2024-11-22,CASH,CASH,both_cash,False,0
2024-11-25,CASH,CASH,both_cash,False,0
2024-11-26,CASH,CASH,both_cash,False,0
2024-11-27,CASH,CASH,both_cash,False,0
2024-11-28,CASH,CASH,both_cash,False,0
2024-11-29,CASH,CASH,both_cash,False,0
2024-12-02,CASH,CASH,both_cash,False,0
2024-12-03,CASH,CASH,both_cash,False,0
2024-12-04,CASH,CASH,both_cash,False,0
2024-12-05,CASH,CASH,both_cash,False,0
2024-12-06,CASH,CASH,both_cash,False,0
2024-12-09,CASH,CASH,both_cash,False,0
2024-12-10,CASH,CASH,both_cash,False,0
2024-12-11,CASH,CASH,both_cash,False,0
2024-12-12,CASH,CASH,both_cash,False,0
2024-12-13,CASH,CASH,both_cash,False,0
2024-12-16,CASH,CASH,both_cash,False,0
2024-12-17,CASH,CASH,both_cash,False,0
2024-12-18,CASH,CASH,both_cash,False,0
2024-12-19,CASH,CASH,both_cash,False,0
2024-12-20,CASH,CASH,both_cash,False,0
2024-12-23,CASH,CASH,both_cash,False,0
2024-12-24,CASH,CASH,both_cash,False,0
2024-12-25,CASH,CASH,both_cash,False,0
2024-12-26,CASH,CASH,both_cash,False,0
2024-12-27,CASH,CASH,both_cash,False,0
2024-12-30,CASH,CASH,both_cash,False,0
2024-12-31,CASH,CASH,both_cash,False,0
2025-01-02,512800.SH,512800.SH,same_etf,False,1
2025-01-03,512800.SH,512800.SH,same_etf,False,1
2025-01-06,512800.SH,512800.SH,same_etf,False,1
2025-01-07,512800.SH,512800.SH,same_etf,False,1
2025-01-08,512800.SH,512800.SH,same_etf,False,1
2025-01-09,512800.SH,512800.SH,same_etf,False,1
2025-01-10,512800.SH,512800.SH,same_etf,False,1
2025-01-13,512800.SH,512800.SH,same_etf,False,1
2025-01-14,512800.SH,512800.SH,same_etf,False,1
2025-01-15,512800.SH,512800.SH,same_etf,False,1
2025-01-16,512800.SH,512800.SH,same_etf,False,1
2025-01-17,512800.SH,512800.SH,same_etf,False,1
2025-01-20,512800.SH,512800.SH,same_etf,False,1
2025-01-21,512800.SH,512800.SH,same_etf,False,1
2025-01-22,512800.SH,512800.SH,same_etf,False,1
2025-01-23,512800.SH,512800.SH,same_etf,False,1
2025-01-24,512800.SH,512800.SH,same_etf,False,1
2025-01-27,512800.SH,512800.SH,same_etf,False,1
2025-02-05,512800.SH,512800.SH,same_etf,False,1
2025-02-06,512800.SH,512800.SH,same_etf,False,1
2025-02-07,CASH,CASH,both_cash,False,0
2025-02-10,CASH,CASH,both_cash,False,0
2025-02-11,513200.SH,513200.SH,same_etf,False,1
2025-02-12,513200.SH,513200.SH,same_etf,False,1
2025-02-13,513200.SH,513200.SH,same_etf,False,1
2025-02-14,513200.SH,513200.SH,same_etf,False,1
2025-02-17,513200.SH,513200.SH,same_etf,False,1
2025-02-18,513200.SH,513200.SH,same_etf,False,1
2025-02-19,513200.SH,513200.SH,same_etf,False,1
2025-02-20,513200.SH,513200.SH,same_etf,False,1
2025-02-21,513200.SH,513200.SH,same_etf,False,1
2025-02-24,513200.SH,513200.SH,same_etf,False,1
2025-02-25,513200.SH,513200.SH,same_etf,False,1
2025-02-26,513200.SH,513200.SH,same_etf,False,1
2025-02-27,513200.SH,513200.SH,same_etf,False,1
2025-02-28,513200.SH,513200.SH,same_etf,False,1
2025-03-03,513200.SH,513200.SH,same_etf,False,1
2025-03-04,513200.SH,513200.SH,same_etf,False,1
2025-03-05,513200.SH,513200.SH,same_etf,False,1
2025-03-06,513200.SH,513200.SH,same_etf,False,1
2025-03-07,513200.SH,513200.SH,same_etf,False,1
2025-03-10,513200.SH,513200.SH,same_etf,False,1
2025-03-11,513200.SH,513200.SH,same_etf,False,1
2025-03-12,513200.SH,513200.SH,same_etf,False,1
2025-03-13,513200.SH,513200.SH,same_etf,False,1
2025-03-14,513200.SH,513200.SH,same_etf,False,1
2025-03-17,513200.SH,513200.SH,same_etf,False,1
2025-03-18,513200.SH,513200.SH,same_etf,False,1
2025-03-19,513200.SH,513200.SH,same_etf,False,1
2025-03-20,513200.SH,513200.SH,same_etf,False,1
2025-03-21,513200.SH,513200.SH,same_etf,False,1
2025-03-24,513200.SH,513200.SH,same_etf,False,1
2025-03-25,513200.SH,513200.SH,same_etf,False,1
2025-03-26,518880.SH,518880.SH,same_etf,False,1
2025-03-27,518880.SH,518880.SH,same_etf,False,1
2025-03-28,518880.SH,518880.SH,same_etf,False,1
2025-03-31,518880.SH,518880.SH,same_etf,False,1
2025-04-01,518880.SH,518880.SH,same_etf,False,1
2025-04-02,518880.SH,518880.SH,same_etf,False,1
2025-04-03,518880.SH,518880.SH,same_etf,False,1
2025-04-07,518880.SH,518880.SH,same_etf,False,1
2025-04-08,518880.SH,518880.SH,same_etf,False,1
2025-04-09,518880.SH,518880.SH,same_etf,False,1
2025-04-10,518880.SH,518880.SH,same_etf,False,1
2025-04-11,518880.SH,518880.SH,same_etf,False,1
2025-04-14,518880.SH,518880.SH,same_etf,False,1
2025-04-15,518880.SH,518880.SH,same_etf,False,1
2025-04-16,518880.SH,518880.SH,same_etf,False,1
2025-04-17,518880.SH,518880.SH,same_etf,False,1
2025-04-18,518880.SH,518880.SH,same_etf,False,1
2025-04-21,518880.SH,518880.SH,same_etf,False,1
2025-04-22,518880.SH,518880.SH,same_etf,False,1
2025-04-23,518880.SH,518880.SH,same_etf,False,1
2025-04-24,518880.SH,518880.SH,same_etf,False,1
2025-04-25,518880.SH,518880.SH,same_etf,False,1
2025-04-28,518880.SH,518880.SH,same_etf,False,1
2025-04-29,518880.SH,518880.SH,same_etf,False,1
2025-04-30,518880.SH,518880.SH,same_etf,False,1
2025-05-06,518880.SH,518880.SH,same_etf,False,1
2025-05-07,518880.SH,518880.SH,same_etf,False,1
2025-05-08,518880.SH,518880.SH,same_etf,False,1
2025-05-09,518880.SH,518880.SH,same_etf,False,1
2025-05-12,513200.SH,513200.SH,same_etf,False,1
2025-05-13,513200.SH,513200.SH,same_etf,False,1
2025-05-14,513200.SH,513200.SH,same_etf,False,1
2025-05-15,513200.SH,513200.SH,same_etf,False,1
2025-05-16,513200.SH,513200.SH,same_etf,False,1
2025-05-19,513200.SH,513200.SH,same_etf,False,1
2025-05-20,513200.SH,513200.SH,same_etf,False,1
2025-05-21,513200.SH,513200.SH,same_etf,False,1
2025-05-22,513200.SH,513200.SH,same_etf,False,1
2025-05-23,513200.SH,513200.SH,same_etf,False,1
2025-05-26,513200.SH,513200.SH,same_etf,False,1
2025-05-27,512800.SH,512800.SH,same_etf,False,1
2025-05-28,512800.SH,512800.SH,same_etf,False,1
2025-05-29,512800.SH,512800.SH,same_etf,False,1
2025-05-30,512800.SH,512800.SH,same_etf,False,1
2025-06-03,512800.SH,512800.SH,same_etf,False,1
2025-06-04,512800.SH,512800.SH,same_etf,False,1
2025-06-05,512800.SH,512800.SH,same_etf,False,1
2025-06-06,512800.SH,512800.SH,same_etf,False,1
2025-06-09,512800.SH,512800.SH,same_etf,False,1
2025-06-10,512800.SH,512800.SH,same_etf,False,1
2025-06-11,512800.SH,512800.SH,same_etf,False,1
2025-06-12,512800.SH,512800.SH,same_etf,False,1
2025-06-13,512800.SH,512800.SH,same_etf,False,1
2025-06-16,512800.SH,512800.SH,same_etf,False,1
2025-06-17,512800.SH,512800.SH,same_etf,False,1
2025-06-18,512800.SH,512800.SH,same_etf,False,1
2025-06-19,512800.SH,512800.SH,same_etf,False,1
2025-06-20,512800.SH,512800.SH,same_etf,False,1
2025-06-23,512800.SH,512800.SH,same_etf,False,1
2025-06-24,512800.SH,512800.SH,same_etf,False,1
2025-06-25,512800.SH,512800.SH,same_etf,False,1
2025-06-26,512800.SH,512800.SH,same_etf,False,1
2025-06-27,512800.SH,512800.SH,same_etf,False,1
2025-06-30,CASH,CASH,both_cash,False,0
2025-07-01,CASH,CASH,both_cash,False,0
2025-07-02,CASH,CASH,both_cash,False,0
2025-07-03,515050.SH,515050.SH,same_etf,False,1
2025-07-04,515050.SH,515050.SH,same_etf,False,1
2025-07-07,515050.SH,515050.SH,same_etf,False,1
2025-07-08,515050.SH,515050.SH,same_etf,False,1
2025-07-09,515050.SH,515050.SH,same_etf,False,1
2025-07-10,515050.SH,515050.SH,same_etf,False,1
2025-07-11,515050.SH,515050.SH,same_etf,False,1
2025-07-14,515050.SH,515050.SH,same_etf,False,1
2025-07-15,515050.SH,515050.SH,same_etf,False,1
2025-07-16,515050.SH,515050.SH,same_etf,False,1
2025-07-17,515050.SH,515050.SH,same_etf,False,1
2025-07-18,515050.SH,515050.SH,same_etf,False,1
2025-07-21,515050.SH,515050.SH,same_etf,False,1
2025-07-22,515050.SH,515050.SH,same_etf,False,1
2025-07-23,515050.SH,515050.SH,same_etf,False,1
2025-07-24,515050.SH,515050.SH,same_etf,False,1
2025-07-25,515050.SH,515050.SH,same_etf,False,1
2025-07-28,515050.SH,515050.SH,same_etf,False,1
2025-07-29,515050.SH,515050.SH,same_etf,False,1
2025-07-30,515050.SH,515050.SH,same_etf,False,1
2025-07-31,515050.SH,515050.SH,same_etf,False,1
2025-08-01,515050.SH,515050.SH,same_etf,False,1
2025-08-04,515050.SH,515050.SH,same_etf,False,1
2025-08-05,515050.SH,515050.SH,same_etf,False,1
2025-08-06,515050.SH,515050.SH,same_etf,False,1
2025-08-07,515050.SH,515050.SH,same_etf,False,1
2025-08-08,515050.SH,515050.SH,same_etf,False,1
2025-08-11,515050.SH,515050.SH,same_etf,False,1
2025-08-12,515050.SH,515050.SH,same_etf,False,1
2025-08-13,515050.SH,515050.SH,same_etf,False,1
2025-08-14,515050.SH,515050.SH,same_etf,False,1
2025-08-15,515050.SH,515050.SH,same_etf,False,1
2025-08-18,515050.SH,515050.SH,same_etf,False,1
2025-08-19,515050.SH,515050.SH,same_etf,False,1
2025-08-20,515050.SH,515050.SH,same_etf,False,1
2025-08-21,515050.SH,515050.SH,same_etf,False,1
2025-08-22,515050.SH,515050.SH,same_etf,False,1
2025-08-25,515050.SH,515050.SH,same_etf,False,1
2025-08-26,515050.SH,515050.SH,same_etf,False,1
2025-08-27,515050.SH,515050.SH,same_etf,False,1
2025-08-28,515050.SH,515050.SH,same_etf,False,1
2025-08-29,515050.SH,515050.SH,same_etf,False,1
2025-09-01,515050.SH,515050.SH,same_etf,False,1
2025-09-02,515050.SH,515050.SH,same_etf,False,1
2025-09-03,515050.SH,515050.SH,same_etf,False,1
2025-09-04,515050.SH,515050.SH,same_etf,False,1
2025-09-05,515050.SH,515050.SH,same_etf,False,1
2025-09-08,515050.SH,515050.SH,same_etf,False,1
2025-09-09,515050.SH,515050.SH,same_etf,False,1
2025-09-10,515050.SH,515050.SH,same_etf,False,1
2025-09-11,515050.SH,515050.SH,same_etf,False,1
2025-09-12,515050.SH,515050.SH,same_etf,False,1
2025-09-15,515050.SH,515050.SH,same_etf,False,1
2025-09-16,515050.SH,515050.SH,same_etf,False,1
2025-09-17,515050.SH,515050.SH,same_etf,False,1
2025-09-18,515050.SH,515050.SH,same_etf,False,1
2025-09-19,515050.SH,515050.SH,same_etf,False,1
2025-09-22,515050.SH,515050.SH,same_etf,False,1
2025-09-23,515050.SH,515050.SH,same_etf,False,1
2025-09-24,515050.SH,515050.SH,same_etf,False,1
2025-09-25,515050.SH,515050.SH,same_etf,False,1
2025-09-26,515050.SH,515050.SH,same_etf,False,1
2025-09-29,515050.SH,515050.SH,same_etf,False,1
2025-09-30,515050.SH,515050.SH,same_etf,False,1
2025-10-09,515050.SH,515050.SH,same_etf,False,1
2025-10-10,515050.SH,515050.SH,same_etf,False,1
2025-10-13,515050.SH,515050.SH,same_etf,False,1
2025-10-14,515050.SH,515050.SH,same_etf,False,1
2025-10-15,515050.SH,515050.SH,same_etf,False,1
2025-10-16,515050.SH,515050.SH,same_etf,False,1
2025-10-17,515050.SH,515050.SH,same_etf,False,1
2025-10-20,515050.SH,515050.SH,same_etf,False,1
2025-10-21,515050.SH,515050.SH,same_etf,False,1
2025-10-22,515050.SH,515050.SH,same_etf,False,1
2025-10-23,515050.SH,515050.SH,same_etf,False,1
2025-10-24,515050.SH,515050.SH,same_etf,False,1
2025-10-27,515050.SH,515050.SH,same_etf,False,1
2025-10-28,515050.SH,515050.SH,same_etf,False,1
2025-10-29,515050.SH,515050.SH,same_etf,False,1
2025-10-30,515050.SH,515050.SH,same_etf,False,1
2025-10-31,CASH,CASH,both_cash,False,0
2025-11-03,CASH,CASH,both_cash,False,0
2025-11-04,CASH,CASH,both_cash,False,0
2025-11-05,CASH,CASH,both_cash,False,0
2025-11-06,CASH,CASH,both_cash,False,0
2025-11-07,CASH,CASH,both_cash,False,0
2025-11-10,CASH,CASH,both_cash,False,0
2025-11-11,CASH,CASH,both_cash,False,0
2025-11-12,CASH,CASH,both_cash,False,0
2025-11-13,CASH,CASH,both_cash,False,0
2025-11-14,CASH,CASH,both_cash,False,0
2025-11-17,CASH,CASH,both_cash,False,0
2025-11-18,CASH,CASH,both_cash,False,0
2025-11-19,CASH,CASH,both_cash,False,0
2025-11-20,CASH,CASH,both_cash,False,0
2025-11-21,CASH,CASH,both_cash,False,0
2025-11-24,CASH,CASH,both_cash,False,0
2025-11-25,CASH,CASH,both_cash,False,0
2025-11-26,CASH,CASH,both_cash,False,0
2025-11-27,CASH,CASH,both_cash,False,0
2025-11-28,CASH,CASH,both_cash,False,0
2025-12-01,CASH,CASH,both_cash,False,0
2025-12-02,CASH,CASH,both_cash,False,0
2025-12-03,CASH,CASH,both_cash,False,0
2025-12-04,CASH,CASH,both_cash,False,0
2025-12-05,CASH,CASH,both_cash,False,0
2025-12-08,CASH,CASH,both_cash,False,0
2025-12-09,CASH,CASH,both_cash,False,0
2025-12-10,CASH,CASH,both_cash,False,0
2025-12-11,CASH,CASH,both_cash,False,0
2025-12-12,CASH,CASH,both_cash,False,0
2025-12-15,CASH,CASH,both_cash,False,0
2025-12-16,CASH,CASH,both_cash,False,0
2025-12-17,513500.SH,513500.SH,same_etf,False,1
2025-12-18,513500.SH,513500.SH,same_etf,False,1
2025-12-19,513500.SH,513500.SH,same_etf,False,1
2025-12-22,CASH,CASH,both_cash,False,0
2025-12-23,CASH,CASH,both_cash,False,0
2025-12-24,512070.SH,512070.SH,same_etf,False,1
2025-12-25,512070.SH,512070.SH,same_etf,False,1
2025-12-26,512070.SH,512070.SH,same_etf,False,1
2025-12-29,512070.SH,512070.SH,same_etf,False,1
2025-12-30,512070.SH,512070.SH,same_etf,False,1
2025-12-31,512070.SH,512070.SH,same_etf,False,1
2026-01-05,512070.SH,512070.SH,same_etf,False,1
2026-01-06,512070.SH,512070.SH,same_etf,False,1
2026-01-07,512070.SH,512070.SH,same_etf,False,1
2026-01-08,512070.SH,512070.SH,same_etf,False,1
2026-01-09,512070.SH,512070.SH,same_etf,False,1
2026-01-12,CASH,CASH,both_cash,False,0
2026-01-13,CASH,CASH,both_cash,False,0
2026-01-14,CASH,CASH,both_cash,False,0
2026-01-15,CASH,CASH,both_cash,False,0
2026-01-16,CASH,CASH,both_cash,False,0
2026-01-19,CASH,CASH,both_cash,False,0
2026-01-20,CASH,CASH,both_cash,False,0
2026-01-21,CASH,CASH,both_cash,False,0
2026-01-22,CASH,CASH,both_cash,False,0
2026-01-23,CASH,CASH,both_cash,False,0
2026-01-26,CASH,CASH,both_cash,False,0
2026-01-27,CASH,CASH,both_cash,False,0
2026-01-28,CASH,CASH,both_cash,False,0
2026-01-29,CASH,CASH,both_cash,False,0
2026-01-30,CASH,CASH,both_cash,False,0
2026-02-02,CASH,CASH,both_cash,False,0
2026-02-03,CASH,CASH,both_cash,False,0
2026-02-04,CASH,CASH,both_cash,False,0
2026-02-05,CASH,CASH,both_cash,False,0
2026-02-06,CASH,CASH,both_cash,False,0
2026-02-09,CASH,CASH,both_cash,False,0
2026-02-10,CASH,CASH,both_cash,False,0
2026-02-11,CASH,CASH,both_cash,False,0
2026-02-12,CASH,CASH,both_cash,False,0
2026-02-13,CASH,CASH,both_cash,False,0
2026-02-24,CASH,CASH,both_cash,False,0
2026-02-25,CASH,CASH,both_cash,False,0
2026-02-26,CASH,CASH,both_cash,False,0
2026-02-27,CASH,CASH,both_cash,False,0
2026-03-02,CASH,CASH,both_cash,False,0
2026-03-03,CASH,CASH,both_cash,False,0
2026-03-04,CASH,CASH,both_cash,False,0
2026-03-05,CASH,CASH,both_cash,False,0
2026-03-06,CASH,CASH,both_cash,False,0
2026-03-09,CASH,CASH,both_cash,False,0
2026-03-10,CASH,CASH,both_cash,False,0
2026-03-11,CASH,CASH,both_cash,False,0
2026-03-12,CASH,CASH,both_cash,False,0
2026-03-13,CASH,CASH,both_cash,False,0
2026-03-16,CASH,CASH,both_cash,False,0
2026-03-17,CASH,CASH,both_cash,False,0
2026-03-18,CASH,CASH,both_cash,False,0
2026-03-19,159611.SZ,159611.SZ,same_etf,False,1
2026-03-20,159611.SZ,159611.SZ,same_etf,False,1
2026-03-23,159611.SZ,159611.SZ,same_etf,False,1
2026-03-24,159611.SZ,159611.SZ,same_etf,False,1
2026-03-25,159611.SZ,159611.SZ,same_etf,False,1
2026-03-26,159611.SZ,159611.SZ,same_etf,False,1
2026-03-27,159611.SZ,159611.SZ,same_etf,False,1
2026-03-30,159611.SZ,159611.SZ,same_etf,False,1
2026-03-31,159611.SZ,159611.SZ,same_etf,False,1
2026-04-01,CASH,CASH,both_cash,False,0
2026-04-02,CASH,CASH,both_cash,False,0
2026-04-03,CASH,CASH,both_cash,False,0
2026-04-07,515050.SH,515050.SH,same_etf,False,1
2026-04-08,515050.SH,515050.SH,same_etf,False,1
2026-04-09,515050.SH,515050.SH,same_etf,False,1
2026-04-10,515050.SH,515050.SH,same_etf,False,1
2026-04-13,515050.SH,515050.SH,same_etf,False,1
2026-04-14,515050.SH,515050.SH,same_etf,False,1
2026-04-15,515050.SH,515050.SH,same_etf,False,1
2026-04-16,515050.SH,515050.SH,same_etf,False,1
2026-04-17,515050.SH,515050.SH,same_etf,False,1
2026-04-20,515050.SH,515050.SH,same_etf,False,1
2026-04-21,515050.SH,515050.SH,same_etf,False,1
2026-04-22,515050.SH,515050.SH,same_etf,False,1
2026-04-23,515050.SH,515050.SH,same_etf,False,1
2026-04-24,515050.SH,515050.SH,same_etf,False,1
2026-04-27,515050.SH,515050.SH,same_etf,False,1
2026-04-28,515050.SH,515050.SH,same_etf,False,1
2026-04-29,515050.SH,515050.SH,same_etf,False,1
2026-04-30,515050.SH,515050.SH,same_etf,False,1
2026-05-06,515050.SH,515050.SH,same_etf,False,1
2026-05-07,515050.SH,515050.SH,same_etf,False,1
2026-05-08,515050.SH,515050.SH,same_etf,False,1
2026-05-11,515050.SH,515050.SH,same_etf,False,1
2026-05-12,515050.SH,515050.SH,same_etf,False,1
2026-05-13,515050.SH,515050.SH,same_etf,False,1
2026-05-14,515050.SH,515050.SH,same_etf,False,1
2026-05-15,515050.SH,515050.SH,same_etf,False,1
2026-05-18,515050.SH,515050.SH,same_etf,False,1
2026-05-19,515050.SH,515050.SH,same_etf,False,1
2026-05-20,515050.SH,515050.SH,same_etf,False,1
2026-05-21,515050.SH,515050.SH,same_etf,False,1
2026-05-22,515050.SH,515050.SH,same_etf,False,1
2026-05-25,515050.SH,515050.SH,same_etf,False,1
2026-05-26,515050.SH,515050.SH,same_etf,False,1
2026-05-27,515050.SH,515050.SH,same_etf,False,1
2026-05-28,515050.SH,515050.SH,same_etf,False,1
2026-05-29,515050.SH,515050.SH,same_etf,False,1
2026-06-01,515050.SH,515050.SH,same_etf,False,1
2026-06-02,515050.SH,515050.SH,same_etf,False,1
2026-06-03,515050.SH,515050.SH,same_etf,False,1
2026-06-04,515050.SH,515050.SH,same_etf,False,1
2026-06-05,515050.SH,515050.SH,same_etf,False,1
2026-06-08,515050.SH,515050.SH,same_etf,False,1
2026-06-09,515050.SH,515050.SH,same_etf,False,1
2026-06-10,515050.SH,515050.SH,same_etf,False,1
2026-06-11,515050.SH,515050.SH,same_etf,False,1
2026-06-12,515050.SH,515050.SH,same_etf,False,1
2026-06-15,515050.SH,515050.SH,same_etf,False,1
2026-06-16,515050.SH,515050.SH,same_etf,False,1
2026-06-17,515050.SH,515050.SH,same_etf,False,1
2026-06-18,515050.SH,515050.SH,same_etf,False,1
2026-06-22,515050.SH,515050.SH,same_etf,False,1
2026-06-23,515050.SH,515050.SH,same_etf,False,1
2026-06-24,515050.SH,515050.SH,same_etf,False,1
2026-06-25,515050.SH,515050.SH,same_etf,False,1
2026-06-26,515050.SH,515050.SH,same_etf,False,1
2026-06-29,CASH,CASH,both_cash,False,0
2026-06-30,CASH,CASH,both_cash,False,0
2026-07-01,CASH,CASH,both_cash,False,0
2026-07-02,CASH,CASH,both_cash,False,0
2026-07-03,CASH,CASH,both_cash,False,0
2026-07-06,CASH,CASH,both_cash,False,0
2026-07-07,CASH,CASH,both_cash,False,0
2026-07-08,CASH,CASH,both_cash,False,0
2026-07-09,CASH,CASH,both_cash,False,0
2026-07-10,512010.SH,512010.SH,same_etf,False,1
2026-07-13,CASH,CASH,both_cash,False,0
2026-07-14,CASH,CASH,both_cash,False,0
2026-07-15,CASH,CASH,both_cash,False,0
2026-07-16,CASH,CASH,both_cash,False,0
2026-07-17,159985.SZ,159985.SZ,same_etf,False,1
2026-07-20,159985.SZ,159985.SZ,same_etf,False,1
2026-07-21,159985.SZ,159985.SZ,same_etf,False,1
2026-07-22,159985.SZ,159985.SZ,same_etf,False,1
2026-07-23,159985.SZ,159985.SZ,same_etf,False,1
2026-07-24,159985.SZ,159985.SZ,same_etf,False,1
2026-07-27,159985.SZ,159985.SZ,same_etf,False,1
2026-07-28,159985.SZ,159985.SZ,same_etf,False,1
