symbol,entry_date,exit_date,entry_price,exit_price,startup_anchor_date,peak_date,entry_delay_days,exit_delay_days,holding_days,entry_markup_from_base,post_entry_peak_return,peak_giveback,move_capture_ratio,false_start,entry_forward_max_return_20d,entry_forward_return_20d,post_exit_max_return_10d,fixed_horizon_false_buy,material_premature_exit,failed_operation
512800.SH,2018-09-21,2018-10-17,0.47056399880647665,0.47043478595018384,2018-09-11,2018-09-28,8,8,12,0.02968055102343592,0.04980404173208752,-0.047702839009117315,0.3631026598169661,True,0.04980404173208752,0.024302740003079304,0.045841056579431605,True,False,True
512800.SH,2018-11-06,2018-11-13,0.49058800954818726,0.4714336028575897,2018-10-11,2018-11-08,18,3,5,0.06649565358403065,-0.001198561725929026,-0.03789062513836794,0.38111980195364314,True,-0.001198561725929026,-0.01750555671308951,0.026655703886262705,True,False,True
510880.SH,2019-01-28,2019-02-28,1.6509788486957548,1.8777439952373505,2019-01-03,2019-03-06,17,-4,18,0.09408807836751043,0.2077683245994073,-0.058302891297626,0.7602969909855659,False,0.17748328953927706,0.17748328953927706,0.06191257333046862,False,True,True
513500.SH,2019-05-20,2019-05-27,0.9244893909156322,0.9045511052310468,2019-05-14,2019-06-10,4,-9,5,0.02493279451483943,0.004879049079255626,-0.026317453465069973,0.09448497301235044,True,0.005960713331136569,0.003797320354331113,0.027028782182372035,True,False,True
513500.SH,2019-06-13,2019-06-20,0.9285001990437506,0.9374619976222515,2019-06-03,2019-07-04,7,-10,5,0.056314209876021426,0.037156481511736006,-0.02651921278666325,0.6959761367813196,True,0.037156481511736006,0.037156481511736006,0.02724163962452364,True,False,True
513500.SH,2019-07-02,2019-07-09,0.9545704219937323,0.9524214833557606,2019-06-03,2019-07-15,20,-4,5,0.08597316631465546,0.017211505158078122,-0.01913340069906244,0.7980594474002015,True,0.021401880235777826,0.021401880235777826,0.019506628845042506,True,False,True
513500.SH,2019-07-17,2019-08-05,0.967605473703146,0.9574079786002637,2019-06-26,2019-07-29,15,5,13,0.03820331868052462,0.00764211276152893,-0.018043122883500184,0.5908830725748236,True,0.00764211276152893,-0.007860120025686479,0.010018747747594814,True,False,True
159915.SZ,2019-08-20,2019-08-30,1.5668780572891237,1.5671172057151794,2019-08-07,2019-09-09,9,-6,8,0.08284590765308808,0.06581360898878419,-0.061606439528944845,0.5386422265094812,False,0.06581360898878419,0.03198840284044158,0.06565096151983352,False,True,True
159915.SZ,2019-09-09,2019-09-27,1.6409668582439425,1.5601256361961364,2019-08-13,2019-09-09,19,13,13,0.11630396347362582,0.017692678371202808,-0.06579300821080769,0.4506281990867371,True,0.017692678371202808,-0.026793262253919092,0.036454979183644376,True,False,True
513500.SH,2019-09-27,2019-10-11,0.9886622014343739,0.96837831569314,2019-08-29,2019-10-22,20,-7,5,0.026648184760039273,0.0013531498427150623,-0.02184009458113112,0.19919682130754926,True,0.011467818380410444,0.011467818380410444,0.022327734412482148,True,False,True
159915.SZ,2019-11-01,2019-11-18,1.6109307675361635,1.6110644352436065,2019-10-08,2019-11-19,18,-1,11,0.03530255363766854,0.034184734786046,-0.032974533647322724,0.5005857618610507,True,0.034184734786046,-0.0067853590697901645,0.034098929960647784,True,False,True
513500.SH,2019-11-19,2019-12-18,1.0317783439874648,1.0471649524450302,2019-10-23,2019-12-27,19,-7,21,0.04855519866669744,0.032198498278810384,-0.016746576354161546,0.7798136029522666,True,0.021537257657314957,0.01862963607529866,0.01703180070511867,True,False,True
512800.SH,2019-12-20,2019-12-27,0.5686816186189652,0.5663195719003677,2019-11-29,2020-01-03,15,-4,5,0.043452479274262545,0.014627522752968858,-0.018510311313911454,0.6662359911412609,True,0.014627522752968858,-0.008232388695658677,0.018859404767350263,True,False,True
159915.SZ,2019-12-27,2020-01-06,1.7300736448764802,1.753892841911316,2019-11-29,2020-01-20,20,-10,5,0.08129601193523395,0.10110917938743547,-0.07932132900149913,0.5045667033935574,False,0.10862331699804573,0.04966629028723535,0.08615528033844111,False,True,True
518880.SH,2020-06-04,2020-06-08,3.819578057289124,3.769471129512787,2020-05-07,2020-06-22,20,-10,2,0.025940909592162775,0.017389842463915173,-0.0299868221643389,0.28509888001684935,True,0.03126571369947628,0.021578795323352606,0.030913829677290394,True,False,True
159941.SZ,2020-06-08,2020-06-30,0.5444660827875137,0.5465203781247139,2020-05-14,2020-07-13,17,-9,14,0.07815066916541924,0.07995707742301894,-0.07054357386409316,0.5002455511598122,False,0.052407178229868956,0.0505705401783727,0.07589766650747554,False,True,True
159985.SZ,2020-11-03,2020-11-13,1.1093296401023867,1.1626032342910766,2020-09-29,2020-11-23,19,-6,8,0.034822399691835315,0.07452283647738445,-0.024661741949697946,0.7550266998995663,False,0.07452283647738445,0.04387366073057142,0.025285322036886715,False,False,False
513500.SH,2021-03-25,2021-04-02,1.194215684700012,1.2456276533961295,2021-03-05,2021-04-16,14,-9,6,0.03664560426073882,0.08188166665861685,-0.03589195041152127,0.6687688059325307,False,0.08188166665861685,0.0617847537266627,0.03722814100228855,False,False,False
159941.SZ,2021-04-09,2021-04-29,0.7008873009562492,0.7030964833557606,2021-03-19,2021-04-14,14,11,14,0.08833432873091063,0.013001630324370073,-0.00972323295099331,0.8954015638998062,True,0.013001630324370073,-0.04977589453480202,-0.0029818214155851175,True,False,True
512760.SH,2021-06-08,2021-08-19,0.6437716066837311,0.7550927823781968,2021-05-11,2021-07-30,20,14,51,0.17476575264898075,0.36539107810957305,-0.14096385049527793,0.6256579622884508,False,0.18364963040851623,0.18364963040851623,0.08331060458599993,False,True,True
159865.SZ,2021-10-28,2021-10-29,0.8039635732650757,0.7910495957136154,2021-09-23,2021-11-04,20,-4,1,0.0762564870760849,0.08960158924584727,-0.09697533408710068,0.341469875398578,False,0.08960158924584727,0.02119052065826188,0.10738946315388298,False,True,True
512980.SH,2021-11-11,2021-11-17,0.7388855756521225,0.7870543876171112,2021-10-28,2021-11-17,10,0,4,0.0914115077466231,0.07459132473000119,-0.008747659556898824,0.9406355609329902,False,0.07459132473000119,0.03534296906488499,-0.0026101898717409977,False,False,False
510630.SH,2021-10-29,2021-11-18,1.3876632372379305,1.4073092390537263,2021-09-24,2021-11-04,20,10,14,0.07155465886028378,0.03555387047645353,-0.020661653748870634,0.7909099955254573,True,0.03555387047645353,0.012493473694920265,0.009728327208436971,True,False,True
159865.SZ,2021-11-17,2021-11-26,0.8640355756521225,0.820014779996872,2021-10-28,2021-11-18,14,6,7,0.09233320641789056,-0.005827941133794146,-0.04538445395728674,0.4266876982182619,True,-0.005827941133794146,-0.045178217972783985,0.024371748247221214,True,False,True
512690.SH,2021-11-25,2021-12-28,0.9611519785165789,1.0097868371486665,2021-11-12,2021-12-14,9,10,23,0.1267901467441226,0.10492415349203355,-0.04916496921773783,0.7501761418921021,False,0.10492415349203355,0.06642861802157962,-0.03048847902608287,False,False,False
512200.SH,2022-01-25,2022-02-07,2.3287911751747137,2.203352889537811,2021-12-29,2022-02-21,18,-10,4,0.05137303178997055,-0.009357323923375294,-0.0449271936602772,-0.12659808332210537,True,-0.009357323923375294,-0.04671571574309252,0.04704059560910223,True,False,True
159981.SZ,2022-02-15,2022-04-07,1.6489763551235201,1.6899696314334869,2022-01-11,2022-03-07,20,21,35,0.09421127306980615,0.1249403384771599,-0.08896516762432538,0.5257748157394599,False,0.1249403384771599,-0.012114428784781972,0.023687045551253005,False,False,False
510880.SH,2022-04-13,2022-04-22,2.4499364267349244,2.3292016171455385,2022-03-15,2022-04-14,19,6,7,0.15726797710911455,0.03472076179916628,-0.08118282513497921,0.5076591456058828,True,0.03472076179916628,-0.05385296822149155,-0.002233269701885421,True,False,True
518880.SH,2022-05-09,2022-05-16,3.9467303121566775,3.872347693347931,2022-04-06,2022-05-09,20,5,5,0.0288660968404566,-0.001958689919029477,-0.016921096667387503,0.35289081485974333,True,-0.001958689919029477,-0.02349545402641684,0.011531082821381267,True,False,True
159981.SZ,2022-05-30,2022-06-14,1.7390843885421754,1.8198136266708373,2022-05-10,2022-06-08,14,4,10,0.07550056028366647,0.07355341470955845,-0.02527389262263069,0.8112545715332027,False,0.07355341470955845,-0.0374245000273975,-0.022976874620042276,False,False,False
159755.SZ,2022-06-07,2022-07-29,1.1213440047740937,1.2055516171455383,2022-05-09,2022-07-07,20,16,38,0.29935577795217916,0.17715887973023503,-0.08670335663543716,0.7495658291454664,False,0.16645736095254526,0.1477298094008821,0.02608629192073275,False,False,False
159941.SZ,2022-08-17,2022-08-30,0.7149250995218753,0.6612098876357079,2022-07-27,2022-08-17,15,9,9,0.11881862460462944,-0.0068890027540524645,-0.06871843997346161,0.31281542719752264,True,-0.0068890027540524645,-0.09081388163201098,0.02841778362395253,True,False,True
159865.SZ,2022-09-01,2022-09-16,0.8760500000000001,0.8439860285758972,2022-08-10,2022-09-02,16,9,10,0.06059325217672429,0.013640786991714782,-0.049565295383969366,0.2900974654581667,True,0.013640786991714782,-0.10963989339675773,-0.009462245858504414,True,False,True
518880.SH,2022-10-11,2022-10-12,3.808564700698853,3.797437645721436,2022-09-16,2022-10-25,12,-9,1,0.021610723361855655,0.004840459195293301,-0.007724655802246794,0.7013912743596352,True,0.007991274493544198,0.007991274493544198,0.007784790630358973,True,False,True
159985.SZ,2022-10-12,2022-12-05,1.7571059952259065,1.8547715933322908,2022-09-06,2022-12-09,20,-4,38,0.0655584859914633,0.10636467635073488,-0.04589938895427814,0.697530761456521,False,0.052298485199861355,0.052298485199861355,0.04810749351053345,False,False,False
513200.SH,2022-11-30,2023-02-02,0.967605473703146,1.102016519021988,2022-11-03,2023-01-16,19,8,40,0.11091329817275142,0.17196520126457826,-0.028204079628024736,0.8783899978401822,False,0.06345000295513836,0.05001476328628951,0.009059273941538049,False,False,False
512690.SH,2023-02-09,2023-03-09,0.8820571823358536,0.9059116052389147,2023-01-06,2023-02-20,19,13,20,0.003478013881033304,0.08836478832366312,-0.05634205678373194,0.3322420611735227,False,0.08836478832366312,0.020341984830022586,-0.0021101628056048316,False,False,False
510880.SH,2023-05-04,2023-05-25,2.6391631178855897,2.5549304876327517,2023-03-31,2023-05-08,20,13,15,0.06503760981037643,0.07344632299825249,-0.09815371072478818,0.21670579686200958,False,0.07344632299825249,-0.02658536400726763,0.034861835264855534,False,False,False
513500.SH,2023-05-31,2023-06-21,1.4097962181687353,1.4829850885868072,2023-05-05,2023-07-03,18,-6,15,0.06319475454842771,0.07958862108051301,-0.025633947266414214,0.8009445378723699,False,0.06611154265484376,0.06611154265484376,0.026308333705282738,False,False,False
159985.SZ,2023-07-06,2023-09-26,2.0124119904518127,2.2732688228607176,2023-06-07,2023-08-29,19,20,58,0.1453682557801239,0.17868507555782354,-0.041623590654192744,0.8394615371911649,False,0.08625873781843585,0.06986050896312235,0.006480220817996818,False,False,False
513200.SH,2023-11-07,2023-11-29,0.9305055732250214,0.887596985733509,2023-10-23,2023-11-08,11,15,16,0.1602314080661138,-0.008066147453063666,-0.03835643897433538,0.7074132669110943,True,-0.008066147453063666,-0.1391776448257529,-0.01644548169825022,True,False,True
513310.SH,2023-11-28,2023-12-13,1.2303128980875013,1.2117195332884787,2023-10-31,2023-11-30,20,9,11,0.06797999223069962,0.009499279181907738,-0.024380395245027553,0.6635506747905554,True,0.009499279181907738,-0.01569757778675518,0.020863289377551775,True,False,True
159941.SZ,2023-12-07,2024-01-05,0.8633247014343738,0.8856024114131927,2023-11-10,2024-01-19,19,-10,20,0.02532623944389001,0.08765567454552481,-0.05686645205609375,0.44950930410042905,False,0.06333107498099877,0.025106763414588507,0.060295227733194734,False,True,True
518880.SH,2024-01-05,2024-01-16,4.664590719795227,4.668390986633301,2023-12-13,2024-01-16,16,0,7,0.02993837937056454,0.0026603247158378807,-0.0018407224842430514,0.9418307759223441,True,0.00308905580107921,0.00308905580107921,-0.004582124917671071,True,False,True
159941.SZ,2024-01-16,2024-01-29,0.9214813296437263,0.9474349881112575,2024-01-05,2024-02-08,7,-8,9,0.041221852625527244,0.07218664545628584,-0.04105768073736493,0.606165112701982,False,0.07218664545628584,0.0504824825143777,0.042815589543420796,False,False,False
513500.SH,2024-01-29,2024-01-30,1.6584658439874649,1.6694802247285843,2024-01-05,2024-02-08,16,-7,1,0.048334908970672164,0.052177234215961876,-0.04327781079279236,0.5366884307741369,False,0.08172262700965427,0.07870779541106865,0.04523550439303037,False,False,False
512800.SH,2024-01-30,2024-03-05,0.5616731894969941,0.5743099880933762,2024-01-02,2024-02-23,20,7,19,0.07806748499301563,0.0593349295220611,-0.034773175667201284,0.7204048614836409,False,0.0593349295220611,0.03618977734605289,0.01687242695486524,False,False,False
515050.SH,2024-03-05,2024-03-28,0.31237440644502634,0.29764240785837176,2024-02-05,2024-03-19,15,7,17,0.31249747583100573,0.053223277570924266,-0.09531181972801417,0.6554110820765874,False,0.053223277570924266,-0.01080248867684852,0.058316924266053505,False,True,True
512400.SH,2024-03-27,2024-04-17,0.9851808272123338,1.0527352200031281,2024-02-28,2024-04-12,20,3,13,0.11068861353081849,0.12162152221353395,-0.047298459880734556,0.7602532095051366,False,0.12162152221353395,0.07594455099061892,0.03824782679560035,False,False,False
512800.SH,2024-04-17,2024-04-25,0.5917092205286026,0.5982811771392822,2024-03-19,2024-05-13,19,-9,6,0.039910746183102974,0.049501968786287875,-0.03658424323840015,0.5630996000756509,True,0.07316223650525577,0.06809224389383406,0.03797347404963913,False,False,False
513530.SH,2024-04-25,2024-06-14,1.0207486066937446,1.1578653133153916,2024-03-27,2024-05-28,19,12,32,0.06661294501997905,0.22851007611301566,-0.07666239165405653,0.6763142848083183,False,0.22851007611301566,0.22851007611301566,0.06748162123170198,False,True,True
159941.SZ,2024-06-12,2024-07-23,1.0648674363374708,1.1129868561148646,2024-05-14,2024-07-11,20,8,29,0.06486743633747083,0.09403285526314376,-0.04464644415561303,0.6847689832528995,False,0.08933743960762763,0.08088573620671435,-0.010770032625630033,False,False,False
513500.SH,2024-07-23,2024-07-26,1.984343272268772,1.8958673228263854,2024-06-25,2024-07-23,20,3,3,0.04055759246612256,-0.0006769152460778249,-0.04393984642862092,-0.14648169716172496,True,-0.0006769152460778249,-0.00924402124660939,0.04015717720222001,True,False,True
159611.SZ,2024-07-26,2024-07-31,1.0582684410572052,1.0347568133354188,2024-07-17,2024-07-29,7,2,3,0.0175658460329442,-0.0030885296985965205,-0.019187805894724463,-0.3495435678579356,True,-0.0030885296985965205,-0.052225331430234556,-0.004597062695644527,True,False,True
512800.SH,2024-07-30,2024-08-08,0.6417691727876664,0.6232512128591537,2024-07-05,2024-08-22,17,-10,7,0.030127040550100403,0.029965354179043224,-0.057108622889265215,0.006610189260494405,True,0.039314482512775584,0.039314482512775584,0.060567552398518076,True,True,True
518880.SH,2024-08-19,2024-09-26,5.508602254867554,5.753088228607178,2024-07-25,2024-10-17,17,-10,26,0.03409087833903501,0.07195980697109272,-0.025725990821955036,0.7371765343347464,False,0.018588709336768705,0.018225667144035285,0.026405293151214204,True,False,True
159851.SZ,2024-09-26,2024-12-11,0.4205039868712425,0.8030352200031281,2024-08-27,2024-11-11,20,22,49,0.18451830867533903,0.9571752932755868,-0.024258558310687017,0.9573401863727615,False,0.7241216408819722,0.7241216408819722,0.02486166649710797,False,False,False
512800.SH,2025-01-03,2025-02-10,0.7268712109804154,0.7351168014287949,2024-12-05,2025-02-18,20,-6,20,0.03248752119182208,0.04695297611554139,-0.03401205903037419,0.5459090420275616,True,0.034571135698831634,0.016686327987280647,0.03520961037695147,True,False,True
513200.SH,2025-02-12,2025-03-28,0.7109142913937568,0.8417211819291115,2025-01-13,2025-04-01,16,-2,32,0.1160349517319359,0.23221603184820938,-0.03913105673525352,0.8565740145156041,False,0.15907080632492487,0.11546496171736176,0.04072465554178262,False,False,False
518880.SH,2025-03-27,2025-05-13,6.805156331253053,7.282250689506531,2025-02-28,2025-04-22,19,12,29,0.05604540300918015,0.17293409373377933,-0.08766589772541733,0.5450265695630339,False,0.17293409373377933,0.1065139202205263,0.023584646286107125,False,False,False
513200.SH,2025-05-13,2025-05-29,0.8182031847000122,0.8696455790758133,2025-04-10,2025-06-12,20,-9,12,0.08371283426166576,0.2808554130105614,-0.1701854987811191,0.39128187904772516,False,0.2319678474266007,0.22952349828669028,0.20508860538245655,False,True,True
512800.SH,2025-05-28,2025-07-01,0.8049648200511933,0.8539740190505981,2025-04-30,2025-07-10,17,-7,23,0.05916425020022453,0.1255150480516567,-0.05742383888378011,0.6436576081232137,False,0.09445774574471,0.09445774574471,0.060922227033386234,False,True,True
515050.SH,2025-07-04,2025-11-04,0.3964751978516579,0.7081491914272309,2025-06-10,2025-10-29,18,4,81,0.11369435659549687,0.929502752858482,-0.07431476513821655,0.8610004960447437,False,0.1778794995497388,0.15265718975642684,0.009674207680613334,False,False,False
513500.SH,2025-12-18,2025-12-24,2.4185123407125473,2.449368889403343,2025-11-21,2026-01-05,19,-6,4,0.02696913848181115,0.02046199790033687,-0.007549046287016914,0.8351233665150352,True,0.02046199790033687,0.009298130776557612,0.007606467865010735,True,False,True
512070.SH,2025-12-25,2026-01-13,0.9271111990451812,0.94786120095253,2025-12-03,2026-01-06,16,5,11,0.09587610141948533,0.07214756834636615,-0.04641731979024666,0.688251242595735,False,0.07214756834636615,-0.022770926451013973,-0.010403609281189552,False,False,False
159611.SZ,2026-03-20,2026-04-02,1.1433703598976137,1.0986800238132477,2026-02-13,2026-03-25,19,6,9,0.11657256405316274,0.049528735195805806,-0.08443334987031026,0.42431804307112975,True,0.049528735195805806,-0.03006059412421558,-0.0006189010516667315,True,False,True
515050.SH,2026-04-08,2026-06-30,0.8179803718328477,1.3353956123828885,2026-03-31,2026-06-25,5,3,55,0.06369360003453828,0.7592109298002494,-0.07199749642268616,0.8453665738405891,False,0.34477557374278933,0.34477557374278933,-0.001045099259736948,False,False,False
