review_date,pool_size,additions,removals,members
2018-07-02,4,,,159915.SZ|510300.SH|510500.SH|518880.SH
2019-01-02,4,,,159915.SZ|510300.SH|510500.SH|518880.SH
2019-07-01,4,,,159915.SZ|510300.SH|510500.SH|518880.SH
2020-01-02,5,512800.SH:银行ETF华宝,,159915.SZ|510300.SH|510500.SH|512800.SH|518880.SH
2020-07-01,7,512660.SH:军工ETF国泰|513500.SH:标普500ETF博时,,159915.SZ|510300.SH|510500.SH|512660.SH|512800.SH|513500.SH|518880.SH
2021-01-04,8,512010.SH:医药ETF易方达,,159915.SZ|510300.SH|510500.SH|512010.SH|512660.SH|512800.SH|513500.SH|518880.SH
2021-07-01,12,510880.SH:红利ETF华泰柏瑞|512400.SH:有色金属ETF南方|512690.SH:酒ETF鹏华|512760.SH:芯片ETF国泰,,159915.SZ|510300.SH|510500.SH|510880.SH|512010.SH|512400.SH|512660.SH|512690.SH|512760.SH|512800.SH|513500.SH|518880.SH
2022-01-04,16,512070.SH:证券保险ETF易方达|512200.SH:房地产ETF南方|512980.SH:传媒ETF广发|515050.SH:通信ETF华夏,,159915.SZ|510300.SH|510500.SH|510880.SH|512010.SH|512070.SH|512200.SH|512400.SH|512660.SH|512690.SH|512760.SH|512800.SH|512980.SH|513500.SH|515050.SH|518880.SH
2022-07-01,21,159996.SZ:家电ETF国泰|512100.SH:中证1000ETF南方|513090.SH:香港证券ETF易方达|515210.SH:钢铁ETF国泰|515220.SH:煤炭ETF国泰,,159915.SZ|159996.SZ|510300.SH|510500.SH|510880.SH|512010.SH|512070.SH|512100.SH|512200.SH|512400.SH|512660.SH|512690.SH|512760.SH|512800.SH|512980.SH|513090.SH|513500.SH|515050.SH|515210.SH|515220.SH|518880.SH
2023-01-03,23,159819.SZ:人工智能ETF易方达|515790.SH:光伏ETF华泰柏瑞,,159819.SZ|159915.SZ|159996.SZ|510300.SH|510500.SH|510880.SH|512010.SH|512070.SH|512100.SH|512200.SH|512400.SH|512660.SH|512690.SH|512760.SH|512800.SH|512980.SH|513090.SH|513500.SH|515050.SH|515210.SH|515220.SH|515790.SH|518880.SH
2023-07-03,32,159745.SZ:建材ETF国泰|159755.SZ:电池ETF广发|159766.SZ:旅游ETF富国|159865.SZ:养殖ETF国泰|159869.SZ:游戏ETF华夏|159941.SZ:纳指ETF广发|513130.SH:恒生科技ETF华泰柏瑞|516150.SH:稀土ETF嘉实|516970.SH:基建ETF广发,,159745.SZ|159755.SZ|159766.SZ|159819.SZ|159865.SZ|159869.SZ|159915.SZ|159941.SZ|159996.SZ|510300.SH|510500.SH|510880.SH|512010.SH|512070.SH|512100.SH|512200.SH|512400.SH|512660.SH|512690.SH|512760.SH|512800.SH|512980.SH|513090.SH|513130.SH|513500.SH|515050.SH|515210.SH|515220.SH|515790.SH|516150.SH|516970.SH|518880.SH
2024-01-02,34,159611.SZ:电力ETF广发|159985.SZ:豆粕ETF华夏,,159611.SZ|159745.SZ|159755.SZ|159766.SZ|159819.SZ|159865.SZ|159869.SZ|159915.SZ|159941.SZ|159985.SZ|159996.SZ|510300.SH|510500.SH|510880.SH|512010.SH|512070.SH|512100.SH|512200.SH|512400.SH|512660.SH|512690.SH|512760.SH|512800.SH|512980.SH|513090.SH|513130.SH|513500.SH|515050.SH|515210.SH|515220.SH|515790.SH|516150.SH|516970.SH|518880.SH
2024-07-01,37,159647.SZ:中药ETF鹏华|513200.SH:港股通医药ETF易方达|562500.SH:机器人ETF华夏,,159611.SZ|159647.SZ|159745.SZ|159755.SZ|159766.SZ|159819.SZ|159865.SZ|159869.SZ|159915.SZ|159941.SZ|159985.SZ|159996.SZ|510300.SH|510500.SH|510880.SH|512010.SH|512070.SH|512100.SH|512200.SH|512400.SH|512660.SH|512690.SH|512760.SH|512800.SH|512980.SH|513090.SH|513130.SH|513200.SH|513500.SH|515050.SH|515210.SH|515220.SH|515790.SH|516150.SH|516970.SH|518880.SH|562500.SH
2025-01-02,39,513310.SH:中韩半导体ETF华泰柏瑞|513520.SH:日经ETF华夏,,159611.SZ|159647.SZ|159745.SZ|159755.SZ|159766.SZ|159819.SZ|159865.SZ|159869.SZ|159915.SZ|159941.SZ|159985.SZ|159996.SZ|510300.SH|510500.SH|510880.SH|512010.SH|512070.SH|512100.SH|512200.SH|512400.SH|512660.SH|512690.SH|512760.SH|512800.SH|512980.SH|513090.SH|513130.SH|513200.SH|513310.SH|513500.SH|513520.SH|515050.SH|515210.SH|515220.SH|515790.SH|516150.SH|516970.SH|518880.SH|562500.SH
2025-07-01,41,512040.SH:价值100ETF富国|513030.SH:德国ETF华安|513530.SH:港股通红利ETF华泰柏瑞,159745.SZ:建材ETF国泰,159611.SZ|159647.SZ|159755.SZ|159766.SZ|159819.SZ|159865.SZ|159869.SZ|159915.SZ|159941.SZ|159985.SZ|159996.SZ|510300.SH|510500.SH|510880.SH|512010.SH|512040.SH|512070.SH|512100.SH|512200.SH|512400.SH|512660.SH|512690.SH|512760.SH|512800.SH|512980.SH|513030.SH|513090.SH|513130.SH|513200.SH|513310.SH|513500.SH|513520.SH|513530.SH|515050.SH|515210.SH|515220.SH|515790.SH|516150.SH|516970.SH|518880.SH|562500.SH
2026-01-05,40,,159647.SZ:中药ETF鹏华,159611.SZ|159755.SZ|159766.SZ|159819.SZ|159865.SZ|159869.SZ|159915.SZ|159941.SZ|159985.SZ|159996.SZ|510300.SH|510500.SH|510880.SH|512010.SH|512040.SH|512070.SH|512100.SH|512200.SH|512400.SH|512660.SH|512690.SH|512760.SH|512800.SH|512980.SH|513030.SH|513090.SH|513130.SH|513200.SH|513310.SH|513500.SH|513520.SH|513530.SH|515050.SH|515210.SH|515220.SH|515790.SH|516150.SH|516970.SH|518880.SH|562500.SH
2026-07-01,42,159851.SZ:金融科技ETF华宝|159981.SZ:能源化工ETF建信,,159611.SZ|159755.SZ|159766.SZ|159819.SZ|159851.SZ|159865.SZ|159869.SZ|159915.SZ|159941.SZ|159981.SZ|159985.SZ|159996.SZ|510300.SH|510500.SH|510880.SH|512010.SH|512040.SH|512070.SH|512100.SH|512200.SH|512400.SH|512660.SH|512690.SH|512760.SH|512800.SH|512980.SH|513030.SH|513090.SH|513130.SH|513200.SH|513310.SH|513500.SH|513520.SH|513530.SH|515050.SH|515210.SH|515220.SH|515790.SH|516150.SH|516970.SH|518880.SH|562500.SH
